account_id,first_name,last_name,email,age,gender
1,Brandea,Tustin,btustin0@flavors.me,35,F
2,Chanda,Joynson,cjoynson1@wikispaces.com,39 years,Female
3,Jaime,Tilburn,jtilburn2@who.int,50,Female
4,Kyla,Haily,khaily3@usa.gov,27 years,F
5,Frasco,Farge,ffarge4@indiatimes.com,29,Male
6,Carolus,Curcher,ccurcher5@samsung.com,41,Male
7,Alec,Meyrick,ameyrick6@cargocollective.com,47,Male
8,Verne,Lecky,vlecky7@google.ru,53,Male
9,Lorne,Ginity,lginity8@answers.com,37,
10,Shelby,Toulch,stoulch9@narod.ru,38,
11,Geno,Sommerfeld,gsommerfelda@springer.com,31,M
12,Mia,Orritt,morrittb@washingtonpost.com,23 years,Female
13,Rosie,Harse,rharsec@earthlink.net,22,F
14,Tamas,Pennicott,tpennicottd@amazon.co.uk,61,M
15,Khalil,Kubes,kkubese@issuu.com,0,
16,Shae,Capponeer,scapponeerf@arstechnica.com,35,M
17,Morrie,Clews,mclewsg@studiopress.com,24 years,Male
18,Talyah,d'Escoffier,tdescoffierh@qq.com,37,Female
19,Brendon,Mac Geaney,bmacgeaneyi@w3.org,0,
20,Alfy,Testo,atestoj@last.fm,23 years,M
21,Ruddy,Norkutt,rnorkuttk@ox.ac.uk,24,M
22,Glory,Binks,gbinksl@desdev.cn,50 years,Female
23,Constantin,Ganning,cganningm@dedecms.com,65,Male
24,Nikita,Ohm,nohmn@cdc.gov,60,Male
25,Regan,Sellor,rselloro@eventbrite.com,19,Male
26,Shelia,Dovydenas,sdovydenasp@elegantthemes.com,53 years,Female
27,Ramonda,Wathan,rwathanq@va.gov,31,
28,Sayers,McMoyer,smcmoyerr@berkeley.edu,54,
29,Merissa,Greggersen,mgreggersens@nasa.gov,38 years,Female
30,Forster,Copas,fcopast@yahoo.com,61 years,Male
31,Kordula,Ganny,kgannyu@squidoo.com,64,
32,Meggy,Whitsey,mwhitseyv@dropbox.com,59 years,Female
33,Richardo,Rissom,rrissomw@qq.com,58,Male
34,Daisie,Atger,datgerx@cpanel.net,41,F
35,Sheilakathryn,Sehorsch,ssehorschy@telegraph.co.uk,31,Female
36,Meier,Quarry,mquarryz@infoseek.co.jp,0,Male
37,Elke,Kenford,ekenford10@indiegogo.com,55,Female
38,Fabio,Wigg,fwigg11@bigcartel.com,58,Male
39,Beauregard,Hunnicot,bhunnicot12@ftc.gov,19 years,Male
40,Wesley,Best,wbest13@tuttocitta.it,28,M
41,Ashley,Harrowing,aharrowing14@wikispaces.com,49,Female
42,Marchall,Gold,mgold15@istockphoto.com,61 years,Male
43,Audre,Dolley,adolley16@vimeo.com,56,F
44,Liliane,Trowl,ltrowl17@upenn.edu,35,Female
45,Ferdinand,Arnason,farnason18@state.gov,57,Male
46,Falito,Hoggins,fhoggins19@amazon.co.jp,37,M
47,Catlaina,Woonton,cwoonton1a@google.cn,40,Female
48,Pat,Dalrymple,pdalrymple1b@theatlantic.com,61,F
49,Shina,Dallywater,sdallywater1c@wikia.com,18,F
50,Kerri,Roby,kroby1d@google.de,36 years,Female
51,Mirabella,McBrearty,mmcbrearty1e@vkontakte.ru,0,F
52,Amery,Pamphilon,apamphilon1f@lycos.com,43 years,Male
53,Arleta,Mazonowicz,amazonowicz1g@smugmug.com,51,
54,Darrelle,Andrich,dandrich1h@wordpress.com,23,F
55,Gabi,Sweetland,gsweetland1i@domainmarket.com,34,Female
56,Brittani,Scrafton,bscrafton1j@spiegel.de,0,
57,Milzie,Townend,mtownend1k@seattletimes.com,28,
58,Wright,Palk,wpalk1l@people.com.cn,48 years,
59,Amandie,Viollet,aviollet1m@google.es,53,F
60,Naomi,Pauncefoot,npauncefoot1n@who.int,33 years,Female
61,Chaddy,Cassley,ccassley1o@macromedia.com,63,M
62,Rikki,Kenderdine,rkenderdine1p@wix.com,26,Female
63,Lotty,Pittaway,lpittaway1q@goo.ne.jp,53,Female
64,Junia,Oscroft,joscroft1r@ihg.com,55,Female
65,Owen,Brideoke,obrideoke1s@themeforest.net,56,
66,Curcio,Dymott,cdymott1t@patch.com,37,M
67,Perren,Bletsoe,pbletsoe1u@scientificamerican.com,29 years,M
68,Pru,Duplain,pduplain1v@baidu.com,54,
69,Orelle,Iwanicki,oiwanicki1w@bandcamp.com,26,Female
70,Amelita,Still,astill1x@twitpic.com,36 years,F
71,Shayne,Ulrik,sulrik1y@dion.ne.jp,29,Male
72,Pierre,Kilshaw,pkilshaw1z@goo.ne.jp,0,
73,Devina,Bentley,dbentley20@icq.com,37,Female
74,Tremayne,Ingreda,tingreda21@businesswire.com,45,Male
75,Rosalie,Haighton,rhaighton22@gmpg.org,52,Female
76,Ilka,Klee,iklee23@ucoz.com,42 years,Female
77,Allyn,Danilov,adanilov24@yellowbook.com,59,Male
78,Hollie,Brotherhood,hbrotherhood25@godaddy.com,42 years,
79,Wilton,Gould,wgould26@tripod.com,28,Male
80,Cathlene,Gable,cgable27@google.pl,54,Female
81,Dulcine,Davydoch,ddavydoch28@stumbleupon.com,29,
82,Nola,Buddington,nbuddington29@quantcast.com,62,Female
83,Sari,Haslock,shaslock2a@hud.gov,28,Female
84,Mae,Spyby,mspyby2b@mit.edu,52,F
85,Manya,Sandeman,msandeman2c@hp.com,55 years,Female
86,Ina,Thorsby,ithorsby2d@latimes.com,55,F
87,Upton,Whopples,uwhopples2e@uiuc.edu,48,Male
88,Moises,Drinnan,mdrinnan2f@bravesites.com,42,M
89,Park,Camplin,pcamplin2g@google.com.au,47,Male
90,Rutledge,Scoates,rscoates2h@ca.gov,0,Male
91,Tiphanie,Bardey,tbardey2i@squidoo.com, years,Female
92,Jarib,Marjot,jmarjot2j@noaa.gov,32,M
93,Yettie,Petriello,ypetriello2k@imgur.com,0,Female
94,Alexandro,Stetlye,astetlye2l@nbcnews.com,32,M
95,Uriah,Ceillier,uceillier2m@cnbc.com,50,Male
96,Rodie,Blincoe,rblincoe2n@smugmug.com,62,Female
97,Korey,Leefe,kleefe2o@unc.edu,65,Male
98,Walsh,Papworth,wpapworth2p@pinterest.com,65 years,Male
99,Emmy,Simion,esimion2q@abc.net.au,37 years,Female
100,Chad,Lounds,clounds2r@shinystat.com,0,Male
101,Mavis,Raeburn,mraeburn2s@php.net,44,F
102,Reinold,Balcock,rbalcock2t@pbs.org,18 years,
103,Hewe,Caunce,hcaunce2u@aboutads.info,54 years,Male
104,Ned,Girardy,ngirardy2v@reference.com,0,Male
105,Klemens,Goulborne,kgoulborne2w@myspace.com,59 years,Male
106,Tuckie,Athy,tathy2x@cpanel.net,56,M
107,Blanche,Armes,barmes2y@google.com.br,54,Female
108,Giulietta,Leathlay,gleathlay2z@shinystat.com,39,Female
109,Joli,Sowden,jsowden30@networkadvertising.org,21,F
110,Cecilius,Maruska,cmaruska31@ifeng.com,50,Male
111,Arman,Mockford,amockford32@thetimes.co.uk,23,Male
112,Aubrey,Clarricoates,aclarricoates33@engadget.com,22 years,Male
113,Edin,Greenan,egreenan34@google.it,18 years,Female
114,Becky,Ableson,bableson35@behance.net, years,Female
115,Burt,Jellard,bjellard36@yellowbook.com,29,Male
116,Montgomery,Klimowicz,mklimowicz37@businessweek.com,44,Male
117,Maddy,Lenney,mlenney38@sphinn.com,55 years,Male
118,Deny,Hartshorne,dhartshorne39@nps.gov,62,Female
119,Amargo,Drewry,adrewry3a@cnn.com,52,Female
120,Ertha,Bernaert,ebernaert3b@live.com,22,Female
121,Jania,Nizard,jnizard3c@elegantthemes.com,52 years,Female
122,Hildagard,Pallin,hpallin3d@un.org,31,F
123,Dolli,Weymont,dweymont3e@typepad.com,63 years,Female
124,Nealson,Haxley,nhaxley3f@dell.com,39,
125,Allison,Dressell,adressell3g@reverbnation.com,0,Female
126,Rosalinda,McClements,rmcclements3h@vimeo.com,40,Female
127,Jenny,Greatorex,jgreatorex3i@liveinternet.ru,50 years,F
128,Kristin,Mattholie,kmattholie3j@feedburner.com,46,Female
129,Heywood,Agneau,hagneau3k@youtube.com,38,Male
130,Talbert,Fidock,tfidock3l@mapy.cz,32 years,Male
131,Shelba,Marmyon,smarmyon3m@istockphoto.com,0,
132,Vi,King,vking3n@sogou.com,33 years,Female
133,Derrik,Borgesio,dborgesio3o@nydailynews.com,36,Male
134,Marylee,Putman,mputman3p@livejournal.com,22,Female
135,Karisa,Vauter,kvauter3q@omniture.com,56,Female
136,Carissa,Kirby,ckirby3r@themeforest.net,28,Female
137,Michell,Rust,mrust3s@npr.org,28,Female
138,Ray,Coldbreath,rcoldbreath3t@booking.com,18,Male
139,Udell,Alelsandrovich,ualelsandrovich3u@dell.com,59,M
140,Trent,Jeannin,tjeannin3v@jimdo.com,29,Male
141,Goraud,Rous,grous3w@ted.com,23 years,Male
142,Dael,Scawn,dscawn3x@wix.com,52,M
143,Cornie,Bolan,cbolan3y@blog.com,62,Female
144,Emile,Timlett,etimlett3z@sakura.ne.jp,64,M
145,Luz,Hoxey,lhoxey40@time.com,39,
146,Donelle,Lawes,dlawes41@usa.gov,39,Female
147,Corabel,Spellacy,cspellacy42@yelp.com,43 years,Female
148,Hamlen,Korn,hkorn43@flickr.com,43,Male
149,Raye,Beaney,rbeaney44@nps.gov,27,Female
150,Eachelle,Smeeton,esmeeton45@skype.com,38,
151,Frasquito,Flooks,fflooks46@spotify.com,20,Male
152,Korella,Landon,klandon47@wikispaces.com,20,Female
153,Darda,Doorey,ddoorey48@feedburner.com,47,
154,Dyanna,Laverick,dlaverick49@cbsnews.com, years,Female
155,Zorine,Lagneaux,zlagneaux4a@tmall.com, years,Female
156,Kienan,Cowdrey,kcowdrey4b@about.me,48,Male
157,Gabriella,Costigan,gcostigan4c@ibm.com,48 years,
158,Pollyanna,Mounfield,pmounfield4d@uol.com.br,23 years,Female
159,Dewie,Nanson,dnanson4e@ucoz.ru,54,Male
160,Katine,Matovic,kmatovic4f@themeforest.net,58,Female
161,Denver,McNeilley,dmcneilley4g@time.com,25 years,Male
162,Fulvia,Ackery,fackery4h@bing.com,0,Female
163,Sada,Garham,sgarham4i@google.com,38,Female
164,Coreen,Stutte,cstutte4j@salon.com,0,Female
165,Daffie,Scarlett,dscarlett4k@ask.com, years,Female
166,Kenon,Blazewski,kblazewski4l@alexa.com,0,Male
167,Michel,Sworn,msworn4m@wix.com,23,F
168,Morganica,Leys,mleys4n@cbslocal.com,54,F
169,Meggie,Chadderton,mchadderton4o@wiley.com,48 years,
170,Ross,Betteridge,rbetteridge4p@tripadvisor.com,51 years,
171,Cissy,Londsdale,clondsdale4q@rakuten.co.jp,26,
172,Clayborne,Tubridy,ctubridy4r@cam.ac.uk,32,Male
173,Lyndel,Pattisson,lpattisson4s@hugedomains.com,33,Female
174,Kipp,Cawt,kcawt4t@newsvine.com,43,Female
175,Josefina,Crowcher,jcrowcher4u@jugem.jp,33,F
176,Kala,Tyne,ktyne4v@yolasite.com,34,F
177,Dorine,Lauxmann,dlauxmann4w@devhub.com,28,Female
178,Dusty,Guido,dguido4x@cdc.gov,23,Female
179,Georg,Marshall,gmarshall4y@ebay.com,35,M
180,Clay,Eydel,ceydel4z@ovh.net,36,Male
181,Audy,Tolle,atolle50@networksolutions.com,39 years,Female
182,Jaquith,Helks,jhelks51@berkeley.edu,0,Female
183,Catina,Haeslier,chaeslier52@cdc.gov,48,Female
184,Tamarah,Mousley,tmousley53@facebook.com,18,Female
185,Emmanuel,Bergeau,ebergeau54@privacy.gov.au,29,Male
186,Ford,Giroldo,fgiroldo55@mlb.com,54,Male
187,Angel,Valadez,avaladez56@nasa.gov,48,Female
188,Brook,Baggiani,bbaggiani57@chronoengine.com,54 years,Male
189,Roxine,Nevins,rnevins58@baidu.com,21,Female
190,Edita,Di Meo,edimeo59@sbwire.com,49,
191,Alanson,Aitken,aaitken5a@cornell.edu,54 years,Male
192,Clywd,Eastway,ceastway5b@nifty.com,43,Male
193,Hartwell,Habbema,hhabbema5c@seesaa.net,18,Male
194,Thain,De Mico,tdemico5d@icq.com,22,Male
195,Stan,Spedroni,sspedroni5e@hibu.com,0,M
196,Ashia,Neeve,aneeve5f@163.com,47,Female
197,Rodi,Feragh,rferagh5g@1und1.de,37,Female
198,Marleah,Plows,mplows5h@wp.com,57,Female
199,Ashley,Tattoo,atattoo5i@free.fr,34,Male
200,Avrit,Looney,alooney5j@myspace.com,50,Female
201,Zorine,Bortolotti,zbortolotti5k@ifeng.com,19,Female
202,Jess,Hukin,jhukin5l@sina.com.cn,0,
203,Elena,Lyptrit,elyptrit5m@nsw.gov.au,34,Female
204,Dori,Pockey,dpockey5n@usnews.com,54,Female
205,Claiborne,Mosby,cmosby5o@ucoz.com,0,Male
206,Anthiathia,Haydon,ahaydon5p@spotify.com,60,Female
207,Carleen,Clows,cclows5q@cocolog-nifty.com,34,
208,Nissy,Deeprose,ndeeprose5r@loc.gov,42,Female
209,Lu,Birds,lbirds5s@nsw.gov.au,26 years,Female
210,Marchall,Charge,mcharge5t@privacy.gov.au,45 years,Male
211,Harmon,Turpin,hturpin5u@msn.com,0,Male
212,Dierdre,Stride,dstride5v@howstuffworks.com,49 years,Female
213,Shani,Hele,shele5w@dion.ne.jp,45,Female
214,Rutledge,Wettern,rwettern5x@yelp.com,42,Male
215,Shanon,MacGebenay,smacgebenay5y@mozilla.com,65,
216,Berk,Arnson,barnson5z@aol.com,42 years,Male
217,Dick,Aristide,daristide60@prweb.com,0,M
218,Rancell,Smidmore,rsmidmore61@mit.edu,35,Male
219,Walther,Eller,weller62@exblog.jp,60 years,
220,Cody,Nail,cnail63@tinypic.com,59,Male
221,Carl,Braham,cbraham64@theatlantic.com,65,M
222,Alaine,Rubinov,arubinov65@mapquest.com,49,Female
223,Lew,Kubista,lkubista66@telegraph.co.uk,18,Male
224,Brigham,Laurentin,blaurentin67@about.me,61,M
225,Karina,Owtram,kowtram68@bandcamp.com,58,Female
226,Ainsley,Ciccarello,aciccarello69@huffingtonpost.com,22,Female
227,Sonny,Abrehart,sabrehart6a@printfriendly.com,41,
228,Dev,Edler,dedler6b@whitehouse.gov,21,Male
229,Taryn,Charge,tcharge6c@cisco.com,42,F
230,Erie,Eyre,eeyre6d@addtoany.com,30,Male
231,Jaymie,Geaves,jgeaves6e@indiatimes.com,52 years,Male
232,Gretta,Steynor,gsteynor6f@techcrunch.com,48,Female
233,Verney,Dunrige,vdunrige6g@nps.gov,57,Male
234,Roddy,Beloe,rbeloe6h@storify.com,36,M
235,Darleen,Kingaby,dkingaby6i@constantcontact.com,64,Female
236,Rosy,Di Baudi,rdibaudi6j@sogou.com,0,Female
237,Brose,Malpass,bmalpass6k@friendfeed.com,64 years,Male
238,Gerrie,Weddell,gweddell6l@fastcompany.com,59,Male
239,Monah,Leebeter,mleebeter6m@wufoo.com,51 years,Female
240,Micky,Lautie,mlautie6n@redcross.org,56,Female
241,Alanson,McAdam,amcadam6o@sohu.com,18,Male
242,Patrizia,Theyer,ptheyer6p@kickstarter.com,64,
243,Benedick,Tysall,btysall6q@gnu.org,19,
244,Philbert,Pollins,ppollins6r@cornell.edu,23,Male
245,Crysta,Human,chuman6s@bing.com, years,Female
246,Carolan,Keford,ckeford6t@google.com.hk,59,Female
247,Ave,Rumble,arumble6u@quantcast.com,29 years,Male
248,Gayelord,Ciraldo,gciraldo6v@com.com,36,
249,Farleigh,Vile,fvile6w@wikia.com,0,
250,Erik,Bradlaugh,ebradlaugh6x@cbc.ca,48 years,Male
251,Glenda,Giron,ggiron6y@webmd.com,26 years,Female
252,Leupold,Amyes,lamyes6z@examiner.com,41,Male
253,Malachi,Berthot,mberthot70@hugedomains.com,0,M
254,Suzanne,Goddard,sgoddard71@multiply.com,18,F
255,Cyndi,Eastam,ceastam72@meetup.com,50 years,Female
256,Gasparo,Loody,gloody73@fema.gov,58,
257,Ezra,Kimblen,ekimblen74@wordpress.com,34,Male
258,Oby,Nappin,onappin75@economist.com,36,Male
259,Sophi,Ettels,settels76@nationalgeographic.com,64,F
260,Nial,Fetherston,nfetherston77@youtu.be, years,Male
261,Gauthier,Maplethorpe,gmaplethorpe78@eepurl.com,0,M
262,Chico,Gait,cgait79@mapy.cz,0,Male
263,Ginnie,Basill,gbasill7a@squidoo.com,30,
264,Kleon,Rist,krist7b@godaddy.com,45,Male
265,Persis,Itchingham,pitchingham7c@ehow.com,31,Female
266,Augy,Doige,adoige7d@eepurl.com,58,
267,Maible,Kerin,mkerin7e@sciencedirect.com,0,Female
268,Mab,Barhams,mbarhams7f@dion.ne.jp,45,Female
269,Lisetta,Collyear,lcollyear7g@goo.ne.jp,57,Female
270,Araldo,Bluett,abluett7h@home.pl,21,Male
271,Sharl,Mullis,smullis7i@amazon.com,46,Female
272,Lemmie,McGrane,lmcgrane7j@google.com.au,0,Male
273,Mick,Devorill,mdevorill7k@yahoo.co.jp,60,Male
274,Franciska,Ianinotti,fianinotti7l@1688.com,51,F
275,Richmound,Fones,rfones7m@youtube.com,21,M
276,Marline,Dracey,mdracey7n@ft.com,59 years,Female
277,Blaine,Dentith,bdentith7o@omniture.com,25,Male
278,Forster,Feldmark,ffeldmark7p@techcrunch.com,18,Male
279,Gusta,Levings,glevings7q@vimeo.com,41 years,Female
280,Anna,Benedick,abenedick7r@upenn.edu, years,Female
281,Bibby,Moulsdale,bmoulsdale7s@tinyurl.com,39,Female
282,Novelia,Vesty,nvesty7t@jalbum.net,31,
283,Ford,Trenholm,ftrenholm7u@instagram.com,54 years,Male
284,Read,Healey,rhealey7v@umich.edu,0,Male
285,Kym,Looney,klooney7w@fastcompany.com,25,Female
286,Garwin,Liddall,gliddall7x@washington.edu,25,Male
287,Leon,Caras,lcaras7y@soundcloud.com,29,Male
288,Pearle,Moakes,pmoakes7z@hao123.com,24,F
289,Analiese,Kirkhouse,akirkhouse80@t.co,44,Female
290,Tobi,Fleckney,tfleckney81@diigo.com,50,Female
291,Mendie,Crathorne,mcrathorne82@microsoft.com,64,Male
292,Culver,Skelington,cskelington83@freewebs.com,64,Male
293,Alexio,Mauser,amauser84@reddit.com,0,Male
294,Angelita,Godman,agodman85@mashable.com,29,Female
295,Minor,Le Noir,mlenoir86@bloomberg.com,56,M
296,Hobey,Santello,hsantello87@shutterfly.com,44,Male
297,Ruthy,Lewsie,rlewsie88@kickstarter.com,49,Female
298,Justen,Neely,jneely89@quantcast.com,0,
299,Ninetta,Castelain,ncastelain8a@twitpic.com,0,Female
300,Suki,Skegg,sskegg8b@blogger.com,43,Female
301,Morrie,Britland,mbritland8c@umich.edu,48,Male
302,Fransisco,Devenny,fdevenny8d@is.gd,42,
303,Laina,McColley,lmccolley8e@comsenz.com, years,F
304,Keslie,Jecks,kjecks8f@auda.org.au,44,F
305,Brigg,Addlestone,baddlestone8g@unblog.fr,0,Male
306,Ode,Booth-Jarvis,oboothjarvis8h@vistaprint.com,26,
307,Jeramey,Haill,jhaill8i@tamu.edu,56,M
308,Gavrielle,Manlow,gmanlow8j@jigsy.com,0,F
309,Netta,Summerton,nsummerton8k@mayoclinic.com,0,
310,Eddie,Konig,ekonig8l@shareasale.com, years,Female
311,Gasper,Ramalho,gramalho8m@springer.com,0,Male
312,Karina,Outibridge,koutibridge8n@rediff.com,61,F
313,Redford,Mell,rmell8o@abc.net.au,30,M
314,Luther,Macconaghy,lmacconaghy8p@pinterest.com,51,
315,Karoly,Gowans,kgowans8q@wired.com,0,Male
316,Mark,Wharram,mwharram8r@scientificamerican.com,0,Male
317,Dionysus,Every,devery8s@foxnews.com,55,Male
318,Meredithe,Bussen,mbussen8t@china.com.cn,0,F
319,Augy,Duggan,aduggan8u@com.com,31,Male
320,Marylou,Wrench,mwrench8v@360.cn,39,Female
321,Cassie,Belle,cbelle8w@about.com,42 years,Female
322,Guthry,Crix,gcrix8x@wikia.com,63,
323,Harman,Frenchum,hfrenchum8y@t-online.de,42 years,Male
324,Jacqueline,Coton,jcoton8z@sina.com.cn,56,Female
325,Lib,Searles,lsearles90@dyndns.org,0,Female
326,Bayard,Guidi,bguidi91@quantcast.com,0,Male
327,Tabatha,Meadley,tmeadley92@cpanel.net,23,Female
328,Theodora,Carnalan,tcarnalan93@epa.gov,44 years,Female
329,Ewan,Tuddenham,etuddenham94@yandex.ru,52 years,Male
330,Andi,Gidney,agidney95@google.com.au,30,Female
331,Janine,Romanetti,jromanetti96@oakley.com,48 years,Female
332,Gavin,Meenehan,gmeenehan97@fc2.com,20,M
333,Eugine,Brotherwood,ebrotherwood98@ask.com,27,Female
334,Sumner,McGairl,smcgairl99@aol.com,21,Male
335,Lay,Eliez,leliez9a@github.com,53,Male
336,Gwenore,Storm,gstorm9b@businesswire.com,47,Female
337,Barnie,Clover,bclover9c@bravesites.com,26,
338,Corbett,Peplow,cpeplow9d@naver.com,18,M
339,Pollyanna,Scarman,pscarman9e@webnode.com,28,
340,Fitz,Dowdeswell,fdowdeswell9f@addtoany.com,26,Male
341,Kitti,Ausiello,kausiello9g@studiopress.com,53,Female
342,Ethelbert,Rubinovitch,erubinovitch9h@dropbox.com,40 years,Male
343,Booth,Drysdale,bdrysdale9i@hp.com,43,Male
344,Morris,Rove,mrove9j@fc2.com,52,Male
345,Casandra,Storm,cstorm9k@usnews.com,27,Female
346,Elwin,Sagg,esagg9l@moonfruit.com,33 years,Male
347,Belita,Colleer,bcolleer9m@dagondesign.com,19,Female
348,Iver,Thornley,ithornley9n@miibeian.gov.cn, years,Male
349,Wilek,Morfield,wmorfield9o@tiny.cc,49 years,Male
350,Jewell,Pie,jpie9p@blogs.com,20 years,Female
351,Doralin,Chisnell,dchisnell9q@goo.ne.jp,19,Female
352,Lib,Vaskin,lvaskin9r@flavors.me,0,F
353,Farrand,Dufoure,fdufoure9s@vistaprint.com,48,Female
354,Cinda,Vaskin,cvaskin9t@amazon.com,43,Female
355,Hank,Blakebrough,hblakebrough9u@e-recht24.de,20 years,Male
356,Emmaline,Thredder,ethredder9v@mail.ru,22 years,Female
357,Raleigh,Symons,rsymons9w@hostgator.com,62 years,
358,Tanner,Brise,tbrise9x@free.fr,61,M
359,Nat,Edmeades,nedmeades9y@cnet.com,40,Female
360,Massimiliano,Acarson,macarson9z@soundcloud.com,46,Male
361,Catina,Piff,cpiffa0@noaa.gov,34,Female
362,Danika,Gaiger,dgaigera1@moonfruit.com,53,Female
363,Una,Nowell,unowella2@tmall.com,41,Female
364,Sammy,Gowdridge,sgowdridgea3@comsenz.com,33,Male
365,Trixie,Reeves,treevesa4@un.org,34,Female
366,Michail,Doulden,mdouldena5@wordpress.org,63,Male
367,Ulrick,Monteith,umonteitha6@bigcartel.com,58,Male
368,Elston,Dalziel,edalziela7@netscape.com,52,M
369,Berkley,Crangle,bcranglea8@sciencedirect.com,0,Male
370,Cicely,O'Scandall,coscandalla9@cmu.edu,26 years,
371,Salome,Pimme,spimmeaa@howstuffworks.com,31,Female
372,Zsa zsa,Luckings,zluckingsab@slate.com,46,Female
373,Eberto,Porrett,eporrettac@usnews.com,24 years,Male
374,Jacynth,MacAlister,jmacalisterad@simplemachines.org,57 years,F
375,Salomone,Shrimpling,sshrimplingae@furl.net,34,M
376,Bekki,Few,bfewaf@webnode.com,47,Female
377,Cori,Lettson,clettsonag@t.co,29,Male
378,Antonia,Thomen,athomenah@list-manage.com,52,Female
379,Elisabeth,de Verson,edeversonai@usnews.com,25,Female
380,Fabe,Lowfill,flowfillaj@de.vu,46,Male
381,Elwood,Hamberstone,ehamberstoneak@goo.ne.jp,18,
382,Giovanni,Kimmince,gkimminceal@sourceforge.net,28 years,
383,Roselle,Bower,rboweram@diigo.com,54,Female
384,Rorie,Kier,rkieran@fda.gov,50 years,Female
385,Gifford,Beament,gbeamentao@freewebs.com,53,M
386,Birgitta,McCleary,bmcclearyap@wix.com,36,Female
387,Minor,Hunnicot,mhunnicotaq@blogspot.com,54,Male
388,Bernette,Back,bbackar@elpais.com,61,Female
389,Oliviero,Penbarthy,openbarthyas@howstuffworks.com,49,Male
390,Chicky,Mechic,cmechicat@amazon.co.jp,0,Female
391,Adams,Gjerde,agjerdeau@discuz.net,34 years,Male
392,Ronald,Leadston,rleadstonav@webeden.co.uk,18,Male
393,Corbie,Teasdale,cteasdaleaw@com.com,31 years,M
394,Yorke,Diggell,ydiggellax@buzzfeed.com,55,
395,Carlie,Le Monnier,clemonnieray@imdb.com,48,Male
396,Heather,Andreichik,handreichikaz@biblegateway.com,61,Female
397,Emory,Carrington,ecarringtonb0@pinterest.com,62 years,Male
398,Myrah,Hessel,mhesselb1@state.tx.us,39,Female
399,Cordey,Sievewright,csievewrightb2@marketwatch.com,43 years,Female
400,Kiley,Pynner,kpynnerb3@bbb.org,57,Female
401,Ingaberg,Vankov,ivankovb4@abc.net.au,27,F
402,Valdemar,Furness,vfurnessb5@theglobeandmail.com,45,Male
403,Cassandre,Mallabone,cmallaboneb6@digg.com,35,Female
404,Eleni,Mixhel,emixhelb7@harvard.edu,38,Female
405,Blinnie,Dallaway,bdallawayb8@cornell.edu,56,
406,Stephan,Geipel,sgeipelb9@umich.edu,45,Male
407,Jermaine,Hurlestone,jhurlestoneba@ustream.tv,60,Female
408,Meg,Sidnall,msidnallbb@homestead.com,25 years,F
409,Aileen,Folshom,afolshombc@dailymotion.com,62,Female
410,Bathsheba,Sharpe,bsharpebd@smugmug.com,0,F
411,Carie,Gasquoine,cgasquoinebe@geocities.jp,39 years,Female
412,Wilden,Rutland,wrutlandbf@xing.com,61,Male
413,Ethelbert,Ubsdall,eubsdallbg@sbwire.com,56,Male
414,Goldia,Varty,gvartybh@flickr.com,35,F
415,Isidor,Balsom,ibalsombi@freewebs.com,0,Male
416,Zack,Baurerich,zbaurerichbj@wsj.com, years,Male
417,Jabez,Orneblow,jorneblowbk@businesswire.com,56,Male
418,Valle,Hold,vholdbl@infoseek.co.jp,48,Male
419,Ginnifer,Vell,gvellbm@gizmodo.com,40,Female
420,Anatola,McShirrie,amcshirriebn@ucoz.com,39,Female
421,Tandy,Rockhill,trockhillbo@artisteer.com,64,Female
422,Clarence,Airy,cairybp@a8.net,41,M
423,Lazaro,Relton,lreltonbq@usnews.com,24,M
424,Loralyn,O'Sheilds,losheildsbr@omniture.com,41 years,Female
425,Dee dee,Sparke,dsparkebs@reverbnation.com,36 years,Female
426,Tobye,Folliott,tfolliottbt@irs.gov,19 years,
427,Aldwin,Siccombe,asiccombebu@webnode.com,62,Male
428,Ives,Stoller,istollerbv@icq.com,22,Male
429,Stanton,Bessant,sbessantbw@fc2.com,0,Male
430,Shannon,Spenceley,sspenceleybx@yellowpages.com,55 years,Male
431,Danila,Pyvis,dpyvisby@globo.com, years,Female
432,Julienne,Nilles,jnillesbz@webmd.com,53 years,Female
433,Weidar,Apthorpe,wapthorpec0@harvard.edu,56 years,M
434,Smith,Scollan,sscollanc1@list-manage.com,37,
435,Thomas,Caine,tcainec2@reuters.com,47,Male
436,Tamqrah,Gildea,tgildeac3@a8.net,39 years,F
437,Mikel,Attarge,mattargec4@yolasite.com,19,Male
438,Wynne,Wannell,wwannellc5@google.es,34,Female
439,Alexina,Diggell,adiggellc6@newyorker.com,59,Female
440,Carmencita,Volcker,cvolckerc7@gravatar.com,64 years,F
441,Malinda,Purcell,mpurcellc8@nature.com,47,Female
442,Cheryl,Cattonnet,ccattonnetc9@nationalgeographic.com,57,Female
443,Sigismund,Gianullo,sgianulloca@deliciousdays.com,34,
444,Ruben,McCardle,rmccardlecb@vimeo.com,50,Male
445,Eleni,Flatt,eflattcc@de.vu,51,F
446,Felipa,Treadway,ftreadwaycd@t.co,50,Female
447,Betteann,Krysztofowicz,bkrysztofowiczce@fastcompany.com,31,F
448,Sherwood,Buston,sbustoncf@discuz.net,62 years,Male
449,Jo ann,Gjerde,jgjerdecg@spotify.com,46,Female
450,Evanne,Raleston,eralestonch@cornell.edu,31,Female
451,Rora,Harnett,rharnettci@elpais.com,55 years,Female
452,Nikki,Marton,nmartoncj@cmu.edu,51,Female
453,Sonya,Brimham,sbrimhamck@loc.gov,38,
454,Sarah,Werny,swernycl@cnbc.com,48,Female
455,Gail,Scrimgeour,gscrimgeourcm@imgur.com,39,Female
456,Camey,Raiker,craikercn@google.ru,27 years,Male
457,Leola,Challiner,lchallinerco@nps.gov,24,Female
458,Frasco,Gandey,fgandeycp@usgs.gov,24,Male
459,Alie,Loncaster,aloncastercq@ustream.tv,50,F
460,Antonin,Relph,arelphcr@google.com.br,33,Male
461,Madelena,Matusiak,mmatusiakcs@time.com,63,Female
462,Mireille,Beldom,mbeldomct@paypal.com,30,Female
463,Gian,Coppenhall,gcoppenhallcu@businessweek.com,44,Male
464,Emmie,Giovannoni,egiovannonicv@google.de,33,Female
465,Renato,Cockhill,rcockhillcw@ustream.tv,57,Male
466,Hendrick,Burford,hburfordcx@ameblo.jp,45,Male
467,Axel,Saltern,asalterncy@adobe.com,22,
468,Morgan,Songest,msongestcz@sciencedaily.com,65,
469,Ky,Tsarovic,ktsarovicd0@mapquest.com,55,Male
470,Christophorus,De Meis,cdemeisd1@angelfire.com,55,Male
471,Dame,Jurries,djurriesd2@nih.gov, years,
472,Leslie,Barge,lbarged3@51.la,27,
473,Vinny,Dedam,vdedamd4@nps.gov,0,
474,Jackelyn,Hawksley,jhawksleyd5@spiegel.de,51,Female
475,Benn,Wingate,bwingated6@va.gov,48,Male
476,Dov,Lismer,dlismerd7@kickstarter.com,30,Male
477,Bartlett,Middlebrook,bmiddlebrookd8@mlb.com,59 years,M
478,Brittani,Sivyer,bsivyerd9@pen.io,27,Female
479,Alley,Ledrane,aledraneda@cafepress.com,55,Male
480,Milly,Andrys,mandrysdb@sakura.ne.jp,28 years,Female
481,Traver,Weber,tweberdc@wisc.edu,43,Male
482,Bobbie,McGeever,bmcgeeverdd@howstuffworks.com,32,Female
483,Iggy,Hymers,ihymersde@youku.com,20,M
484,Brant,Kemmis,bkemmisdf@instagram.com,56,Male
485,Donni,Pedrazzi,dpedrazzidg@gmpg.org,34,Female
486,Jae,Piatkow,jpiatkowdh@hostgator.com,50,Male
487,Ravid,Collaton,rcollatondi@example.com,40 years,Male
488,Raf,O'Brollachain,robrollachaindj@lulu.com,43,Female
489,Montague,Du Plantier,mduplantierdk@hubpages.com,28,Male
490,Mahalia,Rosendahl,mrosendahldl@addthis.com,26,F
491,Guillermo,Bodemeaid,gbodemeaiddm@berkeley.edu,30 years,Male
492,Ericka,Laxon,elaxondn@ed.gov,58,Female
493,Leupold,Sealove,lsealovedo@desdev.cn,19,Male
494,Glynda,Attow,gattowdp@angelfire.com,60,Female
495,Davie,Kempston,dkempstondq@cbsnews.com,29 years,M
496,Ermanno,Bockman,ebockmandr@thetimes.co.uk,20,Male
497,Stu,Wordley,swordleyds@friendfeed.com,38,M
498,Nicholle,Wickson,nwicksondt@cam.ac.uk,28,Female
499,Aleksandr,Schaffler,aschafflerdu@ow.ly,40,Male
500,Darin,Temperton,dtempertondv@geocities.com,46 years,
501,Tully,Conway,tconwaydw@marketwatch.com,59,Male
502,Bird,Searight,bsearightdx@kickstarter.com,0,
503,Briana,De Ruggiero,bderuggierody@a8.net,54,Female
504,Auria,Cisco,aciscodz@reuters.com,32,F
505,Lilyan,Lindenblatt,llindenblatte0@phoca.cz,48 years,Female
506,Minni,Dobrovolny,mdobrovolnye1@omniture.com,41,Female
507,Darby,Lampert,dlamperte2@nydailynews.com,65,Female
508,Emlyn,Lockney,elockneye3@loc.gov,18 years,Male
509,Dionysus,Paulley,dpaulleye4@cyberchimps.com,56,M
510,Rabi,Scholer,rscholere5@behance.net,33,Male
511,Gleda,Lineham,glinehame6@un.org,25,Female
512,Patricia,Tremolieres,ptremolierese7@bizjournals.com,21,Female
513,Jen,Lemmen,jlemmene8@mozilla.com,39,
514,Rickard,Coston,rcostone9@xing.com,0,Male
515,Sandor,Hogbin,shogbinea@imgur.com,60 years,Male
516,Daryle,Mollnar,dmollnareb@lycos.com,37 years,Male
517,Jedediah,Olczak,jolczakec@fema.gov,43,M
518,Eunice,Wingeat,ewingeated@telegraph.co.uk,0,
519,Stanislas,Ablott,sablottee@parallels.com,51,Male
520,Edlin,Trevillion,etrevillionef@salon.com,54,Male
521,Rowena,Fernehough,rfernehougheg@myspace.com,55 years,
522,Wanids,Dossett,wdossetteh@canalblog.com,51,Female
523,Rosene,Callar,rcallarei@twitter.com,21,Female
524,Arny,Alenin,aaleninej@biblegateway.com,18,Male
525,Elyn,Wakefield,ewakefieldek@sciencedaily.com,58,Female
526,Floyd,Crewes,fcrewesel@va.gov,35 years,Male
527,Thomasine,Fernley,tfernleyem@cnet.com,24,Female
528,Revkah,Banham,rbanhamen@phpbb.com,44,Female
529,Kelci,MacIlriach,kmacilriacheo@europa.eu,24 years,Female
530,Ortensia,Blaasch,oblaaschep@earthlink.net,27,
531,Burg,Saye,bsayeeq@fema.gov,0,M
532,Sacha,Hawkswood,shawkswooder@msu.edu,48,Female
533,Shaughn,Waywell,swaywelles@canalblog.com,30,Male
534,Clementia,Bachnic,cbachnicet@moonfruit.com,34,Female
535,Erl,Mateus,emateuseu@pen.io,0,Male
536,Mathias,Tennison,mtennisonev@va.gov,0,Male
537,Lucio,Brenston,lbrenstonew@blogtalkradio.com,43,Male
538,Marjorie,Woollard,mwoollardex@hp.com,37,Female
539,Janice,Boulden,jbouldeney@weebly.com,22,Female
540,Dennison,Wearing,dwearingez@furl.net,46,Male
541,Nanette,Thomel,nthomelf0@imageshack.us,52,Female
542,Gustavo,Yukhtin,gyukhtinf1@list-manage.com,0,
543,Andie,Muspratt,amusprattf2@addthis.com,24 years,Male
544,Tawnya,Van der Daal,tvanderdaalf3@nhs.uk,55,Female
545,Carmine,Lambotin,clambotinf4@xrea.com,59 years,
546,Cullin,Lancetter,clancetterf5@woothemes.com,54 years,Male
547,Gonzalo,Cabane,gcabanef6@unicef.org,32,Male
548,Pauly,Tunstall,ptunstallf7@alibaba.com,42,
549,Jerad,Speeding,jspeedingf8@ovh.net,40,M
550,Michal,Nisuis,mnisuisf9@wufoo.com,59,Male
551,Rhianna,Hards,rhardsfa@amazon.co.uk,37,Female
552,Inglebert,Giacoppoli,igiacoppolifb@washington.edu,65,Male
553,Adora,Flucks,aflucksfc@wp.com,29,Female
554,Pasquale,Lightbown,plightbownfd@example.com,19,Male
555,Arlee,Mundall,amundallfe@netscape.com,36,Female
556,Huberto,Innis,hinnisff@fc2.com,0,Male
557,Doralia,Guye,dguyefg@utexas.edu,35,F
558,Tess,Grindrod,tgrindrodfh@furl.net,19,Female
559,Wilfrid,Mingotti,wmingottifi@ted.com,64,Male
560,Lindsey,Menure,lmenurefj@pagesperso-orange.fr,40 years,Female
561,Suellen,Kleinstub,skleinstubfk@free.fr,60,Female
562,Dewey,Spinola,dspinolafl@biblegateway.com,42,Male
563,Faustina,Sygroves,fsygrovesfm@trellian.com,20,Female
564,Berta,Fussen,bfussenfn@pen.io,0,Female
565,Janek,Earl,jearlfo@free.fr,0,M
566,Iggy,Frarey,ifrareyfp@lycos.com,48,M
567,Theadora,Mitro,tmitrofq@gnu.org,61,Female
568,Alon,Looks,alooksfr@yellowbook.com,61,Male
569,Morgen,Gurge,mgurgefs@economist.com,0,Male
570,Ardine,Renshaw,arenshawft@symantec.com,37,Female
571,Gabie,Bowlands,gbowlandsfu@myspace.com,23,Male
572,Kary,Calderon,kcalderonfv@woothemes.com,22,Female
573,Risa,Renol,rrenolfw@java.com,49,Female
574,Genevieve,Bellelli,gbellellifx@guardian.co.uk,31 years,Female
575,Josephina,Reeds,jreedsfy@geocities.com,24,F
576,Waiter,Urey,wureyfz@utexas.edu,44 years,Male
577,Ford,Palfery,fpalferyg0@blogger.com,36 years,Male
578,Whitaker,Rentoll,wrentollg1@hatena.ne.jp,47,M
579,Curran,Catteroll,ccatterollg2@dropbox.com,0,Male
580,Loleta,Seel,lseelg3@dailymail.co.uk,33,Female
581,Marget,Houchen,mhoucheng4@unesco.org,51,Female
582,Hollyanne,Levick,hlevickg5@phoca.cz,44,Female
583,Melisent,Connew,mconnewg6@discuz.net,29,Female
584,Perice,Stonham,pstonhamg7@storify.com,57,Male
585,Yurik,Batrop,ybatropg8@naver.com,21,Male
586,Feliza,Blunt,fbluntg9@prnewswire.com,53,Female
587,Karlens,McLeman,kmclemanga@storify.com,36,Male
588,Liliane,Byfford,lbyffordgb@last.fm,44,Female
589,Nobie,MacArdle,nmacardlegc@springer.com,24 years,Male
590,Sigfrid,Weatherhill,sweatherhillgd@mysql.com,18,M
591,Kevina,Mehew,kmehewge@newyorker.com,64,Female
592,Brietta,Jenson,bjensongf@meetup.com,59,Female
593,Balduin,Mandrey,bmandreygg@blogspot.com,24,Male
594,Delila,Lanney,dlanneygh@bigcartel.com,54,F
595,Dehlia,Dunwoody,ddunwoodygi@uol.com.br,44,Female
596,Sybyl,Canham,scanhamgj@alibaba.com,52,F
597,Teodoro,De Cristoforo,tdecristoforogk@a8.net,29,M
598,Jory,Braghini,jbraghinigl@xing.com,27,Male
599,Annadiana,Riolfo,ariolfogm@booking.com,31,Female
600,Gerry,Need,gneedgn@google.com.hk,0,Male
601,Dona,Cruise,dcruisego@globo.com,63,Female
602,Christal,Egdale,cegdalegp@etsy.com,49,Female
603,Levon,Bust,lbustgq@ucoz.ru,25,Male
604,Allan,Vickors,avickorsgr@geocities.com,43,Male
605,Bettina,Garlick,bgarlickgs@about.me,51,F
606,Maxwell,Zwicker,mzwickergt@bloomberg.com,40 years,Male
607,Arnaldo,Mac Geaney,amacgeaneygu@oaic.gov.au,28,Male
608,Yolande,Seekings,yseekingsgv@harvard.edu,26,Female
609,Claudio,MacVanamy,cmacvanamygw@thetimes.co.uk,45,Male
610,Rick,Duberry,rduberrygx@yahoo.com,48 years,Male
611,Milka,Troop,mtroopgy@google.fr,38,Female
612,Vanna,Fredson,vfredsongz@umn.edu, years,Female
613,Hadrian,Lerhinan,hlerhinanh0@phoca.cz,46,
614,Darbie,Jesper,djesperh1@usatoday.com,63,F
615,Kerry,Martschik,kmartschikh2@blogs.com,41,Female
616,Sela,Gerrey,sgerreyh3@rambler.ru,0,F
617,Jocko,Fissenden,jfissendenh4@prlog.org,34 years,Male
618,Filide,Bitcheno,fbitchenoh5@mozilla.com,55,Female
619,Erwin,Filipychev,efilipychevh6@va.gov,61,Male
620,Kirsti,Foote,kfooteh7@addtoany.com,31 years,Female
621,Rodrigo,Smout,rsmouth8@hatena.ne.jp,50,Male
622,Rozele,Neljes,rneljesh9@geocities.jp,0,Female
623,Stanislaw,Pacher,spacherha@indiegogo.com,53,Male
624,Joycelin,Battleson,jbattlesonhb@goodreads.com,46,Female
625,Dom,Manna,dmannahc@hhs.gov,35,Male
626,Lockwood,Cescon,lcesconhd@biblegateway.com,32,Male
627,Rutherford,Eadie,readiehe@narod.ru,50,Male
628,Nonna,Medway,nmedwayhf@arstechnica.com,36,Female
629,Bobbye,Overpool,boverpoolhg@mayoclinic.com,19 years,Female
630,Julienne,Rearie,jreariehh@webs.com,25 years,Female
631,Brendan,Ashe,bashehi@newsvine.com,42,Male
632,Konrad,Bern,kbernhj@time.com,39,M
633,Davie,Rangall,drangallhk@gizmodo.com,58 years,Male
634,Felicdad,Bastable,fbastablehl@statcounter.com,46,Female
635,Karlan,McCardle,kmccardlehm@abc.net.au,0,Male
636,Janis,Pashbee,jpashbeehn@taobao.com,19,Female
637,Annis,Mahady,amahadyho@exblog.jp,51,Female
638,Cleveland,Farrand,cfarrandhp@youtube.com,34,Male
639,Beau,Hartrick,bhartrickhq@yahoo.com,36,Male
640,Marlow,Wootton,mwoottonhr@xrea.com,47 years,Male
641,Desirae,Kemetz,dkemetzhs@imageshack.us,0,Female
642,Lars,Ousley,lousleyht@e-recht24.de,0,Male
643,Smith,Regi,sregihu@huffingtonpost.com,51,M
644,Cherye,Hulkes,chulkeshv@mlb.com,51,Female
645,Natividad,Measures,nmeasureshw@noaa.gov,39,Female
646,Carena,Judron,cjudronhx@cdc.gov,56 years,
647,Lauree,Herrema,lherremahy@sitemeter.com,29 years,F
648,Kingsley,Poulton,kpoultonhz@typepad.com,24,M
649,Hogan,Youens,hyouensi0@stumbleupon.com,47,Male
650,Bobbie,Burgis,bburgisi1@smh.com.au,32,Female
651,Parrnell,Guymer,pguymeri2@archive.org,61,Male
652,Kinna,Blakey,kblakeyi3@amazon.com,43,
653,Lusa,Noore,lnoorei4@deliciousdays.com,36 years,Female
654,Lynnet,Vokes,lvokesi5@cbsnews.com,0,Female
655,Val,Stannislawski,vstannislawskii6@ed.gov,25,Male
656,Carlene,Stoggell,cstoggelli7@blogspot.com,48,Female
657,Ari,Chenery,acheneryi8@blinklist.com,61,Male
658,Alfred,Shearsby,ashearsbyi9@weebly.com,53,Male
659,Maddy,Vedenichev,mvedenichevia@e-recht24.de,38 years,Male
660,Gigi,Fishpool,gfishpoolib@diigo.com,26,Female
661,Javier,Tosdevin,jtosdevinic@wp.com,21,Male
662,Florina,Coulbeck,fcoulbeckid@myspace.com,31,Female
663,Lief,Hearle,lhearleie@360.cn,43 years,Male
664,Nadiya,Ragbourne,nragbourneif@who.int,52,Female
665,Arlene,Ormston,aormstonig@phoca.cz,45,Female
666,Benton,Trevance,btrevanceih@tinyurl.com,57,M
667,Massimo,Semmence,msemmenceii@imageshack.us,25,M
668,Carlo,Cosson,ccossonij@soundcloud.com,40 years,Male
669,Kiley,Bosquet,kbosquetik@bing.com,41,Female
670,Vail,Vinau,vvinauil@bravesites.com,34 years,
671,Herschel,Senten,hsentenim@sakura.ne.jp,20,Male
672,Valentina,Garnsey,vgarnseyin@psu.edu,57 years,Female
673,Sheba,Arsnell,sarsnellio@google.ru,41 years,Female
674,Madeline,Rate,mrateip@exblog.jp,24,Female
675,Lonnard,Espin,lespiniq@sogou.com,63,Male
676,Corissa,Elton,celtonir@wp.com,56,Female
677,Artemis,Aldiss,aaldissis@wufoo.com,41,Male
678,Ernie,Sokell,esokellit@soup.io, years,Male
679,Nessi,Cardew,ncardewiu@netlog.com,39,Female
680,Arlene,Healks,ahealksiv@ehow.com,56 years,Female
681,Reena,Crooks,rcrooksiw@blogs.com,53,
682,Valma,Colebourn,vcolebournix@creativecommons.org,41,Female
683,Sigismund,Wanne,swanneiy@dell.com,31,M
684,Fionna,McElrath,fmcelrathiz@skype.com,43,Female
685,Bourke,Axon,baxonj0@sohu.com,44,Male
686,Cherry,Orys,corysj1@nifty.com,28,F
687,Jeannine,Denerley,jdenerleyj2@tripadvisor.com,50,F
688,Emmie,Nodes,enodesj3@acquirethisname.com,32,Female
689,Sioux,Coughlan,scoughlanj4@hud.gov,18,Female
690,Ardisj,Bennion,abennionj5@jigsy.com,58,
691,Alexia,Marlow,amarlowj6@yellowpages.com,36 years,
692,Rafaellle,Watkin,rwatkinj7@hexun.com,36,Male
693,Bea,McSkin,bmcskinj8@wordpress.org,63,Female
694,Ad,Raiment,araimentj9@irs.gov, years,Male
695,Debbie,McNeil,dmcneilja@netvibes.com,25 years,Female
696,Gerda,Iacovazzi,giacovazzijb@instagram.com, years,
697,Allyn,Corryer,acorryerjc@tripod.com,0,M
698,Rutter,Mickleborough,rmickleboroughjd@artisteer.com,60 years,Male
699,Alessandro,Slayford,aslayfordje@vistaprint.com,41,Male
700,Wait,Probbin,wprobbinjf@ifeng.com,19,
701,Karlee,Rose,krosejg@sbwire.com, years,Female
702,Bailie,Hotson,bhotsonjh@themeforest.net,63,Male
703,Vikky,Mardlin,vmardlinji@pcworld.com,49,Female
704,Merill,Float,mfloatjj@nydailynews.com,63,Male
705,Gertrudis,Eymer,geymerjk@biglobe.ne.jp,35,Female
706,Mirilla,Clee,mcleejl@fotki.com,55,Female
707,Yvonne,Larchier,ylarchierjm@webmd.com,0,Female
708,Morganica,Hyams,mhyamsjn@abc.net.au,58,Female
709,Tiffany,Meadowcroft,tmeadowcroftjo@wordpress.org,30,Female
710,Finlay,Louedey,flouedeyjp@hud.gov,63 years,Male
711,Kacy,Cissen,kcissenjq@upenn.edu,38,F
712,Norman,Grishagin,ngrishaginjr@booking.com,60 years,Male
713,Katusha,Ybarra,kybarrajs@rambler.ru,57,Female
714,Estrellita,Perkins,eperkinsjt@twitter.com,50,Female
715,Desiree,Cattemull,dcattemullju@desdev.cn,20,Female
716,Terrence,Jantot,tjantotjv@dedecms.com,50,
717,Burty,Yair,byairjw@princeton.edu,42,Male
718,Woodman,Beagen,wbeagenjx@foxnews.com,48,Male
719,Saunder,Ambage,sambagejy@microsoft.com,59,Male
720,Chuck,MacPaden,cmacpadenjz@histats.com,0,Male
721,Teddi,Worshall,tworshallk0@boston.com,50,Female
722,Tanney,Oxnam,toxnamk1@state.tx.us,27,Male
723,Bronnie,Rubenov,brubenovk2@vinaora.com, years,Male
724,Rocky,Meriton,rmeritonk3@unc.edu,64,Male
725,Currie,Palluschek,cpalluschekk4@yolasite.com,62,Male
726,Erie,Yitzowitz,eyitzowitzk5@artisteer.com,29,M
727,Dodi,Venard,dvenardk6@ucoz.ru,47,
728,Stephani,Stolle,sstollek7@reuters.com,39,Female
729,Margarita,Havelin,mhavelink8@clickbank.net, years,Female
730,Bryana,Lucks,blucksk9@last.fm,41 years,Female
731,Flore,Garford,fgarfordka@tamu.edu,0,Female
732,Beryle,Phidgin,bphidginkb@vimeo.com,43,Female
733,Paige,Kobisch,pkobischkc@de.vu,0,Male
734,Judah,Clare,jclarekd@cam.ac.uk,18,Male
735,Mela,Penticoot,mpenticootke@bloglovin.com,40 years,F
736,Keelia,Jakoub,kjakoubkf@cmu.edu,49,Female
737,Vivienne,Odgers,vodgerskg@livejournal.com,61 years,
738,Kalina,Peachment,kpeachmentkh@jugem.jp,38,Female
739,Ethan,Bellino,ebellinoki@cdbaby.com,62,Male
740,Chaim,Bertelet,cberteletkj@issuu.com,52,Male
741,Danica,Gibbings,dgibbingskk@sogou.com,56 years,Female
742,Tomkin,Roches,trocheskl@vinaora.com,61,
743,Nataline,Holdforth,nholdforthkm@washingtonpost.com,52,Female
744,Stavro,Gawthorpe,sgawthorpekn@multiply.com,0,Male
745,Jaime,Mathen,jmathenko@bloglines.com,0,Male
746,Lacie,Stanlick,lstanlickkp@shutterfly.com,40,
747,Kaleena,Brader,kbraderkq@google.ru,44,Female
748,Seth,Jozsef,sjozsefkr@privacy.gov.au,53 years,Male
749,Elijah,Reyna,ereynaks@goo.gl,62,Male
750,Coraline,Allebone,callebonekt@princeton.edu,40,Female
751,Sonny,Woolmore,swoolmoreku@ucoz.com,22,Female
752,Clemence,Muehle,cmuehlekv@paginegialle.it,55,Female
753,June,Jeannequin,jjeannequinkw@businessweek.com,53 years,Female
754,Emelyne,Kobes,ekobeskx@ft.com,45,Female
755,Olivier,Cutchey,ocutcheyky@webnode.com,23,Male
756,Carmencita,Cordeau],ccordeaukz@hp.com,39,Female
757,Joy,Clemens,jclemensl0@google.co.jp,49,Female
758,Perren,Markussen,pmarkussenl1@shop-pro.jp,18,Male
759,Enid,Henriksson,ehenrikssonl2@pen.io,19,F
760,Noni,Perree,nperreel3@google.com.hk,42,Female
761,Mufi,Side,msidel4@oaic.gov.au, years,F
762,Morgen,Chitson,mchitsonl5@uol.com.br,59,Female
763,Ingamar,Shawl,ishawll6@vimeo.com,21 years,M
764,Colet,Morffew,cmorffewl7@dyndns.org,49,
765,Wendall,Dilrew,wdilrewl8@soup.io,61,M
766,Candis,Baleine,cbaleinel9@opera.com,46,
767,Mallory,Balloch,mballochla@example.com,20,Male
768,Ilse,Gillebride,igillebridelb@storify.com,50,Female
769,Ettie,Di Iorio,ediioriolc@miitbeian.gov.cn,27,F
770,Hestia,Copland,hcoplandld@narod.ru,26 years,
771,Thomasin,Werndly,twerndlyle@noaa.gov,19,Female
772,Anne,Claxton,aclaxtonlf@webs.com,51,Female
773,Fredra,Bonhome,fbonhomelg@japanpost.jp,61,Female
774,Cathe,Polin,cpolinlh@guardian.co.uk,52,F
775,Durant,Fetterplace,dfetterplaceli@flavors.me,28,Male
776,Teador,Naseby,tnasebylj@bbc.co.uk,30,Male
777,Damian,Fowlston,dfowlstonlk@mac.com, years,Male
778,Wilfred,Ellse,wellsell@sitemeter.com,23 years,Male
779,Susan,Hargrave,shargravelm@marriott.com,53,F
780,Mordecai,Benbrick,mbenbrickln@nhs.uk,29,
781,Ainsley,Capoun,acapounlo@home.pl,28 years,F
782,Rory,Dike,rdikelp@narod.ru,47,Female
783,Domini,Beddoe,dbeddoelq@twitpic.com,65,F
784,Claiborn,Cassar,ccassarlr@seesaa.net,27,M
785,Odella,Hevey,oheveyls@about.me,40,Female
786,Starlene,Tunnick,stunnicklt@va.gov,61,Female
787,Lyn,Bugdell,lbugdelllu@tmall.com,51 years,Male
788,Brit,De Brett,bdebrettlv@jiathis.com,53,Male
789,Cathi,Illidge,cillidgelw@so-net.ne.jp, years,Female
790,Ingaberg,Mackro,imackrolx@wiley.com,55,
791,Benedicto,Castle,bcastlely@sphinn.com,59,
792,Paton,Croal,pcroallz@soundcloud.com,49,Male
793,Kikelia,Burtwhistle,kburtwhistlem0@jigsy.com,63,
794,Afton,Brimfield,abrimfieldm1@va.gov,43,F
795,Janelle,Bossel,jbosselm2@comcast.net,39 years,Female
796,Callie,Harewood,charewoodm3@dagondesign.com,28,
797,Bale,Benzing,bbenzingm4@usgs.gov,0,M
798,Mabel,Kingsley,mkingsleym5@jimdo.com,65,F
799,Georg,Capper,gcapperm6@skype.com,65,Male
800,Odele,Habergham,ohaberghamm7@senate.gov,36,Female
801,Goddart,Franzel,gfranzelm8@bbc.co.uk,0,Male
802,Rosalia,Laight,rlaightm9@nbcnews.com,35 years,Female
803,Franny,Ibbitt,fibbittma@mashable.com,41,Female
804,Lillian,Decker,ldeckermb@dailymail.co.uk,32,Female
805,Cosetta,Folini,cfolinimc@networkadvertising.org,24,Female
806,Daile,Trulocke,dtrulockemd@woothemes.com,55,Female
807,Jae,Francescuzzi,jfrancescuzzime@icq.com,0,Male
808,Constancy,Leckey,cleckeymf@bloomberg.com,34,Female
809,Salaidh,Garmston,sgarmstonmg@thetimes.co.uk,52 years,Female
810,Bastien,Verbeek,bverbeekmh@java.com,33,Male
811,Franky,Gripton,fgriptonmi@51.la,21,Male
812,Markus,Dannohl,mdannohlmj@msu.edu,19,Male
813,Kaspar,Wippermann,kwippermannmk@lulu.com,53,Male
814,Stace,French,sfrenchml@i2i.jp,26 years,
815,Moreen,Isgar,misgarmm@amazon.de,38,Female
816,Laverne,Teligin,lteliginmn@google.pl,27,Female
817,Rurik,Farry,rfarrymo@globo.com,56,Male
818,Gill,Wickstead,gwicksteadmp@nationalgeographic.com,51,Male
819,Noble,Autrie,nautriemq@ucla.edu,23 years,M
820,Rania,Royson,rroysonmr@odnoklassniki.ru,26,F
821,Northrup,Zupone,nzuponems@earthlink.net, years,Male
822,Valina,Van den Bosch,vvandenboschmt@forbes.com,26,Female
823,Mozes,Terbeck,mterbeckmu@wsj.com,53,Male
824,Ardisj,Jealous,ajealousmv@list-manage.com,0,Female
825,Rosco,Iannitti,riannittimw@dedecms.com,44,
826,Roseanna,Nye,rnyemx@example.com,29 years,Female
827,Audre,Layfield,alayfieldmy@paginegialle.it,41,
828,Agatha,Strathdee,astrathdeemz@theglobeandmail.com,43,Female
829,Maryanna,Reddie,mreddien0@dot.gov,43,Female
830,Malinde,Wadhams,mwadhamsn1@nydailynews.com,36,
831,Fran,Cardo,fcardon2@usda.gov,57 years,Female
832,Whit,Aldersley,waldersleyn3@barnesandnoble.com,32,Male
833,My,Daspar,mdasparn4@reddit.com,44,Male
834,Demetrius,MacNaughton,dmacnaughtonn5@epa.gov,22,Male
835,Elsie,Leggs,eleggsn6@nhs.uk, years,Female
836,Ethan,Jesper,ejespern7@bigcartel.com,63,
837,Jeannie,Shout,jshoutn8@myspace.com,23 years,Female
838,Vivianna,Ellick,vellickn9@imageshack.us,39,F
839,Merna,Ondricek,mondricekna@answers.com,49,Female
840,Peg,Bunning,pbunningnb@vistaprint.com,23,Female
841,Hillery,Durman,hdurmannc@smugmug.com,62 years,Male
842,Fran,Mattholie,fmattholiend@cornell.edu,28 years,Female
843,Whittaker,Lyard,wlyardne@tripod.com,24,Male
844,Leigha,Sammon,lsammonnf@nature.com,35,Female
845,Peri,O' Kelleher,pokelleherng@arizona.edu,0,Female
846,Marthe,Ingamells,mingamellsnh@360.cn,27,
847,Sosanna,Barczewski,sbarczewskini@nhs.uk,36,Female
848,Ranna,Goscar,rgoscarnj@apache.org,35,F
849,Rey,Gwioneth,rgwionethnk@lycos.com,49,M
850,Hershel,MacKenzie,hmackenzienl@state.gov,25 years,Male
851,Gian,Dukesbury,gdukesburynm@pbs.org,30,
852,Skelly,Mattiacci,smattiaccinn@examiner.com,42,Male
853,Dido,Harriagn,dharriagnno@t-online.de,54,Female
854,Wald,Yeowell,wyeowellnp@smugmug.com,61 years,M
855,Jacinta,Gianninotti,jgianninottinq@hubpages.com,0,
856,Ynez,Jaggs,yjaggsnr@psu.edu,26 years,
857,Artemus,Esel,aeselns@europa.eu,49,M
858,Gertrud,Scamel,gscamelnt@google.de,62,Female
859,Addy,Pautard,apautardnu@independent.co.uk,20 years,M
860,Tate,Wyldbore,twyldborenv@aboutads.info,22,M
861,Grethel,Burdytt,gburdyttnw@bloomberg.com,21 years,F
862,Stavros,Delamere,sdelamerenx@youtube.com,37,Male
863,Romain,McNamee,rmcnameeny@dagondesign.com, years,
864,Chelsie,Simao,csimaonz@ameblo.jp, years,Female
865,Brita,Burk,bburko0@yelp.com,42,Female
866,Ardella,Van Arsdall,avanarsdallo1@163.com,35 years,
867,Ardeen,Timberlake,atimberlakeo2@examiner.com,25,Female
868,Karia,Faltin,kfaltino3@slideshare.net,60,F
869,Myrah,De la Harpe,mdelaharpeo4@weibo.com,53,Female
870,Theresina,Haffenden,thaffendeno5@ft.com,0,Female
871,Germaine,Kordas,gkordaso6@dailymail.co.uk,32,Female
872,Effie,Slatter,eslattero7@fema.gov,0,Female
873,Chester,Fickling,cficklingo8@sphinn.com,50,Male
874,Cloe,Fenkel,cfenkelo9@cargocollective.com,61,Female
875,Fawnia,Colam,fcolamoa@creativecommons.org,48,
876,Selle,Rydings,srydingsob@merriam-webster.com,56,Female
877,Yoshiko,Segrave,ysegraveoc@gizmodo.com,46,Female
878,Lotta,Cluderay,lcluderayod@dell.com,37,Female
879,Dall,Remington,dremingtonoe@unc.edu,18,Male
880,Marquita,Bielfeldt,mbielfeldtof@independent.co.uk,34,Female
881,Ursula,McGavin,umcgavinog@ycombinator.com,0,F
882,Terencio,Grenshiels,tgrenshielsoh@umn.edu,20,Male
883,Floris,Devonshire,fdevonshireoi@bandcamp.com,35,Female
884,Kerri,Worthing,kworthingoj@hubpages.com,46 years,Female
885,Nappie,Slewcock,nslewcockok@zdnet.com,33 years,M
886,Alica,Findlay,afindlayol@taobao.com,58,F
887,Laurel,Augustus,laugustusom@sitemeter.com,29,Female
888,Natal,Killby,nkillbyon@state.tx.us,0,Male
889,Fern,Zorzini,fzorzinioo@sakura.ne.jp,58,Female
890,Cristiano,Crosston,ccrosstonop@fotki.com,45,Male
891,Morna,Pratley,mpratleyoq@histats.com,0,F
892,Christina,McKaile,cmckaileor@mac.com,64,Female
893,Germaine,Siviter,gsiviteros@google.com,30 years,M
894,Kessia,Waleworke,kwaleworkeot@histats.com,29,Female
895,Willey,Bladge,wbladgeou@addthis.com,54,Male
896,Alanson,Rivalant,arivalantov@java.com,20,Male
897,Demetri,Jeaffreson,djeaffresonow@sbwire.com,0,M
898,Hyman,Gerry,hgerryox@google.com.au,34 years,M
899,Leonanie,Ivatt,livattoy@ibm.com,38 years,Female
900,Perry,Moreman,pmoremanoz@apple.com,35 years,Male
901,Othilie,Coventry,ocoventryp0@usda.gov,36,
902,Winnah,DelaField,wdelafieldp1@msu.edu,23,Female
903,Edan,Cushion,ecushionp2@ucoz.com,61 years,
904,Carlina,Meineken,cmeinekenp3@nbcnews.com,0,Female
905,Nappy,Semark,nsemarkp4@oaic.gov.au,47,Male
906,Stefania,Briscoe,sbriscoep5@devhub.com,34,Female
907,Lyman,Hawkshaw,lhawkshawp6@google.cn,35,Male
908,Tootsie,Coper,tcoperp7@google.it,56,Female
909,Denney,MacInerney,dmacinerneyp8@live.com,52 years,M
910,Odey,Gresly,ogreslyp9@adobe.com,0,Male
911,Cassondra,Pocke,cpockepa@statcounter.com,41,Female
912,Stanly,Spurdon,sspurdonpb@wordpress.org,32,Male
913,Lilas,Benford,lbenfordpc@dailymail.co.uk,29,Female
914,Glyn,Diem,gdiempd@altervista.org,19,Female
915,Currey,Espinos,cespinospe@sciencedirect.com,61,Male
916,Allie,Petricek,apetricekpf@dot.gov,38,Male
917,Beniamino,Leyban,bleybanpg@newyorker.com,39,Male
918,Margette,Tearney,mtearneyph@g.co,61,
919,Reamonn,Cheyenne,rcheyennepi@mapquest.com,30,Male
920,Maiga,Findlay,mfindlaypj@apache.org,31,Female
921,Alvy,Kildea,akildeapk@soup.io,49,M
922,Tiena,Hockey,thockeypl@vimeo.com,0,
923,Lexi,Giacubbo,lgiacubbopm@opensource.org,31,Female
924,Riva,Whordley,rwhordleypn@umich.edu,25,Female
925,Jen,Sheekey,jsheekeypo@alibaba.com,37,F
926,Lemar,Sharratt,lsharrattpp@angelfire.com,48,Male
927,Arron,Feavearyear,afeavearyearpq@wordpress.com,0,Male
928,Cody,Beaze,cbeazepr@narod.ru,25,M
929,Sandy,Quare,squareps@nba.com,54,Male
930,Gaston,Macveigh,gmacveighpt@goo.gl,41,M
931,Nathalie,Bernardt,nbernardtpu@flickr.com,50,F
932,Bernarr,Lackham,blackhampv@github.com,25 years,Male
933,Georgeanne,McKague,gmckaguepw@sogou.com,50,F
934,Richmound,Youson,ryousonpx@seesaa.net,61,Male
935,Aguste,Ludwikiewicz,aludwikiewiczpy@wunderground.com,55 years,Male
936,Toddie,Stennett,tstennettpz@bigcartel.com,22 years,Male
937,Ximenes,Folbigg,xfolbiggq0@ed.gov,37,Male
938,Diann,Hamly,dhamlyq1@engadget.com,38,Female
939,Duke,Portinari,dportinariq2@smugmug.com,40 years,Male
940,Whitney,Kembry,wkembryq3@seesaa.net,23,M
941,Kaiser,Cassells,kcassellsq4@google.co.uk,60,Male
942,Tedman,Thripp,tthrippq5@bandcamp.com,33,Male
943,Tommie,Jeaves,tjeavesq6@wunderground.com,19,
944,Kelcey,Pietron,kpietronq7@tiny.cc,56 years,Female
945,Henrik,Urian,hurianq8@illinois.edu,41,Male
946,Shay,L' Estrange,slestrangeq9@163.com,54,M
947,Robinet,Joderli,rjoderliqa@yale.edu,54,Female
948,Etan,Bouller,eboullerqb@yellowpages.com,27,Male
949,Ethelbert,Daventry,edaventryqc@yale.edu,27 years,Male
950,Jolee,Waite,jwaiteqd@wikimedia.org,59,F
951,Jennette,Bennellick,jbennellickqe@constantcontact.com,0,
952,Iago,Crews,icrewsqf@go.com,52,Male
953,Alic,Ruddiforth,aruddiforthqg@digg.com,55,Male
954,Jennilee,Scottesmoor,jscottesmoorqh@sbwire.com, years,F
955,Kristoforo,Duffree,kduffreeqi@gnu.org,65 years,Male
956,Winny,Simnor,wsimnorqj@sitemeter.com,50 years,M
957,Wallis,Worviell,wworviellqk@jugem.jp,28,Male
958,Alberik,Keuntje,akeuntjeql@tiny.cc,59 years,Male
959,Doro,MacRedmond,dmacredmondqm@mlb.com,0,
960,Daven,MacGregor,dmacgregorqn@redcross.org,64 years,Male
961,Retha,Hassard,rhassardqo@vimeo.com,36 years,Female
962,William,Batchelar,wbatchelarqp@prweb.com,21,Male
963,Hasty,MacCaghan,hmaccaghanqq@netlog.com,47,Male
964,Gabi,Diboll,gdibollqr@java.com,44 years,M
965,Wakefield,Pepperd,wpepperdqs@artisteer.com,46,
966,Anabella,Berresford,aberresfordqt@weather.com,44,Female
967,Franciskus,Morefield,fmorefieldqu@imdb.com,0,Male
968,Hamilton,Swinn,hswinnqv@techcrunch.com,36,Male
969,Karalynn,Hacking,khackingqw@amazonaws.com,51,F
970,Agustin,Folbig,afolbigqx@dedecms.com,40,
971,Julee,Trace,jtraceqy@amazon.com,31,Female
972,Sherlock,Franca,sfrancaqz@facebook.com,20,Male
973,Bernardine,Weben,bwebenr0@diigo.com,0,F
974,Camala,Presslee,cpressleer1@typepad.com,0,Female
975,Melania,Motto,mmottor2@nydailynews.com,40,F
976,Abbe,Sambell,asambellr3@go.com,24,Male
977,Linell,Vallis,lvallisr4@yelp.com,54,Female
978,Timofei,Maharg,tmahargr5@disqus.com,46,Male
979,Virgina,Maffey,vmaffeyr6@netscape.com,50,Female
980,Lorenzo,Farndon,lfarndonr7@weebly.com,30,Male
981,Alverta,Spatoni,aspatonir8@e-recht24.de,22,Female
982,Price,Summerlie,psummerlier9@cafepress.com,0,Male
983,Norbie,Douty,ndoutyra@ask.com,34,
984,Carver,Farnin,cfarninrb@harvard.edu,35,
985,Fowler,Wiltshire,fwiltshirerc@ca.gov,45,M
986,Allyson,Blasgen,ablasgenrd@independent.co.uk,32,Female
987,Kellyann,Cheine,kcheinere@macromedia.com,26 years,Female
988,Sal,Colbron,scolbronrf@wix.com,19,F
989,Tabina,Jeffry,tjeffryrg@adobe.com,36 years,Female
990,Bride,Okker,bokkerrh@ox.ac.uk,0,F
991,Alanson,Boissieux,aboissieuxri@discuz.net,62 years,Male
992,Torrey,O Sullivan,tosullivanrj@google.ru,47,Male
993,Montague,Asbury,masburyrk@google.nl,22,Male
994,Wilmette,Linny,wlinnyrl@bluehost.com,40,Female
995,Catharine,Dukes,cdukesrm@sitemeter.com,42 years,Female
996,Therese,Roscrigg,troscriggrn@intel.com,0,F
997,Bealle,Petrik,bpetrikro@furl.net,44,Male
998,Adriana,Wreath,awreathrp@ebay.com,59,Female
999,Cornie,Shillingford,cshillingfordrq@sun.com,43,Male
1000,Heinrik,Tomaschke,htomaschkerr@wp.com,51 years,Male
1001,Pammi,Jonke,pjonke0@mit.edu, years,Female
1002,Jameson,Gawler,jgawler1@google.com.au,57,Male
1003,Courtney,Gashion,cgashion2@sbwire.com,50,M
1004,Leonie,Braidon,lbraidon3@posterous.com,44,Female
1005,Paten,Alderwick,palderwick4@disqus.com,0,
1006,Vilhelmina,Riply,vriply5@whitehouse.gov,44 years,Female
1007,Chip,Schoenrock,cschoenrock6@elegantthemes.com,36,Male
1008,Oralie,Rogger,orogger7@desdev.cn,0,Female
1009,Perry,McGourty,pmcgourty8@sciencedaily.com,38,Female
1010,Ransom,Phythean,rphythean9@unc.edu,26 years,Male
1011,Angelique,Closs,aclossa@tmall.com,39,Female
1012,Kissiah,Benoit,kbenoitb@google.com.au,24 years,Female
1013,Nessi,Postles,npostlesc@cnn.com,50 years,
1014,Lemar,Seton,lsetond@theatlantic.com,0,Male
1015,Rina,Lopez,rlopeze@photobucket.com,25,Female
1016,Duane,Softley,dsoftleyf@google.com.hk,38,Male
1017,Jennee,Lage,jlageg@alibaba.com,0,Female
1018,Boy,Woolis,bwoolish@webeden.co.uk,32,Male
1019,Fawnia,Twatt,ftwatti@posterous.com,37,Female
1020,Lillian,Colkett,lcolkettj@w3.org,49,Female
1021,Rhianon,Stangroom,rstangroomk@usnews.com,0,F
1022,Sanson,McAvin,smcavinl@sfgate.com,0,Male
1023,Saleem,Colkett,scolkettm@godaddy.com,32,
1024,Urban,Tremberth,utremberthn@seattletimes.com,65,Male
1025,Magnum,Vallerine,mvallerineo@mail.ru,32,
1026,Mitchell,Brugman,mbrugmanp@nhs.uk,0,Male
1027,Monte,Ruddock,mruddockq@japanpost.jp,21,Male
1028,Anson,Gowenlock,agowenlockr@woothemes.com,33,Male
1029,Karina,Rylstone,krylstones@posterous.com,38,Female
1030,Fina,Goldsby,fgoldsbyt@example.com,27,Female
1031,Tanney,Hawkyens,thawkyensu@thetimes.co.uk,0,Male
1032,Lisle,Moscon,lmosconv@ow.ly,64,Male
1033,Tobi,Burhouse,tburhousew@mtv.com,27,Female
1034,Noll,Proudman,nproudmanx@hugedomains.com,0,Male
1035,Greer,Adams,gadamsy@t.co,51,Female
1036,Rois,Airey,raireyz@list-manage.com,61,Female
1037,Dalt,Niesegen,dniesegen10@businessweek.com,57,Male
1038,Elisabet,Penney,epenney11@taobao.com,0,Female
1039,Wynny,Mauchlen,wmauchlen12@eepurl.com, years,Female
1040,Laverna,Larraway,llarraway13@google.com.au,34,Female
1041,Lynea,Winton,lwinton14@webmd.com, years,Female
1042,Dennie,Kenyam,dkenyam15@baidu.com,65,Female
1043,Dirk,Kirkbride,dkirkbride16@angelfire.com,36,Male
1044,Hanson,Radloff,hradloff17@elegantthemes.com,46,Male
1045,Kerstin,Scales,kscales18@mit.edu,37 years,Female
1046,Morten,Johansson,mjohansson19@businessweek.com,0,
1047,Mose,Jehu,mjehu1a@clickbank.net,0,Male
1048,Jabez,Manwell,jmanwell1b@wix.com,22 years,Male
1049,Ekaterina,Klimes,eklimes1c@last.fm,64,F
1050,Shena,Grayshan,sgrayshan1d@cocolog-nifty.com,27,Female
1051,Serge,Ashborn,sashborn1e@apache.org,58 years,Male
1052,Chick,Drury,cdrury1f@reverbnation.com,0,
1053,Dur,Mackieson,dmackieson1g@imageshack.us,54,Male
1054,Erastus,Wimmers,ewimmers1h@cam.ac.uk,35,Male
1055,Joana,Beavon,jbeavon1i@cbslocal.com,53,F
1056,Kayley,Handling,khandling1j@comcast.net, years,Female
1057,Marybeth,McClymond,mmcclymond1k@answers.com,35,F
1058,Freeland,Shambrooke,fshambrooke1l@lulu.com,47,Male
1059,Woodrow,Brinkworth,wbrinkworth1m@163.com,46,Male
1060,Maxi,Manville,mmanville1n@alibaba.com,18,Female
1061,Brockie,Garrit,bgarrit1o@cocolog-nifty.com,31,Male
1062,Simona,Philippe,sphilippe1p@irs.gov,0,Female
1063,Wynnie,Limmer,wlimmer1q@mediafire.com,49,Female
1064,Eustace,Tomsen,etomsen1r@google.nl,49 years,Male
1065,Dante,Ivanyukov,divanyukov1s@is.gd,22 years,M
1066,Keven,O'Scandall,koscandall1t@joomla.org,45,Male
1067,Vincent,Print,vprint1u@umich.edu,43,Male
1068,Garold,Osichev,gosichev1v@blogs.com,50,Male
1069,Ardra,Extall,aextall1w@answers.com,28,Female
1070,Jody,Houlridge,jhoulridge1x@nymag.com,56,Male
1071,Pooh,Arnoldi,parnoldi1y@jugem.jp,51,M
1072,Lazarus,Van Bruggen,lvanbruggen1z@patch.com,42 years,Male
1073,Gratiana,Salterne,gsalterne20@buzzfeed.com,32,Female
1074,Cleve,Baus,cbaus21@bbc.co.uk,62,Male
1075,Olly,Zapater,ozapater22@blogger.com,48,Male
1076,Janenna,Rilston,jrilston23@over-blog.com,28,Female
1077,Conchita,Ream,cream24@tiny.cc,41,Female
1078,My,Dutch,mdutch25@bing.com,44 years,Male
1079,Pooh,Halfhide,phalfhide26@imgur.com,37,Male
1080,Norah,Goning,ngoning27@printfriendly.com,54 years,Female
1081,Tessy,Parsell,tparsell28@wired.com,33 years,F
1082,Gardiner,Addionisio,gaddionisio29@businesswire.com,0,Male
1083,Sadye,Bauldry,sbauldry2a@senate.gov,53,Female
1084,Morly,Saggs,msaggs2b@ucoz.com,22,M
1085,Garner,Darrach,gdarrach2c@live.com,38,Male
1086,Aron,Harrington,aharrington2d@usatoday.com,54 years,Male
1087,Doralia,Lowrance,dlowrance2e@51.la,0,Female
1088,Nadiya,Cianni,ncianni2f@macromedia.com,22,F
1089,Walker,Blacksell,wblacksell2g@studiopress.com,31,Male
1090,Riane,Mitie,rmitie2h@163.com,40,F
1091,Sherline,Swyer-Sexey,sswyersexey2i@salon.com,62,Female
1092,Redd,Howarth,rhowarth2j@squarespace.com,21,Male
1093,Maridel,Nacey,mnacey2k@icio.us,33,Female
1094,Lilia,Willment,lwillment2l@yandex.ru,59 years,Female
1095,Patrick,Swetenham,pswetenham2m@comcast.net,51,
1096,Eolanda,Lagne,elagne2n@bluehost.com,31,Female
1097,Yehudit,Pfeuffer,ypfeuffer2o@mlb.com,18,M
1098,Kelby,Litel,klitel2p@artisteer.com,0,Male
1099,Olin,Pepys,opepys2q@squidoo.com,35,M
1100,Lorilee,Beatey,lbeatey2r@slashdot.org,58,Female
1101,Renae,Purle,rpurle2s@ifeng.com,35,Female
1102,Tristan,Palin,tpalin2t@wunderground.com,32,Male
1103,Orella,Lewnden,olewnden2u@example.com, years,Female
1104,Giuseppe,Blasetti,gblasetti2v@reddit.com,59,M
1105,Brinn,Dagleas,bdagleas2w@dmoz.org,51,Female
1106,Diandra,Gut,dgut2x@nih.gov,22,Female
1107,Angie,Pallasch,apallasch2y@netscape.com,18,Male
1108,Willard,Elliot,welliot2z@aboutads.info,50,Male
1109,Lee,Knott,lknott30@free.fr,60,Male
1110,Silvanus,Jury,sjury31@people.com.cn,45,M
1111,Dominik,Alaway,dalaway32@shareasale.com,59,Male
1112,Hillel,Delany,hdelany33@wp.com,35,Male
1113,Jordanna,Semaine,jsemaine34@w3.org,40,Female
1114,Lloyd,Malpass,lmalpass35@comcast.net,36,Male
1115,Basilio,Mayling,bmayling36@disqus.com,34,Male
1116,Cchaddie,Wynrahame,cwynrahame37@youtube.com,33,Male
1117,Trever,Barefoot,tbarefoot38@nature.com,0,Male
1118,Rick,Manvelle,rmanvelle39@mapquest.com,65,Male
1119,Moll,Desmond,mdesmond3a@soundcloud.com,45,
1120,Torr,Shaylor,tshaylor3b@4shared.com,47,M
1121,Hersch,Dobeson,hdobeson3c@ycombinator.com,35,Male
1122,Hedda,Rowell,hrowell3d@wp.com,43,Female
1123,Gabriel,Alliston,galliston3e@sciencedaily.com,46,
1124,Tann,Bodman,tbodman3f@examiner.com, years,
1125,Christophorus,Sarjant,csarjant3g@123-reg.co.uk,0,Male
1126,Elisabet,Church,echurch3h@hibu.com,32,Female
1127,Beryle,Noto,bnoto3i@bluehost.com,52,Female
1128,Susan,Rice,srice3j@geocities.jp,53,Female
1129,Laughton,Infante,linfante3k@ucoz.com,31,M
1130,Rosamond,Whate,rwhate3l@phpbb.com,20,Female
1131,Enrica,Hamsson,ehamsson3m@indiegogo.com,45,Female
1132,Lorrie,Brunesco,lbrunesco3n@reference.com,63,Female
1133,Nannette,O'Docherty,nodocherty3o@w3.org,64,Female
1134,Dorri,Elcoat,delcoat3p@delicious.com,24,Female
1135,Kizzee,Skillern,kskillern3q@hatena.ne.jp,65 years,F
1136,Hector,Mesant,hmesant3r@e-recht24.de,19,Male
1137,Bethany,Thewys,bthewys3s@tamu.edu,26,Female
1138,Rollin,Pountney,rpountney3t@creativecommons.org,0,Male
1139,Crin,Yarmouth,cyarmouth3u@usda.gov,24,
1140,Winifield,Genney,wgenney3v@merriam-webster.com,54,M
1141,Gerry,Wassell,gwassell3w@wp.com,34,Female
1142,Conroy,Village,cvillage3x@hugedomains.com,29,Male
1143,Fulvia,Fattorini,ffattorini3y@eventbrite.com,51,Female
1144,Augusta,Pyett,apyett3z@mapquest.com,0,F
1145,Marianna,Bruster,mbruster40@g.co,0,F
1146,Clayson,Sweetland,csweetland41@geocities.jp,25,M
1147,Jermaine,Cotterell,jcotterell42@intel.com,43,Female
1148,Sidnee,Cuddehay,scuddehay43@ed.gov,44,M
1149,Tawsha,Evason,tevason44@wikia.com,51,Female
1150,Schuyler,Allott,sallott45@prnewswire.com,64,
1151,Tarra,Whittek,twhittek46@youtu.be,19,
1152,Almire,Lanning,alanning47@linkedin.com,18,
1153,Antonina,Fenty,afenty48@google.fr,43 years,Female
1154,Yoshiko,Shillito,yshillito49@businessweek.com,0,Female
1155,Starla,Icke,sicke4a@spotify.com,42 years,Female
1156,Neel,Whatling,nwhatling4b@wp.com,21,Male
1157,Cybill,Fautley,cfautley4c@utexas.edu,48 years,Female
1158,Thom,MacGhee,tmacghee4d@china.com.cn,40,M
1159,Donnamarie,Boyle,dboyle4e@sphinn.com,62,F
1160,Frederique,Bezants,fbezants4f@examiner.com,0,Female
1161,Val,Kornalik,vkornalik4g@boston.com,24,
1162,Genevieve,Doherty,gdoherty4h@deliciousdays.com,50,Female
1163,Lilah,Davidavidovics,ldavidavidovics4i@senate.gov,56 years,Female
1164,Ignazio,Durtnel,idurtnel4j@edublogs.org,53,Male
1165,Roby,Illsley,rillsley4k@delicious.com,50 years,
1166,Liam,McKelvey,lmckelvey4l@dell.com,50,Male
1167,Emanuele,Newlands,enewlands4m@ft.com,61 years,Male
1168,Cameron,Morphet,cmorphet4n@soup.io,19,Male
1169,Allayne,Heeps,aheeps4o@addtoany.com,63,Male
1170,Jedidiah,Pashen,jpashen4p@uol.com.br,36 years,Male
1171,Virgie,Rumble,vrumble4q@hp.com,47,F
1172,Jaymie,Whye,jwhye4r@weibo.com,51,Male
1173,Fernando,Pickton,fpickton4s@whitehouse.gov,36,
1174,Luise,Pelham,lpelham4t@illinois.edu, years,Female
1175,Damien,Marciskewski,dmarciskewski4u@csmonitor.com,65,Male
1176,Falito,Risso,frisso4v@people.com.cn,24,Male
1177,Lonny,Newlove,lnewlove4w@nasa.gov,40,M
1178,Trstram,Hanrott,thanrott4x@oakley.com,28,Male
1179,Noak,Moxsom,nmoxsom4y@independent.co.uk,0,Male
1180,Zaneta,Lufkin,zlufkin4z@nih.gov,47,Female
1181,Winnie,Abbe,wabbe50@mlb.com,50,Male
1182,Tandie,Himsworth,thimsworth51@yellowpages.com,64,
1183,Timothea,Scramage,tscramage52@amazon.co.jp,26,Female
1184,Tomi,Richardson,trichardson53@com.com,31,Female
1185,Edgardo,Mouser,emouser54@skyrock.com, years,Male
1186,Terri-jo,Jury,tjury55@unicef.org,23,Female
1187,Bond,Baunton,bbaunton56@nyu.edu,53,Male
1188,Arne,Alvaro,aalvaro57@fotki.com,58,
1189,Codi,Cannan,ccannan58@discovery.com,48 years,M
1190,Bernetta,McKellar,bmckellar59@prlog.org,65,Female
1191,Kale,Jorg,kjorg5a@statcounter.com,50,M
1192,Sophey,Dani,sdani5b@ted.com,61,Female
1193,Cortie,Prigg,cprigg5c@exblog.jp,62,M
1194,Edik,Gilcriest,egilcriest5d@vimeo.com,52,Male
1195,Sterling,Tegeller,stegeller5e@booking.com,62,Male
1196,Rivy,Vernall,rvernall5f@spiegel.de,51,Female
1197,Arden,Boast,aboast5g@imgur.com,0,Female
1198,Raeann,Wilmington,rwilmington5h@usatoday.com,34 years,Female
1199,Bertina,Grastye,bgrastye5i@soup.io,53 years,Female
1200,Augustine,Crown,acrown5j@sourceforge.net,42,F
1201,Mahmud,Withringten,mwithringten5k@un.org,25,Male
1202,Nikolos,Penas,npenas5l@squarespace.com,56,M
1203,Marijo,Cliburn,mcliburn5m@vkontakte.ru,20,
1204,Jaquelin,Yeardsley,jyeardsley5n@github.com,52,Female
1205,Pablo,Snowding,psnowding5o@shutterfly.com,37 years,Male
1206,Northrup,Branney,nbranney5p@dot.gov,24,Male
1207,Hill,Loweth,hloweth5q@ftc.gov,24,M
1208,Janos,Ruspine,jruspine5r@pbs.org, years,M
1209,Brigida,Devigne,bdevigne5s@un.org, years,Female
1210,Elsy,Folland,efolland5t@facebook.com,0,Female
1211,Delano,Spawton,dspawton5u@tuttocitta.it,22,Male
1212,Nolie,Purveys,npurveys5v@baidu.com,54,Female
1213,Vincent,Coskerry,vcoskerry5w@fotki.com,54 years,Male
1214,Kelli,Creany,kcreany5x@baidu.com,0,Female
1215,Lula,Radin,lradin5y@wordpress.com,34,Female
1216,Lisetta,Philbrick,lphilbrick5z@cafepress.com,44,F
1217,Emelen,Persitt,epersitt60@shop-pro.jp,57,Male
1218,Dirk,Waite,dwaite61@yelp.com,40,M
1219,Feliks,Gravy,fgravy62@google.de,19,M
1220,Gwendolen,Ladlow,gladlow63@mashable.com,19,Female
1221,Carver,Jacquot,cjacquot64@usda.gov,23,
1222,Allene,Gresham,agresham65@ovh.net,23 years,Female
1223,Peder,Spurdon,pspurdon66@discuz.net,35,Male
1224,Bay,Stanlike,bstanlike67@ycombinator.com,28,Male
1225,Merry,Brundill,mbrundill68@paypal.com,29,Female
1226,Tucker,Kirkebye,tkirkebye69@jigsy.com,38 years,Male
1227,Lionel,Krzyzanowski,lkrzyzanowski6a@slashdot.org,30,M
1228,Parsifal,Muncaster,pmuncaster6b@unblog.fr,50,Male
1229,Grazia,Paske,gpaske6c@linkedin.com,35,Female
1230,Junie,Goodbar,jgoodbar6d@altervista.org,52,F
1231,Tracie,Moy,tmoy6e@1688.com,47,F
1232,Terri,Timcke,ttimcke6f@exblog.jp,33,M
1233,Aldous,Pauer,apauer6g@ameblo.jp,54,Male
1234,Adriane,Fancy,afancy6h@biglobe.ne.jp,23 years,Female
1235,Austine,Piatkow,apiatkow6i@google.com.hk,34,
1236,Worthington,Bahls,wbahls6j@state.gov,29,Male
1237,Edy,Teesdale,eteesdale6k@scribd.com,46,Female
1238,Jordan,Whitehorn,jwhitehorn6l@yellowbook.com,65,Male
1239,Dalila,Billanie,dbillanie6m@usda.gov,65,Female
1240,Lesya,Whitford,lwhitford6n@google.co.uk,54,Female
1241,Byrle,Bednell,bbednell6o@cdc.gov,58 years,Male
1242,Alida,Gleadhall,agleadhall6p@opera.com,20,Female
1243,Budd,Farrey,bfarrey6q@devhub.com,61,Male
1244,Alikee,Stanier,astanier6r@eepurl.com,27,F
1245,Colet,Eales,ceales6s@cafepress.com,65 years,Male
1246,Angele,Siggin,asiggin6t@bigcartel.com,62,Female
1247,Lucina,McDonagh,lmcdonagh6u@wix.com,19 years,Female
1248,Cad,Heaney`,cheaney6v@mtv.com,0,Male
1249,Addi,Boatswain,aboatswain6w@exblog.jp,31,F
1250,Frederick,Staresmeare,fstaresmeare6x@newsvine.com,0,M
1251,Debra,Abrahams,dabrahams6y@google.es,46,F
1252,Reina,Otton,rotton6z@godaddy.com,52,Female
1253,Mada,Padfield,mpadfield70@dropbox.com,58,Female
1254,Ryon,Porkiss,rporkiss71@dmoz.org,18,Male
1255,Janine,Shrimpton,jshrimpton72@nih.gov,55 years,Female
1256,Katheryn,Waylen,kwaylen73@github.io,30 years,Female
1257,Anabella,Karpmann,akarpmann74@sina.com.cn,35,Female
1258,Corene,Tyzack,ctyzack75@springer.com,0,Female
1259,Filmore,Faunch,ffaunch76@wikia.com,48,Male
1260,Dietrich,Buske,dbuske77@jimdo.com,61,
1261,Selene,Cardall,scardall78@harvard.edu,58,Female
1262,Evered,Polkinhorn,epolkinhorn79@bravesites.com,22,Male
1263,Adriano,Minker,aminker7a@nps.gov,23,Male
1264,Janaye,Lindenblatt,jlindenblatt7b@a8.net,30,Female
1265,Patten,Charsley,pcharsley7c@delicious.com,53,Male
1266,Eunice,Joul,ejoul7d@typepad.com,28,Female
1267,Obidiah,Older,oolder7e@cornell.edu,19,Male
1268,Dieter,Atteridge,datteridge7f@mediafire.com,0,Male
1269,Stephie,McRoberts,smcroberts7g@slashdot.org,48,F
1270,Hobie,Grizard,hgrizard7h@privacy.gov.au,51,Male
1271,Jillian,Licas,jlicas7i@apple.com,0,Female
1272,Eran,Blunn,eblunn7j@timesonline.co.uk,24,Female
1273,Caralie,Dunthorn,cdunthorn7k@indiegogo.com,51 years,Female
1274,Chandra,Tully,ctully7l@bravesites.com,0,Female
1275,Aluino,Bastian,abastian7m@naver.com,29,Male
1276,Ennis,Ethelstone,eethelstone7n@fastcompany.com,59,Male
1277,Leonard,Burlingham,lburlingham7o@usgs.gov,52,Male
1278,Noelani,Dillestone,ndillestone7p@etsy.com,26,Female
1279,Abagail,Germaine,agermaine7q@ask.com,33,Female
1280,Hillel,Thornthwaite,hthornthwaite7r@businessinsider.com,54,
1281,Marven,Treanor,mtreanor7s@forbes.com,24,Male
1282,Garald,Matyja,gmatyja7t@seesaa.net,30,Male
1283,Marius,Hathaway,mhathaway7u@springer.com,19,Male
1284,Victor,Klimkin,vklimkin7v@netscape.com,55,
1285,Joana,Dunbleton,jdunbleton7w@unicef.org,36,Female
1286,Nap,Merriment,nmerriment7x@github.com,24,Male
1287,Bard,Fraczak,bfraczak7y@oracle.com,34,M
1288,Honoria,Macourek,hmacourek7z@merriam-webster.com,19,Female
1289,Irvine,O'Deegan,iodeegan80@oracle.com,24,Male
1290,Scot,Campany,scampany81@state.gov,59,M
1291,Arte,Shortcliffe,ashortcliffe82@nsw.gov.au,44 years,Male
1292,Judah,Gittens,jgittens83@army.mil,21,M
1293,Sibley,Toplis,stoplis84@mozilla.org,52,Female
1294,Alasteir,Cornwell,acornwell85@webnode.com,48 years,Male
1295,Serge,Bottle,sbottle86@geocities.jp,38 years,Male
1296,Sawyere,Featherby,sfeatherby87@bloglovin.com,65,Male
1297,Brok,Drust,bdrust88@bloglovin.com, years,Male
1298,Constancia,Ipsgrave,cipsgrave89@clickbank.net,58,Female
1299,Mikkel,Tate,mtate8a@uiuc.edu,64 years,Male
1300,Federica,Imlaw,fimlaw8b@cisco.com,58,Female
1301,Jasen,Osbaldstone,josbaldstone8c@earthlink.net,57 years,M
1302,Brigg,Rosencwaig,brosencwaig8d@parallels.com,42,
1303,Collete,Baldock,cbaldock8e@domainmarket.com,45,
1304,Shay,Clewer,sclewer8f@xing.com,20,Female
1305,Glynda,McGuffie,gmcguffie8g@fastcompany.com,56 years,Female
1306,Mellicent,Canero,mcanero8h@latimes.com,23,Female
1307,Libby,MacCartair,lmaccartair8i@arstechnica.com,60,Female
1308,Iain,Ansteys,iansteys8j@hao123.com,45 years,Male
1309,Cornelle,Hendriks,chendriks8k@noaa.gov,42,Female
1310,Janel,Stopp,jstopp8l@woothemes.com,27 years,
1311,Eamon,Jenton,ejenton8m@aboutads.info,29,Male
1312,Claus,McPaik,cmcpaik8n@dedecms.com,40,Male
1313,Alvis,Stockport,astockport8o@123-reg.co.uk,50,Male
1314,Yvonne,Ogden,yogden8p@indiegogo.com,50,Female
1315,Borg,Gladding,bgladding8q@narod.ru,57,Male
1316,Onida,Meininking,omeininking8r@youtu.be,65,
1317,Burke,Teasdale-Markie,bteasdalemarkie8s@ox.ac.uk,39,Male
1318,Heloise,Oslar,hoslar8t@nhs.uk,29,Female
1319,Melisenda,Handy,mhandy8u@booking.com,53,Female
1320,Meta,Levecque,mlevecque8v@yolasite.com,58,
1321,Giacopo,Lissimore,glissimore8w@lulu.com,53,
1322,Emmanuel,Pickavant,epickavant8x@rakuten.co.jp,46,Male
1323,Carl,O' Mullane,comullane8y@walmart.com,47,Male
1324,Jennilee,Breckenridge,jbreckenridge8z@oakley.com,28,Female
1325,Evelina,Dobrowski,edobrowski90@spiegel.de,34,F
1326,Kimberlee,Danneil,kdanneil91@soup.io,64,Female
1327,Kendell,Carbry,kcarbry92@shareasale.com,30,Male
1328,Aviva,Tyrwhitt,atyrwhitt93@hc360.com,23,Female
1329,Maddie,Roxburgh,mroxburgh94@nature.com,51,Male
1330,Priscilla,Margrem,pmargrem95@youtube.com,21,Female
1331,Guy,Lowry,glowry96@tmall.com,49,
1332,Gaby,Nesbitt,gnesbitt97@mayoclinic.com,0,Female
1333,Smitty,Rallinshaw,srallinshaw98@economist.com,40 years,Male
1334,Buddie,Haylor,bhaylor99@mashable.com,42,Male
1335,Corny,Fleeman,cfleeman9a@photobucket.com,65,Male
1336,Clio,Murrow,cmurrow9b@hhs.gov,25,F
1337,Regen,Brosnan,rbrosnan9c@merriam-webster.com,46,Male
1338,Haskell,Petrov,hpetrov9d@scientificamerican.com,39 years,Male
1339,Caitrin,Fifoot,cfifoot9e@washingtonpost.com,54,Female
1340,Percival,Chellenham,pchellenham9f@google.com.au,35 years,Male
1341,Rozalie,Sawle,rsawle9g@godaddy.com,41 years,Female
1342,Orlan,Roxby,oroxby9h@nasa.gov,58,Male
1343,Ralph,Brabant,rbrabant9i@issuu.com,21,M
1344,Mira,Stonehouse,mstonehouse9j@delicious.com,37,Female
1345,Ruggiero,Acarson,racarson9k@netlog.com,36 years,Male
1346,Paco,Hulmes,phulmes9l@google.it,55,Male
1347,Jane,Mellenby,jmellenby9m@auda.org.au,31 years,F
1348,Cristiano,McKimmey,cmckimmey9n@ustream.tv,45,Male
1349,Rory,Henner,rhenner9o@reference.com,0,Female
1350,Arch,Torritti,atorritti9p@linkedin.com,0,M
1351,Scotty,Darell,sdarell9q@com.com,52,Male
1352,Dillie,Longmire,dlongmire9r@intel.com,19 years,Male
1353,Howard,Beggio,hbeggio9s@amazonaws.com,19,Male
1354,Lissi,Buttrey,lbuttrey9t@wunderground.com,34 years,Female
1355,Vivienne,Earley,vearley9u@usgs.gov,27,Female
1356,Zebadiah,Tidcomb,ztidcomb9v@redcross.org,27,
1357,Jenda,Weaver,jweaver9w@sphinn.com,40,Female
1358,Janeczka,Son,json9x@oakley.com,23 years,Female
1359,Innis,Miliffe,imiliffe9y@irs.gov,60,Male
1360,Marco,McMoyer,mmcmoyer9z@psu.edu,28,Male
1361,York,Caulcutt,ycaulcutta0@noaa.gov,60 years,Male
1362,Franzen,McCalister,fmccalistera1@buzzfeed.com,39,Male
1363,Ado,Melin,amelina2@gizmodo.com,20,M
1364,Gerrard,McElrath,gmcelratha3@springer.com,40,M
1365,Blinnie,Alexis,balexisa4@wordpress.org,63,F
1366,Victoria,Hendrik,vhendrika5@printfriendly.com,51,
1367,Moses,Oscroft,moscrofta6@edublogs.org,42,Male
1368,Roosevelt,Sacher,rsachera7@studiopress.com,51,Male
1369,Efrem,Valentin,evalentina8@nymag.com,59,Male
1370,Thorndike,Wicklin,twicklina9@ask.com,40,Male
1371,Alisun,Goodanew,agoodanewaa@istockphoto.com,60 years,F
1372,Brita,Smart,bsmartab@prlog.org,25,
1373,Nonah,Marunchak,nmarunchakac@yellowpages.com,0,Female
1374,Alicia,Mayhow,amayhowad@1und1.de,29 years,
1375,Christabella,Terrill,cterrillae@i2i.jp,59 years,Female
1376,Monro,Glozman,mglozmanaf@unesco.org,42 years,Male
1377,Halie,Elcy,helcyag@hugedomains.com,0,F
1378,Dorree,D'Aubney,ddaubneyah@princeton.edu,20,Female
1379,Liz,Colleran,lcolleranai@storify.com,57 years,Female
1380,Karol,Ferreres,kferreresaj@friendfeed.com,57,Female
1381,Elysia,Wolfart,ewolfartak@fastcompany.com,57,Female
1382,Linnell,Jirus,ljirusal@ucoz.com,52,Female
1383,Aldwin,Attwooll,aattwoollam@jalbum.net,37 years,
1384,Cletus,Kalkofen,ckalkofenan@cafepress.com,46,Male
1385,Raimund,Baversor,rbaversorao@accuweather.com,0,Male
1386,Myrle,Saull,msaullap@cisco.com,23 years,Female
1387,Rosie,Girogetti,rgirogettiaq@spotify.com, years,Female
1388,Grover,Ghost,gghostar@latimes.com,30,Male
1389,Dmitri,Ovanesian,dovanesianas@issuu.com,64,Male
1390,Lexie,Dilleston,ldillestonat@imdb.com,64,Female
1391,Nealy,Border,nborderau@house.gov,53,M
1392,Jocko,Fellman,jfellmanav@wix.com,42,M
1393,Bari,Axby,baxbyaw@google.com,40,Female
1394,Charlot,Manuelli,cmanuelliax@eventbrite.com,0,Female
1395,Waverley,Buessen,wbuessenay@blogger.com,57,Male
1396,Ernesta,Egdal,eegdalaz@deviantart.com,43,Female
1397,Melissa,Kisby,mkisbyb0@list-manage.com,22,Female
1398,Olivette,Bortoloni,obortolonib1@addtoany.com,33,Female
1399,Dom,Pafford,dpaffordb2@g.co,58,Male
1400,Darbee,Perot,dperotb3@google.pl,18,Male
1401,Curr,Holgan,cholganb4@cyberchimps.com,48,Male
1402,Rafe,Timmens,rtimmensb5@wsj.com,49,
1403,Helli,Gaine of England,hgaineofenglandb6@bigcartel.com,46 years,F
1404,Ofilia,Malin,omalinb7@ed.gov,40 years,
1405,Mirella,Causley,mcausleyb8@google.com.hk,0,Female
1406,Lezlie,Ilyas,lilyasb9@twitter.com,21,Female
1407,Annadiane,Towle,atowleba@dot.gov,49,Female
1408,Geralda,Baglin,gbaglinbb@utexas.edu,54 years,Female
1409,Wilmette,Sutterfield,wsutterfieldbc@nsw.gov.au,0,F
1410,Yvonne,Lacase,ylacasebd@spiegel.de,33,Female
1411,Rodolfo,Stocken,rstockenbe@jalbum.net,57,Male
1412,Merrel,Pires,mpiresbf@microsoft.com,34 years,Male
1413,Helyn,Kearns,hkearnsbg@wisc.edu,52,
1414,Cal,Sorrel,csorrelbh@hud.gov,23 years,Female
1415,Jodie,Utterson,juttersonbi@wordpress.org,54,
1416,Sandy,Bellord,sbellordbj@cargocollective.com,65,Male
1417,Tamqrah,McNiven,tmcnivenbk@alexa.com,25 years,Female
1418,Susana,Kerton,skertonbl@twitpic.com,32,Female
1419,Sim,O'Kielt,sokieltbm@foxnews.com,31,
1420,Abbe,Fills,afillsbn@live.com,50,Female
1421,Gale,Suttaby,gsuttabybo@51.la,55,Male
1422,Conny,Gillean,cgilleanbp@newyorker.com,0,Male
1423,Brion,Ruseworth,bruseworthbq@nasa.gov,60,Male
1424,Sigmund,Michell,smichellbr@mail.ru,27,Male
1425,Estella,Soames,esoamesbs@uol.com.br,38,Female
1426,Terrill,Marcussen,tmarcussenbt@jugem.jp,27,Male
1427,Cortney,Cornu,ccornubu@nps.gov,28,Female
1428,Ilka,Partner,ipartnerbv@blinklist.com,63,Female
1429,Donella,Sewell,dsewellbw@netscape.com,38,Female
1430,Lory,Gobert,lgobertbx@guardian.co.uk,43,Female
1431,Danni,Grandisson,dgrandissonby@mayoclinic.com,63 years,Female
1432,Caleb,Flewett,cflewettbz@reddit.com,62 years,Male
1433,York,Gummow,ygummowc0@vistaprint.com,54,Male
1434,Delia,Guilleton,dguilletonc1@mit.edu,50,Female
1435,Renard,Wonfar,rwonfarc2@ucoz.ru,25,Male
1436,Munmro,Ikins,mikinsc3@cam.ac.uk,21,Male
1437,Verine,Rootham,vroothamc4@miibeian.gov.cn,40,Female
1438,Boot,Alster,balsterc5@sciencedaily.com,0,Male
1439,Davidde,Chamberlin,dchamberlinc6@1und1.de,51,Male
1440,Dewey,Bantick,dbantickc7@marketwatch.com,40,Male
1441,Tara,Crighton,tcrightonc8@so-net.ne.jp,0,Female
1442,Jamima,Massen,jmassenc9@themeforest.net,38,Female
1443,Cyrillus,Ledram,cledramca@umich.edu,58,Male
1444,Corabelle,Ransley,cransleycb@prweb.com,55,Female
1445,Mildred,Grevatt,mgrevattcc@hostgator.com,27,Female
1446,Shayne,Parks,sparkscd@constantcontact.com,22,Male
1447,Sela,Sterre,ssterrece@cbslocal.com,41,Female
1448,Andreas,Dominiak,adominiakcf@discovery.com,49,M
1449,Cortney,Sedgebeer,csedgebeercg@google.nl,30,Female
1450,Minda,Blowin,mblowinch@wikia.com,44,Female
1451,Britt,Jerams,bjeramsci@samsung.com,64,Female
1452,Solomon,Allenson,sallensoncj@blogspot.com,63,M
1453,Shelby,Devany,sdevanyck@newsvine.com,39,Male
1454,Paddy,Andino,pandinocl@smh.com.au,56 years,Male
1455,Kip,Lindenboim,klindenboimcm@dagondesign.com,52,Female
1456,Romona,Ceeley,rceeleycn@goo.ne.jp,57,Female
1457,Mellisent,Swanston,mswanstonco@wix.com,30,Female
1458,Raye,Bagley,rbagleycp@issuu.com,35,F
1459,Jodi,Belhome,jbelhomecq@addtoany.com,21,Male
1460,Malcolm,Moulsdall,mmoulsdallcr@alexa.com,24,Male
1461,Martelle,Trimby,mtrimbycs@ezinearticles.com,0,Female
1462,Nicol,Geldeford,ngeldefordct@usnews.com,57,
1463,Moyna,Leguey,mlegueycu@bandcamp.com,31,
1464,Lock,Kellet,lkelletcv@blog.com,0,
1465,Ed,Indgs,eindgscw@sourceforge.net,0,Male
1466,Rafferty,Tieraney,rtieraneycx@yellowbook.com,26,Male
1467,Fancy,Bowerbank,fbowerbankcy@vimeo.com,35,Female
1468,Almira,Chalfain,achalfaincz@bluehost.com,38,Female
1469,Victor,Hebburn,vhebburnd0@va.gov,36 years,Male
1470,Dugald,Kerridge,dkerridged1@quantcast.com,42,M
1471,Arnold,Troughton,atroughtond2@tripadvisor.com,32,Male
1472,Stacy,Mockler,smocklerd3@mtv.com,48,M
1473,Mata,Maun,mmaund4@dropbox.com,0,Male
1474,Sigfried,Gotcliffe,sgotcliffed5@google.ca,46,Male
1475,Ardys,Saggs,asaggsd6@pcworld.com, years,Female
1476,Tedman,Mandal,tmandald7@ucoz.ru,63,Male
1477,Davin,Sheekey,dsheekeyd8@whitehouse.gov,55,Male
1478,Merla,Baldacchi,mbaldacchid9@biglobe.ne.jp,33 years,Female
1479,Taber,Feaster,tfeasterda@hp.com,0,Male
1480,Matias,Saywood,msaywooddb@sfgate.com,45,Male
1481,Lucian,Haith,lhaithdc@usda.gov,53 years,Male
1482,Pieter,Figg,pfiggdd@ehow.com,0,Male
1483,Brockie,Ambrois,bambroisde@woothemes.com,45,Male
1484,Hollis,Bowich,hbowichdf@fc2.com,45 years,Male
1485,Janel,Dron,jdrondg@google.co.jp,46 years,
1486,Benita,Abethell,babethelldh@taobao.com,48 years,Female
1487,Kelila,Thewless,kthewlessdi@zimbio.com,51,Female
1488,Merry,Huniwall,mhuniwalldj@yelp.com,18,Female
1489,Arty,Faireclough,afairecloughdk@mayoclinic.com,21,Male
1490,Vladimir,O'Hoolahan,vohoolahandl@earthlink.net,43,Male
1491,Lesli,Dunaway,ldunawaydm@businessinsider.com,61,Female
1492,Thomasa,Goodin,tgoodindn@fastcompany.com,47,F
1493,Kasper,Tersay,ktersaydo@timesonline.co.uk,41,M
1494,Hildegarde,Lutas,hlutasdp@state.gov,54,Female
1495,Parnell,Esmead,pesmeaddq@blogtalkradio.com,0,Male
1496,Cora,Marquet,cmarquetdr@nhs.uk,59,Female
1497,Konstance,Ors,korsds@linkedin.com,56,
1498,Timmi,Angelo,tangelodt@stumbleupon.com, years,Female
1499,Alick,Butte,abuttedu@nba.com,38 years,Male
1500,Claudell,Nan Carrow,cnancarrowdv@xrea.com,45,M
1501,Jerrylee,Baglin,jbaglindw@symantec.com,27,Female
1502,Blaine,Avrahamoff,bavrahamoffdx@com.com,34,Male
1503,Wilek,Lohrensen,wlohrensendy@t-online.de,47,
1504,Margaretta,Kernoghan,mkernoghandz@economist.com,25,Female
1505,Norene,Gear,ngeare0@blogtalkradio.com,0,Female
1506,Fannie,Gerraty,fgerratye1@ocn.ne.jp,49,F
1507,Lizbeth,Kabisch,lkabische2@about.me,27,Female
1508,Sheff,Chiechio,schiechioe3@behance.net,38,Male
1509,Gilberto,Ivashnikov,givashnikove4@dell.com,0,Male
1510,Jenifer,Ping,jpinge5@mit.edu,20,Female
1511,Delcine,Frounks,dfrounkse6@devhub.com, years,Female
1512,Jeromy,Rennolds,jrennoldse7@archive.org,19,Male
1513,Cynthea,Foy,cfoye8@spotify.com,25,F
1514,Hamlen,Aikenhead,haikenheade9@addthis.com,31,Male
1515,Stephanie,Stych,sstychea@prlog.org,26,Female
1516,Midge,Doll,mdolleb@nifty.com,56,Female
1517,Alfonse,Landor,alandorec@nhs.uk,52,M
1518,Orelie,Renfrew,orenfrewed@narod.ru,24,Female
1519,Chester,Westmarland,cwestmarlandee@psu.edu,27,Male
1520,Chance,Jacquemy,cjacquemyef@walmart.com,0,Male
1521,Marijo,Iacovelli,miacovellieg@tinypic.com,31,Female
1522,Torin,Whyberd,twhyberdeh@vkontakte.ru,43,Male
1523,Phillida,Cripps,pcrippsei@ihg.com,49,Female
1524,Spence,Byars,sbyarsej@list-manage.com,26,Male
1525,Renell,Hoston,rhostonek@columbia.edu,44,Female
1526,Ignatius,Haysar,ihaysarel@github.com,51,Male
1527,Gill,Wittering,gwitteringem@dropbox.com,56,F
1528,Annalee,Maraga,amaragaen@behance.net,24,F
1529,Judon,Cristoforetti,jcristoforettieo@craigslist.org,38 years,Male
1530,Aharon,Eckhard,aeckhardep@meetup.com,36,Male
1531,Rodd,Nutley,rnutleyeq@admin.ch,0,Male
1532,Fancy,Hudd,fhudder@google.com, years,Female
1533,Jefferson,Bolmann,jbolmannes@wunderground.com,65,Male
1534,Netta,Maffin,nmaffinet@shop-pro.jp,60 years,Female
1535,Heall,Gormally,hgormallyeu@goodreads.com,0,Male
1536,Therese,McRae,tmcraeev@weibo.com,54,F
1537,Bryana,Grinikhinov,bgrinikhinovew@shinystat.com,37,Female
1538,Elene,Draycott,edraycottex@ted.com,46 years,Female
1539,Fionnula,Donaho,fdonahoey@va.gov,59,F
1540,Tanya,Hacquel,thacquelez@mashable.com,25,F
1541,Mignon,Mustoo,mmustoof0@nyu.edu,38,Female
1542,Faulkner,Ranscome,franscomef1@ycombinator.com,37,
1543,Elinor,Cleaver,ecleaverf2@howstuffworks.com,24,F
1544,Avigdor,Markwelley,amarkwelleyf3@slashdot.org,52,Male
1545,Jerry,Dolby,jdolbyf4@amazonaws.com,24,
1546,Eadie,Soane,esoanef5@woothemes.com,32 years,
1547,Bartlet,Kentish,bkentishf6@google.nl,46,Male
1548,Locke,Goggin,lgogginf7@imageshack.us,49,Male
1549,Gratia,Dipple,gdipplef8@blinklist.com,58 years,Female
1550,Clint,Arnefield,carnefieldf9@geocities.com,47,Male
1551,Palmer,Brou,pbroufa@ustream.tv,0,M
1552,Cirillo,Wesgate,cwesgatefb@apple.com,33 years,M
1553,Burlie,Croom,bcroomfc@php.net,21,M
1554,Lucilia,Walisiak,lwalisiakfd@w3.org,56,Female
1555,Tobe,Freyn,tfreynfe@marketwatch.com,34,
1556,Ardelle,Dallin,adallinff@skyrock.com,18,F
1557,Bronnie,Inglesfield,binglesfieldfg@wikispaces.com,40,Male
1558,Gabey,Smallridge,gsmallridgefh@whitehouse.gov,62,Female
1559,Dev,Roomes,droomesfi@mtv.com,65,M
1560,Carie,Guitonneau,cguitonneaufj@sourceforge.net,34,Female
1561,Roselle,Upcott,rupcottfk@youtu.be,62,Female
1562,Umberto,Gilmartin,ugilmartinfl@oracle.com,58 years,Male
1563,Ernestus,Zavattari,ezavattarifm@mashable.com,36,Male
1564,Che,Sides,csidesfn@free.fr,62,Male
1565,Chico,Blasik,cblasikfo@cdc.gov,0,
1566,Blane,Mulholland,bmulhollandfp@baidu.com,42,Male
1567,Valaria,Beake,vbeakefq@businessinsider.com,36,Female
1568,Horatia,Shuker,hshukerfr@usgs.gov,35 years,Female
1569,Duffie,Cunniff,dcunnifffs@illinois.edu,22,Male
1570,Jacob,Savage,jsavageft@amazon.co.jp,32,M
1571,Grenville,Bedle,gbedlefu@slideshare.net,56 years,Male
1572,Cornelle,Ranner,crannerfv@bloomberg.com,0,
1573,Codi,Mawford,cmawfordfw@weather.com,54,Male
1574,Bond,Monnoyer,bmonnoyerfx@sina.com.cn,37 years,Male
1575,Hasheem,Deverson,hdeversonfy@comsenz.com,34 years,Male
1576,Giselbert,Morden,gmordenfz@drupal.org,19,Male
1577,Brook,Antyshev,bantyshevg0@cisco.com,34,Female
1578,Kippy,Hucknall,khucknallg1@desdev.cn,33,F
1579,Miquela,Kennington,mkenningtong2@biglobe.ne.jp,46,F
1580,Osborn,Vye,ovyeg3@paginegialle.it,35,Male
1581,Prudy,Alenichev,palenichevg4@who.int,64 years,Female
1582,Colby,Ocklin,cockling5@rambler.ru,0,M
1583,Allyce,Edmeades,aedmeadesg6@businessweek.com,0,Female
1584,Adel,Horwell,ahorwellg7@soup.io,40,Female
1585,Michale,Matiashvili,mmatiashvilig8@elegantthemes.com,46,Male
1586,Denny,Brightman,dbrightmang9@sciencedirect.com,65,
1587,Karina,Schwieso,kschwiesoga@ning.com,27,Female
1588,Ryun,Genge,rgengegb@newsvine.com,0,Male
1589,Betta,Aires,bairesgc@1688.com,34,Female
1590,Debora,O'Doogan,dodoogangd@edublogs.org,40,Female
1591,Hi,Reburn,hreburnge@bloglines.com,54,Male
1592,Sandro,Bickmore,sbickmoregf@cmu.edu,30,Male
1593,Agnesse,McGenis,amcgenisgg@google.com.hk,53 years,Female
1594,Marney,Tomasian,mtomasiangh@comsenz.com,58,F
1595,Sammy,Kinze,skinzegi@hao123.com,0,Male
1596,Nolana,Baline,nbalinegj@omniture.com,46 years,
1597,Noelani,Gotthard.sf,ngotthardsfgk@reuters.com,33 years,Female
1598,Xaviera,Leyband,xleybandgl@foxnews.com,19,Female
1599,Mart,Barme,mbarmegm@sun.com,54,Male
1600,Cecilius,Almey,calmeygn@examiner.com,58 years,Male
1601,Alfie,Latch,alatchgo@51.la,48,Male
1602,Pen,Steventon,psteventongp@webnode.com,61,Male
1603,Andrei,Bricket,abricketgq@typepad.com,40,
1604,Susannah,Madner,smadnergr@amazon.co.uk,37,Female
1605,Vachel,Volage,vvolagegs@canalblog.com,26,Male
1606,Richie,Chrestien,rchrestiengt@com.com,53,Male
1607,Lucas,Lackner,llacknergu@slate.com,55,Male
1608,Alick,Aronovitz,aaronovitzgv@tamu.edu,24,Male
1609,Willy,Dregan,wdregangw@accuweather.com,60,Female
1610,Cale,Alfonsini,calfonsinigx@pinterest.com,28 years,Male
1611,Moll,Frosdick,mfrosdickgy@yale.edu,31,Female
1612,Carroll,Northridge,cnorthridgegz@abc.net.au,56 years,M
1613,Ezmeralda,Airton,eairtonh0@php.net,0,Female
1614,Tabina,Bispham,tbisphamh1@indiegogo.com,0,F
1615,Garrott,Tuppeny,gtuppenyh2@weibo.com,24,Male
1616,L;urette,Lisett,llisetth3@nyu.edu,20,Female
1617,Eldridge,Purvess,epurvessh4@sun.com,59,Male
1618,Barnebas,Beneteau,bbeneteauh5@yandex.ru,34,Male
1619,Danya,Piegrome,dpiegromeh6@ustream.tv,54,Male
1620,Ericha,Burtonwood,eburtonwoodh7@time.com,29,F
1621,Onida,Jacqueme,ojacquemeh8@elegantthemes.com,20 years,F
1622,Nicholle,Ohms,nohmsh9@github.io,36,F
1623,Adlai,Padley,apadleyha@disqus.com,57,Male
1624,Stafford,Garbutt,sgarbutthb@parallels.com,54,Male
1625,Sancho,Averay,saverayhc@addthis.com,35,
1626,Nickey,Laird,nlairdhd@springer.com,62 years,Male
1627,Dulcea,MacIllrick,dmacillrickhe@bbb.org,0,Female
1628,Barby,Depport,bdepporthf@istockphoto.com,32,Female
1629,Frankie,Garvey,fgarveyhg@arstechnica.com,28,F
1630,Cornela,Bretherton,cbrethertonhh@creativecommons.org,18,Female
1631,Hilary,Niblo,hniblohi@symantec.com,27 years,Female
1632,Stacie,Cronshaw,scronshawhj@elegantthemes.com,34,Female
1633,Claudell,Willimott,cwillimotthk@qq.com,23,Male
1634,Lazarus,Briscow,lbriscowhl@jugem.jp,25,Male
1635,Dallis,Schuchmacher,dschuchmacherhm@noaa.gov,48,
1636,Codie,Meineking,cmeinekinghn@lulu.com,61 years,Female
1637,Oswell,Arpin,oarpinho@cisco.com,19 years,Male
1638,Megen,Hammelberg,mhammelberghp@friendfeed.com,39,Female
1639,Dick,Stovold,dstovoldhq@canalblog.com,28,Male
1640,Koren,Joskovitch,kjoskovitchhr@google.nl,64,Female
1641,Bonnibelle,Iddiens,biddienshs@naver.com,26,Female
1642,Patton,Rizzardi,prizzardiht@mysql.com,39,Male
1643,Florina,Eltune,feltunehu@de.vu,37,
1644,Ermanno,Haill,ehaillhv@netvibes.com,35 years,Male
1645,Timothee,Andriuzzi,tandriuzzihw@kickstarter.com,64,Male
1646,Manuel,Lisamore,mlisamorehx@networkadvertising.org,0,M
1647,Melvyn,Tindle,mtindlehy@weather.com,64,Male
1648,Julina,Baybutt,jbaybutthz@wisc.edu,34,Female
1649,Weylin,Brimilcombe,wbrimilcombei0@vinaora.com,21,Male
1650,Sarge,Kingswell,skingswelli1@tinypic.com,49,Male
1651,Elisabetta,Henrych,ehenrychi2@tripadvisor.com,21,F
1652,Thain,Sidworth,tsidworthi3@squarespace.com,23,M
1653,Fionna,Ribbon,fribboni4@uiuc.edu, years,F
1654,Darla,Bedin,dbedini5@mediafire.com, years,Female
1655,Galvan,Zannutti,gzannuttii6@independent.co.uk,32,Male
1656,Dulcine,Cordsen,dcordseni7@ed.gov,34 years,Female
1657,Susanetta,Couttes,scouttesi8@comsenz.com,40,Female
1658,Darcy,Treweek,dtreweeki9@bbc.co.uk,20,M
1659,Kariotta,Stelli,kstelliia@infoseek.co.jp,49 years,Female
1660,Kelsey,Birkwood,kbirkwoodib@biblegateway.com,50,M
1661,Theodore,Tschierasche,ttschierascheic@topsy.com,26 years,Male
1662,Freeman,Hathorn,fhathornid@indiegogo.com,34,Male
1663,Luella,Palethorpe,lpalethorpeie@weebly.com,35,Female
1664,Hernando,Henric,hhenricif@nba.com,29,Male
1665,Brody,Binstead,bbinsteadig@usgs.gov,0,M
1666,Nonah,Gerant,ngerantih@time.com,55,
1667,Carley,Kleingrub,ckleingrubii@businesswire.com,57,Female
1668,Lyell,McGown,lmcgownij@feedburner.com,42 years,M
1669,Baxie,Caldicott,bcaldicottik@microsoft.com,20,Male
1670,Colan,Cullingford,ccullingfordil@buzzfeed.com,33,Male
1671,Gav,Freestone,gfreestoneim@mapquest.com,26,Male
1672,Celestina,Furze,cfurzein@netlog.com,30 years,Female
1673,Twyla,Sleep,tsleepio@eventbrite.com,47,Female
1674,Christie,Cessford,ccessfordip@netscape.com,36,Female
1675,Morse,Detloff,mdetloffiq@cyberchimps.com,62,
1676,Bryce,Dudill,bdudillir@berkeley.edu,33,M
1677,Jacquette,Philipsson,jphilipssonis@trellian.com,39,Female
1678,Aurthur,Brockwell,abrockwellit@fema.gov,49 years,
1679,Shelby,Bus,sbusiu@springer.com,61,Male
1680,Paddie,Toyne,ptoyneiv@list-manage.com,30,M
1681,Huntlee,Millmoe,hmillmoeiw@rambler.ru,23,Male
1682,Patricia,Booley,pbooleyix@elegantthemes.com,61 years,Female
1683,Darin,Gloucester,dgloucesteriy@harvard.edu,0,Male
1684,Georgeanne,Udy,gudyiz@netscape.com,62,Female
1685,Gabrielle,Elldred,gelldredj0@npr.org,42,Female
1686,Hilde,Scholig,hscholigj1@hud.gov,0,Female
1687,Carmela,Froude,cfroudej2@ifeng.com,20,Female
1688,Vidovic,Alexandrou,valexandrouj3@wsj.com,62,M
1689,Miltie,Whyborne,mwhybornej4@salon.com,18,Male
1690,Chancey,Aldwich,caldwichj5@creativecommons.org,0,Male
1691,Beverie,Milligan,bmilliganj6@squarespace.com,59,Female
1692,Hakeem,McNeish,hmcneishj7@newsvine.com,51,Male
1693,Rufe,Nicklinson,rnicklinsonj8@tripadvisor.com,46,Male
1694,Timothea,Brydone,tbrydonej9@bloglines.com,55,Female
1695,Anne-marie,Stuther,astutherja@pagesperso-orange.fr,22 years,Female
1696,Binky,Cawcutt,bcawcuttjb@drupal.org,65,Male
1697,Eula,Moreby,emorebyjc@businesswire.com,48,Female
1698,Laural,Soal,lsoaljd@geocities.com,55,F
1699,Adams,Phippin,aphippinje@ebay.com,25,
1700,Lemmy,Juorio,ljuoriojf@redcross.org,23,Male
1701,Colby,Statersfield,cstatersfieldjg@purevolume.com,38,M
1702,Jason,Duncklee,jdunckleejh@merriam-webster.com,42,Male
1703,Carlee,Brahmer,cbrahmerji@skyrock.com,36,Female
1704,Cyril,Jean,cjeanjj@cocolog-nifty.com,58,M
1705,Cher,Tofanelli,ctofanellijk@google.de,29,Female
1706,Danila,MacCoveney,dmaccoveneyjl@fotki.com,48,Female
1707,Ashly,Stollen,astollenjm@soup.io,28,Female
1708,Glennie,Gerrey,ggerreyjn@list-manage.com,19,Female
1709,Aldus,Medland,amedlandjo@unesco.org,55,Male
1710,Onida,Harpin,oharpinjp@reverbnation.com,0,Female
1711,Hastie,Newson,hnewsonjq@chicagotribune.com,29,Male
1712,Shannan,Lapslie,slapsliejr@mapquest.com,48,Male
1713,Nelie,Mullally,nmullallyjs@webeden.co.uk,20,F
1714,Dov,Cashell,dcashelljt@indiatimes.com,36,Male
1715,Larina,Cruickshank,lcruickshankju@nymag.com,29,F
1716,Tara,Uzzell,tuzzelljv@cloudflare.com,36,Female
1717,Orazio,Sellan,osellanjw@hao123.com,56,Male
1718,Gordie,Jestico,gjesticojx@eventbrite.com,33,M
1719,Prentice,Davidavidovics,pdavidavidovicsjy@oracle.com,0,M
1720,Lusa,Arangy,larangyjz@posterous.com,43 years,Female
1721,Wolf,Titchard,wtitchardk0@wisc.edu, years,Male
1722,Merv,Iacovazzi,miacovazzik1@uiuc.edu,34,Male
1723,Adiana,Gullyes,agullyesk2@amazon.co.uk,31 years,F
1724,Dale,Plumbe,dplumbek3@va.gov,60,F
1725,Cull,Pappin,cpappink4@globo.com,64,Male
1726,Valeria,Hamfleet,vhamfleetk5@yellowpages.com,48,Female
1727,Marylou,Werrett,mwerrettk6@vinaora.com,43,
1728,Linette,Patershall,lpatershallk7@auda.org.au,60,Female
1729,Halley,Hayford,hhayfordk8@unesco.org,0,Female
1730,Elmo,Shakelady,eshakeladyk9@yolasite.com,0,M
1731,Sherri,Purdom,spurdomka@npr.org,18,Female
1732,Guss,Spellicy,gspellicykb@google.com,26,Male
1733,Laurice,Phateplace,lphateplacekc@discovery.com,21 years,Female
1734,Rolland,MattiCCI,rmatticcikd@goo.ne.jp,60,Male
1735,Cristin,Godbert,cgodbertke@alexa.com,30,Female
1736,Fairfax,Brawn,fbrawnkf@theatlantic.com,37,
1737,Sella,Redd,sreddkg@buzzfeed.com,34,
1738,Kimmy,Kewley,kkewleykh@msn.com,57 years,Female
1739,Ninnette,Labet,nlabetki@bravesites.com,0,Female
1740,Dermot,Goundsy,dgoundsykj@narod.ru,60,Male
1741,Freida,Bett,fbettkk@mysql.com,50,Female
1742,Ranique,Lee,rleekl@nasa.gov,0,Female
1743,Hilliard,Cock,hcockkm@google.ru,51,Male
1744,Lief,Le Breton,llebretonkn@mozilla.org,43,M
1745,Chaddy,Fanner,cfannerko@japanpost.jp,0,M
1746,Randie,Week,rweekkp@vk.com,0,F
1747,Ramonda,Trodler,rtrodlerkq@weebly.com,52,Female
1748,Isabella,Ansley,iansleykr@bbb.org,0,Female
1749,Emilee,Flight,eflightks@latimes.com,61 years,F
1750,Edmon,Esplin,eesplinkt@shop-pro.jp,27,Male
1751,Antoinette,Bagenal,abagenalku@noaa.gov,32 years,Female
1752,Maddy,Simononsky,msimononskykv@harvard.edu,25,Male
1753,Enrica,Fronczak,efronczakkw@imgur.com,46,Female
1754,Dyane,Boutton,dbouttonkx@google.de,55,F
1755,Wilow,Laverty,wlavertyky@icio.us,23,Female
1756,Burt,Cowthard,bcowthardkz@163.com,28,Male
1757,Byram,Vowells,bvowellsl0@aol.com,28,
1758,Bobbi,Pryer,bpryerl1@hubpages.com,59,Female
1759,Mozes,Cubley,mcubleyl2@wunderground.com,22,Male
1760,Noach,Whatman,nwhatmanl3@canalblog.com,36,Male
1761,Roxanna,Alleyne,ralleynel4@apple.com,21,Female
1762,Danette,McQuorkel,dmcquorkell5@npr.org,59 years,Female
1763,Ardenia,Bravington,abravingtonl6@domainmarket.com,59,Female
1764,Krishna,Taffie,ktaffiel7@goodreads.com,32 years,
1765,Jarvis,Littlemore,jlittlemorel8@mapquest.com,58,M
1766,Bat,Headings,bheadingsl9@sina.com.cn,65,Male
1767,Courtenay,Ovitts,covittsla@marketwatch.com,0,
1768,Stacy,Deeley,sdeeleylb@godaddy.com,58 years,Male
1769,Lee,Coe,lcoelc@ft.com,20,
1770,Nerte,Vyse,nvyseld@thetimes.co.uk,28 years,F
1771,Bank,Boutellier,bboutellierle@cisco.com,21,Male
1772,Dyanne,Dowda,ddowdalf@multiply.com,20,Female
1773,Dela,Dike,ddikelg@ftc.gov, years,Female
1774,Adelina,Blaszczyk,ablaszczyklh@about.me,34,F
1775,Deena,Harling,dharlingli@ucoz.com,48,Female
1776,Hermann,Allberry,hallberrylj@apple.com,59,Male
1777,Lyman,Burling,lburlinglk@xing.com,50,Male
1778,Dannel,Debenham,ddebenhamll@hud.gov,39,Male
1779,Thedric,Jaher,tjaherlm@webeden.co.uk, years,Male
1780,Carlie,Francino,cfrancinoln@examiner.com,61,Male
1781,Valentine,Carmo,vcarmolo@nyu.edu,46 years,Female
1782,Cordy,Jimson,cjimsonlp@51.la,53 years,F
1783,Kaile,Clemmey,kclemmeylq@amazon.co.jp,64,Female
1784,Cesaro,Langshaw,clangshawlr@irs.gov,0,M
1785,Archaimbaud,Antosch,aantoschls@dailymotion.com,22 years,Male
1786,Nomi,Nacci,nnaccilt@state.tx.us,0,Female
1787,Joshuah,Impey,jimpeylu@ustream.tv,49,Male
1788,Dasie,Castree,dcastreelv@drupal.org,52,
1789,Ashley,Earie,aearielw@yolasite.com,0,Female
1790,Cornie,Whatham,cwhathamlx@netlog.com,44,Female
1791,Marice,Valintine,mvalintinely@nih.gov,62 years,F
1792,Crista,Milroy,cmilroylz@homestead.com,61,Female
1793,Noble,Lyburn,nlyburnm0@youtube.com,51,Male
1794,Boot,Leeves,bleevesm1@trellian.com,50 years,Male
1795,Borden,O'Riordan,boriordanm2@canalblog.com,18 years,Male
1796,North,Dollimore,ndollimorem3@oaic.gov.au,64,M
1797,Menard,Dewire,mdewirem4@seattletimes.com,52 years,Male
1798,Blancha,Belone,bbelonem5@digg.com,37,Female
1799,Borg,Kemme,bkemmem6@boston.com,35 years,Male
1800,Celesta,Hiscocks,chiscocksm7@cloudflare.com,54,Female
1801,Cecelia,Hounihan,chounihanm8@comcast.net,32,Female
1802,Almeria,Lenchenko,alenchenkom9@newsvine.com,59,
1803,Aluino,Joplin,ajoplinma@yelp.com,38,Male
1804,Durant,Killock,dkillockmb@ameblo.jp,59 years,M
1805,Towny,Skedge,tskedgemc@1688.com, years,Male
1806,Maggi,Petrelli,mpetrellimd@wikipedia.org,27,Female
1807,Angele,Paolotto,apaolottome@wp.com,49 years,Female
1808,Carilyn,Pessold,cpessoldmf@typepad.com,35,Female
1809,Legra,Corless,lcorlessmg@constantcontact.com,57 years,Female
1810,Bentley,Cinderey,bcindereymh@whitehouse.gov,28,M
1811,Ulric,Boom,uboommi@about.me,18,Male
1812,Wenonah,Lunbech,wlunbechmj@google.pl,63,Female
1813,Vida,Dello,vdellomk@npr.org,54 years,Female
1814,Devora,De Beauchemp,ddebeauchempml@wordpress.com,65,Female
1815,Arlina,Phinnessy,aphinnessymm@rambler.ru,64,Female
1816,Linnie,Hurndall,lhurndallmn@ca.gov,0,F
1817,Carol,Tomasello,ctomasellomo@umich.edu,63,Female
1818,Cindie,Aynsley,caynsleymp@simplemachines.org,61,
1819,Penelopa,Pulsford,ppulsfordmq@cargocollective.com,35,Female
1820,Selestina,Greenstead,sgreensteadmr@typepad.com,29,F
1821,Pen,Duckit,pduckitms@dropbox.com,54,Female
1822,Wilmer,Rizzi,wrizzimt@dailymail.co.uk,48,M
1823,Marley,Benettelli,mbenettellimu@pen.io,43,Female
1824,Conway,Holme,cholmemv@xing.com,18,Male
1825,Pooh,Aloshikin,paloshikinmw@nyu.edu,23,Male
1826,Mordy,Suche,msuchemx@hexun.com,42,Male
1827,Ermengarde,Titta,etittamy@sakura.ne.jp,34,
1828,Jarret,Geach,jgeachmz@woothemes.com,61,Male
1829,Ruttger,Squirrel,rsquirreln0@google.com.br,52,M
1830,Rene,Heritege,rheritegen1@twitter.com,0,Female
1831,Rey,Kyne,rkynen2@topsy.com,31,Female
1832,Rosaline,Grinsdale,rgrinsdalen3@oaic.gov.au,61 years,
1833,Taffy,Briffett,tbriffettn4@odnoklassniki.ru,60,Female
1834,Roxy,Olech,rolechn5@cafepress.com,25,F
1835,Erskine,Clinch,eclinchn6@slashdot.org,47,Male
1836,Cornall,Eich,ceichn7@vinaora.com,59,Male
1837,Bernette,Pull,bpulln8@google.pl,0,Female
1838,Debbi,Motte,dmotten9@mediafire.com,64,Female
1839,Nat,McRonald,nmcronaldna@mashable.com,19,M
1840,Filbert,Iglesias,figlesiasnb@nhs.uk,40,M
1841,Cindra,Fomichyov,cfomichyovnc@ehow.com,0,F
1842,Binni,Alday,baldaynd@ycombinator.com,24,Female
1843,Dominique,Hintzer,dhintzerne@ca.gov,0,Female
1844,Quinn,Marini,qmarininf@google.cn,18,Female
1845,Lanny,Gitting,lgittingng@cafepress.com,42,Female
1846,Aron,Dennerly,adennerlynh@amazon.co.jp,0,Male
1847,Sande,De Filippi,sdefilippini@goo.gl,0,F
1848,Nealson,Hearnshaw,nhearnshawnj@ca.gov,40,Male
1849,Amerigo,Walsh,awalshnk@naver.com,23,Male
1850,Jay,Ashmore,jashmorenl@nbcnews.com,42,Male
1851,Noe,Abbys,nabbysnm@mashable.com,21 years,Male
1852,Marylee,Carlin,mcarlinnn@gravatar.com,51 years,Female
1853,Flora,Cawthera,fcawtherano@newyorker.com,48,Female
1854,Tammy,Puddifer,tpuddifernp@addtoany.com,55 years,Female
1855,Brnaby,Robard,brobardnq@myspace.com,20,Male
1856,Meredith,Seelbach,mseelbachnr@bluehost.com,36 years,
1857,Moe,McAless,mmcalessns@google.com.au,28,M
1858,Kattie,McOwan,kmcowannt@sbwire.com,63,Female
1859,Adrien,Rickerd,arickerdnu@flickr.com,24,Male
1860,Shaine,Sandcroft,ssandcroftnv@com.com,49,Female
1861,Barbabas,Garvie,bgarvienw@pcworld.com,34 years,
1862,Dynah,Pottie,dpottienx@dagondesign.com,24,Female
1863,Emyle,Inchan,einchanny@cargocollective.com,50,Female
1864,Gregoor,Robbins,grobbinsnz@dailymotion.com, years,Male
1865,Zachary,Reddington,zreddingtono0@over-blog.com,23,Male
1866,Delila,Twiddle,dtwiddleo1@nature.com,53,
1867,Theadora,Rodway,trodwayo2@fastcompany.com,44 years,
1868,Angelika,Wyss,awysso3@devhub.com,39,Female
1869,Ephrayim,Orae,eoraeo4@umn.edu,48,M
1870,Maurizio,Burberow,mburberowo5@surveymonkey.com,47,M
1871,Putnem,Stote,pstoteo6@stumbleupon.com,0,Male
1872,Emlynn,Brockley,ebrockleyo7@dyndns.org,65,Female
1873,Lucine,Burstow,lburstowo8@jigsy.com,40 years,Female
1874,Camey,Fahy,cfahyo9@comcast.net,53,
1875,Oliy,McCay,omccayoa@moonfruit.com,19,Female
1876,Colan,Pulster,cpulsterob@sina.com.cn,39,Male
1877,Rawley,Gange,rgangeoc@parallels.com,0,
1878,Talyah,Lonsdale,tlonsdaleod@newsvine.com,61,Female
1879,Bertha,Siveter,bsiveteroe@comsenz.com,29,Female
1880,Prudence,Middlemist,pmiddlemistof@simplemachines.org,63,Female
1881,Mari,Uebel,muebelog@va.gov,55,Female
1882,Marleah,Shireff,mshireffoh@accuweather.com,29,Female
1883,Joscelin,Dixcee,jdixceeoi@ucla.edu,25,Female
1884,Cherice,Mateu,cmateuoj@yelp.com,43 years,Female
1885,Hillery,Rudd,hruddok@nymag.com,0,Male
1886,Darrel,Goly,dgolyol@dion.ne.jp,0,Male
1887,Perry,Ben,pbenom@yale.edu,31,M
1888,Britni,Dartan,bdartanon@sogou.com,32 years,Female
1889,Keary,Runnett,krunnettoo@yellowbook.com,48,M
1890,Ianthe,Leavey,ileaveyop@wsj.com,0,Female
1891,Kippy,Letford,kletfordoq@wordpress.org,33,
1892,Inglebert,Besant,ibesantor@ifeng.com,0,Male
1893,Tabbi,Scholtz,tscholtzos@bizjournals.com,65,
1894,Edyth,Weeke,eweekeot@smh.com.au,40,Female
1895,Morissa,Bernardot,mbernardotou@sourceforge.net,27 years,Female
1896,Jessika,Ivanchin,jivanchinov@newsvine.com,40,Female
1897,Frankie,Dusting,fdustingow@nymag.com,40,Male
1898,Anabella,Gummer,agummerox@blog.com,37,
1899,Gilligan,Blackley,gblackleyoy@angelfire.com,29 years,F
1900,Townsend,Maytum,tmaytumoz@myspace.com,38,Male
1901,Lindy,Bullivent,lbulliventp0@cam.ac.uk,0,Female
1902,Jammal,Dymoke,jdymokep1@imdb.com,55,Male
1903,Darin,Witham,dwithamp2@netscape.com,0,
1904,Geraldine,Hinkley,ghinkleyp3@salon.com,49,F
1905,Kizzee,Bore,kborep4@miitbeian.gov.cn,39,Female
1906,Billy,Christoforou,bchristoforoup5@hao123.com,24,M
1907,Electra,Reeson,ereesonp6@nifty.com,41,F
1908,Keelia,Snailham,ksnailhamp7@ed.gov,38,Female
1909,Nerissa,Deane,ndeanep8@prlog.org,34,Female
1910,Eileen,Fireman,efiremanp9@prnewswire.com,28,Female
1911,Octavia,Hindes,ohindespa@timesonline.co.uk,42,Female
1912,Drake,Petrovykh,dpetrovykhpb@washingtonpost.com,0,Male
1913,Idalia,Manes,imanespc@hostgator.com,48,Female
1914,Bordy,Mowling,bmowlingpd@wikimedia.org,38 years,Male
1915,Daryle,Newick,dnewickpe@bravesites.com,45,Male
1916,Jill,Sieghart,jsieghartpf@squidoo.com,58,Female
1917,Silvie,McMenamin,smcmenaminpg@marriott.com,36,Female
1918,Norah,Pierro,npierroph@pagesperso-orange.fr, years,F
1919,Duffie,Mowett,dmowettpi@apple.com,0,Male
1920,Raviv,Ardron,rardronpj@purevolume.com,0,Male
1921,Jae,Syalvester,jsyalvesterpk@biblegateway.com,21,Male
1922,Corly,Thal,cthalpl@linkedin.com,37,F
1923,Davina,Cossington,dcossingtonpm@blogger.com,54,
1924,Lucine,Grima,lgrimapn@spiegel.de,54 years,Female
1925,Andie,Pullin,apullinpo@hhs.gov,25 years,
1926,Arlene,Sutterfield,asutterfieldpp@nps.gov,0,F
1927,Eduino,Hazeldene,ehazeldenepq@rediff.com,47 years,Male
1928,Townsend,Jahndel,tjahndelpr@newyorker.com,48 years,M
1929,Goddard,Life,glifeps@so-net.ne.jp,57 years,Male
1930,Ronna,De Freitas,rdefreitaspt@imgur.com,0,
1931,Zena,Crowter,zcrowterpu@elegantthemes.com,0,Female
1932,Shannon,Wegman,swegmanpv@taobao.com,31,Female
1933,Juliana,Selley,jselleypw@gov.uk,42,Female
1934,Wrennie,Romeuf,wromeufpx@sun.com,56,Female
1935,Venus,Garman,vgarmanpy@wiley.com,49,Female
1936,Justis,Irving,jirvingpz@huffingtonpost.com,22 years,Male
1937,Ambrosi,Curtoys,acurtoysq0@squarespace.com,52,Male
1938,Dorey,Stilgoe,dstilgoeq1@shutterfly.com,52 years,Female
1939,Durand,Blackadder,dblackadderq2@meetup.com,0,Male
1940,Loretta,Cluely,lcluelyq3@infoseek.co.jp,24,Female
1941,Leontyne,Deveraux,ldeverauxq4@tumblr.com,49,Female
1942,Mendie,Vango,mvangoq5@princeton.edu,30 years,Male
1943,Inge,Joll,ijollq6@ning.com,43,Female
1944,Priscella,Friedenbach,pfriedenbachq7@simplemachines.org,36,
1945,Kylie,Frontczak,kfrontczakq8@blogspot.com,21,Female
1946,Calley,Marshfield,cmarshfieldq9@woothemes.com,41,Female
1947,Raynell,Merrgen,rmerrgenqa@jugem.jp,59,Female
1948,Winslow,Dunster,wdunsterqb@clickbank.net,24,M
1949,Ruthi,Louthe,rloutheqc@tumblr.com,24,Female
1950,Marcelline,Herity,mherityqd@sitemeter.com,59 years,Female
1951,Gill,Coveney,gcoveneyqe@hao123.com,46,M
1952,Eba,Coram,ecoramqf@techcrunch.com,41,Female
1953,Odell,Le Grand,olegrandqg@toplist.cz,24,Male
1954,Ray,Escala,rescalaqh@nps.gov,62,Male
1955,Zaria,Kelcey,zkelceyqi@ox.ac.uk,50,Female
1956,Immanuel,Spaunton,ispauntonqj@hibu.com,54,Male
1957,Sean,Sleney,ssleneyqk@symantec.com, years,M
1958,Corine,Sealy,csealyql@yolasite.com,52 years,F
1959,Ephrem,Filip,efilipqm@zimbio.com, years,Male
1960,Vinny,Vermer,vvermerqn@privacy.gov.au,45 years,Male
1961,Renata,Lockley,rlockleyqo@comcast.net,50,Female
1962,Genevieve,Pinckney,gpinckneyqp@sourceforge.net,61 years,Female
1963,Johnnie,Murrthum,jmurrthumqq@domainmarket.com,56,Male
1964,Siffre,Godfray,sgodfrayqr@wsj.com,35,M
1965,Blanche,Metson,bmetsonqs@irs.gov,51,Female
1966,Kimball,Clemmensen,kclemmensenqt@miibeian.gov.cn,42,Male
1967,Bartolemo,Thorley,bthorleyqu@ovh.net,64,Male
1968,Weylin,Kluger,wklugerqv@altervista.org,39,Male
1969,Annis,Ruckert,aruckertqw@yellowbook.com,42 years,F
1970,Jolene,Brockington,jbrockingtonqx@cornell.edu,29 years,Female
1971,Gayelord,Mendez,gmendezqy@hibu.com,33,Male
1972,Margot,Chapelle,mchapelleqz@wordpress.com,55,Female
1973,Bendicty,Richie,brichier0@rakuten.co.jp,45,Male
1974,Roseanne,Nolli,rnollir1@abc.net.au,28,Female
1975,Braden,Yanshinov,byanshinovr2@amazon.com,38,
1976,Luz,Peers,lpeersr3@angelfire.com,56,Female
1977,Niccolo,Davenhill,ndavenhillr4@japanpost.jp,49,M
1978,Ilario,Brockett,ibrockettr5@w3.org,36,Male
1979,Jamaal,Klaaassen,jklaaassenr6@fema.gov,60,
1980,Rennie,Cullnean,rcullneanr7@wikimedia.org,45,
1981,Reeva,Painten,rpaintenr8@joomla.org,49,Female
1982,Brien,McGaugey,bmcgaugeyr9@ca.gov,24,Male
1983,Cristy,McCrow,cmccrowra@go.com,0,Female
1984,Aldrich,Gaw,agawrb@weather.com,43,Male
1985,Eydie,Lukacs,elukacsrc@smugmug.com,48 years,Female
1986,Cyb,Rosekilly,crosekillyrd@usatoday.com,64,Female
1987,Rochester,Pacey,rpaceyre@yelp.com,31 years,Male
1988,Elmore,Purkins,epurkinsrf@europa.eu,33,Male
1989,Adriana,Mart,amartrg@hibu.com,28 years,Female
1990,Athene,Blinder,ablinderrh@etsy.com,50,Female
1991,Honor,Reside,hresideri@bbc.co.uk,25,Female
1992,Cleve,Dougal,cdougalrj@bbc.co.uk,62 years,M
1993,Coleen,Zack,czackrk@hexun.com,55 years,Female
1994,Bron,Eilers,beilersrl@redcross.org,44 years,Male
1995,Giacopo,Goundry,ggoundryrm@pcworld.com,44,
1996,Molly,Lauridsen,mlauridsenrn@ocn.ne.jp,22,F
1997,Billie,Bonanno,bbonannoro@seattletimes.com,22,Male
1998,Donelle,Ewenson,dewensonrp@qq.com,28 years,
1999,Odell,Mohammad,omohammadrq@hexun.com,61,M
2000,Rowan,Huskinson,rhuskinsonrr@bandcamp.com,0,Male
2001,Kanya,Eppson,keppson0@google.cn,54,Female
2002,Edeline,Abram,eabram1@ed.gov,45,Female
2003,Booth,Capin,bcapin2@chronoengine.com,50,Male
2004,Krystalle,Birdfield,kbirdfield3@taobao.com,25,Female
2005,Fayre,O'Hanlon,fohanlon4@house.gov,62,Female
2006,Kelley,Antoszczyk,kantoszczyk5@webnode.com,61,Male
2007,Analise,Krause,akrause6@mlb.com,41 years,Female
2008,Mathew,Wagon,mwagon7@alibaba.com,28,Male
2009,Davon,Brockelsby,dbrockelsby8@theguardian.com,33,Male
2010,Stearne,Mashal,smashal9@cpanel.net,33 years,Male
2011,Shelbi,D'Aguanno,sdaguannoa@latimes.com,62 years,Female
2012,Dahlia,Bille,dbilleb@issuu.com,49 years,F
2013,Janaye,Aylwin,jaylwinc@google.co.jp,49 years,Female
2014,Conroy,Caldwall,ccaldwalld@sphinn.com,38 years,Male
2015,Garrett,Stanlike,gstanlikee@tripod.com,40 years,M
2016,Hugh,Stickles,hsticklesf@omniture.com,48,M
2017,Bettine,Bellenie,bbellenieg@imdb.com,0,Female
2018,Sheena,Synnott,ssynnotth@mediafire.com,23,F
2019,Frances,Eddy,feddyi@mail.ru,28,Female
2020,Demott,Saterweyte,dsaterweytej@cargocollective.com,63,Male
2021,Etan,Rolston,erolstonk@europa.eu,35,Male
2022,Bobby,Newburn,bnewburnl@microsoft.com,41 years,
2023,Susy,Jancso,sjancsom@scientificamerican.com,38 years,Female
2024,Andria,Rennolds,arennoldsn@cornell.edu,48 years,Female
2025,Angelo,Robroe,arobroeo@vistaprint.com,65 years,Male
2026,Stormie,Szymon,sszymonp@youtube.com,36,
2027,Nelia,Edensor,nedensorq@jiathis.com,30,Female
2028,Alvira,Chatters,achattersr@aboutads.info,27,Female
2029,Pearle,Maylam,pmaylams@gov.uk,33,F
2030,Percy,Sekulla,psekullat@pcworld.com,47,Male
2031,Banky,Josephs,bjosephsu@devhub.com,46,Male
2032,Lindsay,Martinho,lmartinhov@dyndns.org,64,Female
2033,Thorpe,Franzolini,tfranzoliniw@creativecommons.org,36 years,Male
2034,Ev,Eustis,eeustisx@prlog.org,34,Male
2035,Eleonora,Nacci,enacciy@fastcompany.com,32,Female
2036,Nikoletta,Nail,nnailz@tiny.cc,54,
2037,Kermie,Nix,knix10@paypal.com,54,Male
2038,Bella,Mateuszczyk,bmateuszczyk11@phpbb.com,35,Female
2039,Webb,Overel,woverel12@ameblo.jp,33,Male
2040,Thibaud,Astbury,tastbury13@pen.io,0,Male
2041,Bill,Matashkin,bmatashkin14@skype.com,46,Female
2042,Karol,Scorton,kscorton15@eventbrite.com,30,Female
2043,Saunderson,Manders,smanders16@xing.com,30,Male
2044,Paule,Burdass,pburdass17@wsj.com, years,F
2045,Willabella,Dellow,wdellow18@dropbox.com,61,Female
2046,Ardis,Esp,aesp19@redcross.org,31 years,Female
2047,Bartlet,Stickells,bstickells1a@msu.edu,48 years,Male
2048,Dorena,Le Leu,dleleu1b@tripod.com,61 years,Female
2049,Nichols,Cropton,ncropton1c@harvard.edu,42 years,Male
2050,Chrissy,Moreton,cmoreton1d@examiner.com,42,M
2051,Briano,Sowter,bsowter1e@google.com.au,31 years,Male
2052,Timmi,Kobera,tkobera1f@purevolume.com,54 years,Female
2053,Vinny,Collopy,vcollopy1g@biblegateway.com,0,Male
2054,Derron,Tumilson,dtumilson1h@tmall.com,18,Male
2055,Marci,Cunradi,mcunradi1i@archive.org,52,Female
2056,Buck,Matyukon,bmatyukon1j@ted.com,0,Male
2057,Cher,Youd,cyoud1k@mozilla.com,57,Female
2058,Elvis,Howat,ehowat1l@statcounter.com,56,
2059,Gibb,Fosbraey,gfosbraey1m@mlb.com,42 years,Male
2060,Mayer,Rapi,mrapi1n@lycos.com,50 years,Male
2061,Cati,Rumbelow,crumbelow1o@pcworld.com,38,F
2062,Kele,Gozard,kgozard1p@yellowbook.com,40,
2063,Cletis,Beeston,cbeeston1q@yolasite.com,20,Male
2064,Perceval,McClaurie,pmcclaurie1r@youtu.be,43 years,Male
2065,Orlando,Rutledge,orutledge1s@discovery.com,35,Male
2066,Lida,Hawkin,lhawkin1t@fastcompany.com,28,Female
2067,Cammy,Bugge,cbugge1u@chronoengine.com,21 years,Male
2068,Horten,Blease,hblease1v@devhub.com,52,Male
2069,Delmar,Scipsey,dscipsey1w@live.com,33,Male
2070,Tyrone,Kimberley,tkimberley1x@people.com.cn,0,Male
2071,Kathy,Titta,ktitta1y@infoseek.co.jp,26,Female
2072,Eliza,Latey,elatey1z@psu.edu,21,Female
2073,Priscella,MacClure,pmacclure20@trellian.com,49,F
2074,Wilden,Caruth,wcaruth21@gmpg.org,46 years,Male
2075,Eduard,Jessard,ejessard22@ibm.com,18,
2076,Nikki,Plum,nplum23@squarespace.com,38,Female
2077,Judie,Arnull,jarnull24@topsy.com,31 years,Female
2078,Bartolomeo,Southcott,bsouthcott25@forbes.com,33,Male
2079,Cecil,Semper,csemper26@japanpost.jp,57,Male
2080,Bettina,Dionisetti,bdionisetti27@senate.gov,0,
2081,Lucien,Hernik,lhernik28@aol.com,53,M
2082,Georg,Etteridge,getteridge29@nasa.gov,41,Male
2083,Matthias,Tonry,mtonry2a@uiuc.edu,54,Male
2084,Reinald,Anker,ranker2b@slashdot.org,36,Male
2085,Cherie,Lotwich,clotwich2c@guardian.co.uk,53,Female
2086,Elvira,Hellen,ehellen2d@mashable.com,21,Female
2087,Darb,Brewis,dbrewis2e@blog.com,61,Male
2088,Carolyn,Greenshiels,cgreenshiels2f@intel.com,29,Female
2089,Lane,Spragge,lspragge2g@mlb.com,18,Male
2090,Glendon,Edis,gedis2h@msn.com,32,Male
2091,Dwain,Bowshire,dbowshire2i@go.com,21,M
2092,Gaspard,Jacobsz,gjacobsz2j@skype.com,45,Male
2093,Sean,Artis,sartis2k@mlb.com,24,Female
2094,Angelle,Hardwich,ahardwich2l@moonfruit.com, years,Female
2095,Standford,Jayne,sjayne2m@addthis.com,57,M
2096,Carlen,Lebrun,clebrun2n@loc.gov,60,Female
2097,Adi,Kiggel,akiggel2o@eepurl.com,57,Female
2098,Noby,Choules,nchoules2p@163.com,30,
2099,Sheilah,Olivetti,solivetti2q@howstuffworks.com,38 years,F
2100,Toddie,Brisset,tbrisset2r@uiuc.edu,39,Male
2101,Dory,Beebis,dbeebis2s@hubpages.com,0,Female
2102,Tuck,Lodwig,tlodwig2t@umich.edu,27,M
2103,Juliana,McCarroll,jmccarroll2u@msn.com,47,Female
2104,Jerad,Philo,jphilo2v@topsy.com,32,M
2105,Konstantin,Hubach,khubach2w@foxnews.com,43,Male
2106,Janith,Newburn,jnewburn2x@people.com.cn,49,Female
2107,Jarid,Mogenot,jmogenot2y@lycos.com,29,M
2108,Vivyanne,Henniger,vhenniger2z@opensource.org,0,Female
2109,Kathleen,Minci,kminci30@elegantthemes.com,28 years,Female
2110,Reidar,Barnhill,rbarnhill31@reuters.com,32,Male
2111,Catie,Muglestone,cmuglestone32@independent.co.uk,0,Female
2112,Maridel,Haigh,mhaigh33@ocn.ne.jp,0,Female
2113,Gracie,Cowey,gcowey34@msn.com,50,Female
2114,Cherry,Le Conte,cleconte35@sphinn.com,25,Female
2115,Cherice,Alvin,calvin36@epa.gov,0,Female
2116,Odetta,Snoxell,osnoxell37@behance.net,30,Female
2117,Josi,Fockes,jfockes38@weebly.com,44,Female
2118,Madeline,Mountstephen,mmountstephen39@alibaba.com,0,Female
2119,Virgie,Matkin,vmatkin3a@elegantthemes.com,0,Male
2120,Elisha,Bowyer,ebowyer3b@opera.com,40 years,Male
2121,Keelia,Treagus,ktreagus3c@php.net,27,F
2122,Barron,Josefer,bjosefer3d@newsvine.com,60,M
2123,Bamby,Heavyside,bheavyside3e@go.com,48,Female
2124,Evangeline,Wardrope,ewardrope3f@ameblo.jp,49,Female
2125,Joseito,Ridolfi,jridolfi3g@admin.ch,0,Male
2126,Evered,Godfery,egodfery3h@ca.gov,28,Male
2127,Carroll,Jerosch,cjerosch3i@purevolume.com,39 years,
2128,Fredra,Lyokhin,flyokhin3j@state.tx.us,49 years,Female
2129,Myron,Gillinghams,mgillinghams3k@ft.com,0,Male
2130,Reamonn,Summersett,rsummersett3l@ovh.net,30,M
2131,Marjorie,Gilffilland,mgilffilland3m@prlog.org,51,F
2132,Giulia,Hadgkiss,ghadgkiss3n@nyu.edu,64 years,Female
2133,Roth,Piggford,rpiggford3o@miibeian.gov.cn,34,Male
2134,Angelica,Baldacchino,abaldacchino3p@photobucket.com,41,F
2135,Devonna,Farthing,dfarthing3q@newyorker.com,51,Female
2136,Tobe,Ledrane,tledrane3r@reddit.com,33,Male
2137,Licha,Crouch,lcrouch3s@bluehost.com,63 years,Female
2138,Trula,Woolner,twoolner3t@nps.gov,24,Female
2139,Sergio,Jutson,sjutson3u@unc.edu, years,Male
2140,Heath,Delagnes,hdelagnes3v@google.pl,63,Female
2141,Kala,Attock,kattock3w@princeton.edu,35,F
2142,Eudora,Akehurst,eakehurst3x@statcounter.com,27 years,F
2143,Liv,Heimann,lheimann3y@cbc.ca,0,Female
2144,Darlleen,Crux,dcrux3z@purevolume.com,26,F
2145,Reiko,Jansson,rjansson40@wsj.com,60,Female
2146,Zoe,Nestor,znestor41@github.io,49,Female
2147,Melinda,Besemer,mbesemer42@paginegialle.it,59,F
2148,Diena,Aksell,daksell43@wikia.com,62,
2149,Nikolaos,Beddard,nbeddard44@1688.com,22,Male
2150,Dasie,Gannicott,dgannicott45@webs.com,61,
2151,Wynnie,Bawdon,wbawdon46@sciencedirect.com,48,Female
2152,Gipsy,Keunemann,gkeunemann47@amazon.de,33,
2153,Humfrid,Menendez,hmenendez48@goodreads.com,0,M
2154,Alberik,Pressland,apressland49@marketwatch.com,36,M
2155,Caria,Feria,cferia4a@toplist.cz,38,Female
2156,Olia,Giottini,ogiottini4b@dion.ne.jp,25 years,Female
2157,Magdalen,Andriuzzi,mandriuzzi4c@diigo.com,48,Female
2158,Dion,Euler,deuler4d@mediafire.com,27 years,Male
2159,Babb,Buckoke,bbuckoke4e@fema.gov,41,Female
2160,Colly,Trevance,ctrevance4f@youtu.be, years,F
2161,Joyan,Wasteney,jwasteney4g@state.tx.us,27,Female
2162,Chaim,Fowells,cfowells4h@state.gov,36,M
2163,Babette,Bevan,bbevan4i@soundcloud.com,43,Female
2164,Tod,Temperley,ttemperley4j@feedburner.com,49 years,Male
2165,Shelba,Rotham,srotham4k@yellowpages.com,0,Female
2166,Georgina,Panton,gpanton4l@usatoday.com,53,Female
2167,Abbye,Phillput,aphillput4m@yahoo.co.jp,30,Female
2168,Florie,Matuszak,fmatuszak4n@meetup.com,53,Female
2169,Henryetta,Borgesio,hborgesio4o@yellowpages.com,19 years,
2170,Jessie,Hallen,jhallen4p@sphinn.com,64,Male
2171,Nataline,Sales,nsales4q@imgur.com,55,Female
2172,Maurizia,Paulson,mpaulson4r@umich.edu,0,F
2173,Mandel,Toohey,mtoohey4s@pcworld.com,0,Male
2174,Tamar,Quibell,tquibell4t@alexa.com,22,Female
2175,Augustine,Gowthorpe,agowthorpe4u@prlog.org,35,Male
2176,Sile,Croke,scroke4v@skype.com,27,Female
2177,Penny,Count,pcount4w@netvibes.com,29,M
2178,Lay,Mary,lmary4x@xrea.com,41 years,M
2179,Hamlen,Aguilar,haguilar4y@cisco.com,38,Male
2180,Jessamine,Chrstine,jchrstine4z@usatoday.com,34 years,
2181,Dietrich,Skone,dskone50@google.ca,22,Male
2182,Rodge,Milby,rmilby51@timesonline.co.uk,28,Male
2183,Siusan,Stothert,sstothert52@yelp.com,24,F
2184,Margaretha,La Batie,mlabatie53@webnode.com,41,F
2185,Jacky,Gerring,jgerring54@blogger.com,19,Male
2186,Nelia,Froggatt,nfroggatt55@amazonaws.com,46 years,F
2187,Bevon,Farady,bfarady56@prlog.org,22,Male
2188,Janie,Potte,jpotte57@ask.com,41,Female
2189,Cornie,Farenden,cfarenden58@xing.com,50,Male
2190,Janine,Eringey,jeringey59@java.com,65,Female
2191,Federica,Craighall,fcraighall5a@amazon.com,61 years,Female
2192,Clyde,Fairpo,cfairpo5b@canalblog.com,43,Male
2193,Leesa,Trenbey,ltrenbey5c@arizona.edu,60,Female
2194,Joly,Leahy,jleahy5d@webeden.co.uk,20,Female
2195,Vida,Goshawke,vgoshawke5e@phoca.cz,57,Female
2196,Carney,Dudderidge,cdudderidge5f@hp.com,50,M
2197,Verla,O'Leary,voleary5g@1und1.de,44,Female
2198,Gannie,McGivena,gmcgivena5h@baidu.com,0,M
2199,Aliza,Durden,adurden5i@blinklist.com,31,
2200,Darcie,Tanswell,dtanswell5j@mtv.com,52,Female
2201,Leonore,Truss,ltruss5k@gnu.org,52,Female
2202,Mead,Foxworthy,mfoxworthy5l@squidoo.com,51,Male
2203,Teresita,Coundley,tcoundley5m@nature.com,23,F
2204,Pren,Kordova,pkordova5n@cyberchimps.com,0,Male
2205,Honey,Todhunter,htodhunter5o@unc.edu,24,F
2206,Birgit,Tomlins,btomlins5p@eepurl.com,45,
2207,Ralf,Jedrzejkiewicz,rjedrzejkiewicz5q@cbc.ca,21,Male
2208,Marge,Besset,mbesset5r@statcounter.com,22 years,Female
2209,Aristotle,Hacun,ahacun5s@yellowbook.com,32,
2210,Birgitta,Swiffin,bswiffin5t@123-reg.co.uk,0,Female
2211,Allys,Chisnall,achisnall5u@amazon.com,51,Female
2212,Aleksandr,Lyles,alyles5v@amazon.com,41,Male
2213,Cornie,Whyborne,cwhyborne5w@behance.net,63,Male
2214,Rafe,Conrard,rconrard5x@hibu.com,30,M
2215,Duncan,Shard,dshard5y@drupal.org,24 years,Male
2216,Ingeborg,Tomich,itomich5z@youtube.com,29,Female
2217,Paxon,Phillippo,pphillippo60@nasa.gov,40,Male
2218,Rem,Campo,rcampo61@xinhuanet.com,0,Male
2219,Revkah,Clementel,rclementel62@tinyurl.com,63,F
2220,Vivyanne,Stonier,vstonier63@yellowbook.com,44 years,
2221,Arte,Nimmo,animmo64@timesonline.co.uk,0,Male
2222,Hart,Bonwick,hbonwick65@alexa.com,52,Male
2223,Rosamund,Dyka,rdyka66@fda.gov,57,Female
2224,Thor,Skym,tskym67@phpbb.com,56,Male
2225,Joanna,Dickin,jdickin68@sfgate.com,52,Female
2226,Hiram,Doge,hdoge69@usgs.gov,0,Male
2227,Thaine,Pickett,tpickett6a@biblegateway.com,28 years,M
2228,Rebecca,Hollow,rhollow6b@pcworld.com,41,Female
2229,Klemens,Lambourn,klambourn6c@census.gov,39,Male
2230,Sherri,Cork,scork6d@liveinternet.ru,18,F
2231,Perkin,Fallawe,pfallawe6e@webs.com,65,Male
2232,Stefan,Syms,ssyms6f@nbcnews.com,0,M
2233,Stesha,Alonso,salonso6g@army.mil,50,
2234,Brena,Cleynaert,bcleynaert6h@cbsnews.com,30 years,Female
2235,Cecily,Garnsworthy,cgarnsworthy6i@usa.gov,28,Female
2236,Hansiain,Klaassens,hklaassens6j@weibo.com,21 years,Male
2237,Florence,Dumbrell,fdumbrell6k@devhub.com,0,F
2238,Colline,de Quincey,cdequincey6l@twitpic.com,52,F
2239,Amabel,Jaume,ajaume6m@shutterfly.com,19 years,Female
2240,Shari,Osichev,sosichev6n@barnesandnoble.com,55 years,Female
2241,Gabey,Gallehawk,ggallehawk6o@cornell.edu, years,Female
2242,Breena,Sloane,bsloane6p@bravesites.com,56,Female
2243,Harbert,Jaouen,hjaouen6q@gnu.org, years,Male
2244,Robby,Daniel,rdaniel6r@xrea.com,34,Male
2245,Charil,Lemerle,clemerle6s@princeton.edu,64,Female
2246,Tab,Poli,tpoli6t@virginia.edu,0,M
2247,Bab,Jamary,bjamary6u@nps.gov,0,F
2248,Roland,Causier,rcausier6v@twitpic.com,22,Male
2249,Rosemarie,Dines,rdines6w@nature.com,0,Female
2250,Kayle,Della,kdella6x@cisco.com,40,Female
2251,Shaun,Pidgeon,spidgeon6y@timesonline.co.uk,0,Female
2252,Osborne,Gillooly,ogillooly6z@google.com.hk,54,Male
2253,Krystyna,Wardroper,kwardroper70@bandcamp.com,32,Female
2254,Janine,Beincken,jbeincken71@whitehouse.gov,30,
2255,Rebecca,Arney,rarney72@bing.com,65 years,Female
2256,Aldric,Crysell,acrysell73@google.pl,34,Male
2257,Terence,Dmitrienko,tdmitrienko74@youtube.com,54 years,Male
2258,Jennilee,Kinlock,jkinlock75@google.de,56,Female
2259,Elnar,Ramm,eramm76@ow.ly,35,M
2260,Elroy,Epinoy,eepinoy77@examiner.com,63,Male
2261,Daffie,Holson,dholson78@ovh.net,27 years,Female
2262,Adriane,Graundisson,agraundisson79@cornell.edu,58,Female
2263,Ray,Batalle,rbatalle7a@huffingtonpost.com,51,Female
2264,Jerri,Borman,jborman7b@msn.com,56,Male
2265,Kyrstin,MacClay,kmacclay7c@salon.com,47,F
2266,Sarge,Dun,sdun7d@hubpages.com,23 years,Male
2267,Rafe,Colegate,rcolegate7e@biglobe.ne.jp,50,Male
2268,Georgie,Osmon,gosmon7f@vinaora.com,60,Female
2269,Shanta,Hyndes,shyndes7g@angelfire.com, years,
2270,Olivia,Hadye,ohadye7h@soundcloud.com,65 years,Female
2271,Lorianne,Oaks,loaks7i@apple.com,21,
2272,Brigit,Neeve,bneeve7j@engadget.com,31,Female
2273,Theodore,Abbison,tabbison7k@yahoo.co.jp,18,Male
2274,Mike,Forber,mforber7l@ucoz.ru,65,Male
2275,Quintana,Pinel,qpinel7m@ow.ly,51,Female
2276,Felicity,Fortnon,ffortnon7n@stumbleupon.com,57 years,F
2277,Merline,Smallpeice,msmallpeice7o@kickstarter.com,22 years,Female
2278,Arleen,Bearblock,abearblock7p@cnn.com,27,Female
2279,Kristofor,Crumb,kcrumb7q@mapy.cz,56 years,Male
2280,Helli,Tooby,htooby7r@prnewswire.com,52,Female
2281,Virgie,Guinan,vguinan7s@cdbaby.com, years,Female
2282,Jdavie,Etchell,jetchell7t@dyndns.org,59,Male
2283,Rich,Plumbridge,rplumbridge7u@macromedia.com,32,Male
2284,Wallache,Stannett,wstannett7v@cafepress.com,35,Male
2285,Rolph,Weldrick,rweldrick7w@goo.ne.jp,62,M
2286,Rene,Kemmer,rkemmer7x@creativecommons.org,0,Male
2287,Giulia,Berrill,gberrill7y@devhub.com,28,
2288,Effie,Clitsome,eclitsome7z@unc.edu,22,
2289,Alberta,Mell,amell80@clickbank.net,33 years,Female
2290,Luisa,Downer,ldowner81@exblog.jp, years,Female
2291,Evangeline,Howchin,ehowchin82@imageshack.us,48 years,Female
2292,Wat,Francesco,wfrancesco83@google.com.hk,63,Male
2293,Casey,Sackes,csackes84@51.la,39,Male
2294,Webb,Smittoune,wsmittoune85@hp.com,47,Male
2295,Gonzales,Kyberd,gkyberd86@theglobeandmail.com,22,Male
2296,Piotr,Burchall,pburchall87@ezinearticles.com,47,Male
2297,Corene,Oglethorpe,coglethorpe88@businessweek.com,0,Female
2298,Iorgos,Baudin,ibaudin89@de.vu,50,M
2299,Emiline,MacKerley,emackerley8a@tamu.edu,36,Female
2300,Shay,Butterfint,sbutterfint8b@cbsnews.com,52 years,Male
2301,Roze,Ham,rham8c@angelfire.com,59,Female
2302,Bili,Camois,bcamois8d@unicef.org,29,Female
2303,Donia,Jochens,djochens8e@spotify.com,60,F
2304,Beale,Ladon,bladon8f@nyu.edu,50,
2305,Mychal,Lean,mlean8g@home.pl,28,Male
2306,Emery,De Meis,edemeis8h@npr.org,24,Male
2307,Filmore,Brusin,fbrusin8i@answers.com,59 years,M
2308,Feliks,Tomaszewicz,ftomaszewicz8j@dyndns.org,18,M
2309,Rolando,Sellwood,rsellwood8k@woothemes.com,62 years,Male
2310,Karel,McCullough,kmccullough8l@hatena.ne.jp,49 years,Male
2311,Pammi,Bauld,pbauld8m@symantec.com,61,Female
2312,Tabbi,Jovasevic,tjovasevic8n@wiley.com,49,F
2313,Alastair,Klink,aklink8o@tmall.com,49,Male
2314,Emmaline,Hymers,ehymers8p@thetimes.co.uk,48,Female
2315,Briny,Scutter,bscutter8q@cargocollective.com,20 years,F
2316,Tally,Westney,twestney8r@dot.gov,55,M
2317,Kizzee,Gottelier,kgottelier8s@uiuc.edu, years,Female
2318,Freddie,Casoni,fcasoni8t@live.com,0,M
2319,Caz,Allaker,callaker8u@51.la,57,Male
2320,Guntar,Hayton,ghayton8v@japanpost.jp,65,M
2321,Tawnya,Cescotti,tcescotti8w@privacy.gov.au,22,Female
2322,Elfrieda,McCarlie,emccarlie8x@xing.com,48 years,F
2323,Gerald,Bedenham,gbedenham8y@123-reg.co.uk,31,Male
2324,Sadella,Sabbatier,ssabbatier8z@phoca.cz,59,Female
2325,Simone,Rozanski,srozanski90@indiegogo.com,44,Male
2326,Meridel,Tevlin,mtevlin91@disqus.com,0,F
2327,Bebe,Callery,bcallery92@webeden.co.uk,20,Female
2328,Berti,Portman,bportman93@merriam-webster.com,21 years,Male
2329,Alfred,Filochov,afilochov94@vkontakte.ru,33,M
2330,Jo-anne,Fray,jfray95@businesswire.com,0,Female
2331,Avrom,McCorrie,amccorrie96@usnews.com,19,Male
2332,Rachele,Orknay,rorknay97@cam.ac.uk,60,Female
2333,Elston,Hurren,ehurren98@army.mil,25,Male
2334,Brigit,Beretta,bberetta99@imdb.com,42 years,
2335,Elliot,Hatfull,ehatfull9a@miitbeian.gov.cn, years,Male
2336,Hildy,Brick,hbrick9b@blogtalkradio.com,43 years,Female
2337,Marguerite,Agney,magney9c@sourceforge.net,53,Female
2338,Celestina,Bramer,cbramer9d@livejournal.com,62,F
2339,Tamar,Santino,tsantino9e@rakuten.co.jp,47,Female
2340,Kalila,O'Heagertie,koheagertie9f@indiegogo.com,33,F
2341,Willette,Chapleo,wchapleo9g@tinyurl.com,27,Female
2342,Florie,Adger,fadger9h@tamu.edu,59 years,F
2343,Giustino,Anstiss,ganstiss9i@themeforest.net,48,
2344,Kimberly,Zupone,kzupone9j@bbc.co.uk,46 years,Female
2345,Pacorro,Jaszczak,pjaszczak9k@parallels.com,39 years,M
2346,Felipa,Kick,fkick9l@accuweather.com,57,Female
2347,Claudetta,Fishbie,cfishbie9m@apache.org, years,
2348,Hewett,Willox,hwillox9n@blogger.com,25 years,Male
2349,Felizio,Bidewell,fbidewell9o@surveymonkey.com,59,Male
2350,Leighton,Beek,lbeek9p@marketwatch.com,47,Male
2351,Gnni,Riepl,griepl9q@csmonitor.com,39,Female
2352,Daffie,MacColm,dmaccolm9r@edublogs.org,55 years,Female
2353,Ariana,Shemmans,ashemmans9s@163.com,22,F
2354,Erika,Mateuszczyk,emateuszczyk9t@mediafire.com,26,Female
2355,Avrit,Kenright,akenright9u@wikimedia.org,38,
2356,Jehanna,Dane,jdane9v@sun.com,37,Female
2357,Octavius,Sherebrook,osherebrook9w@latimes.com,19,Male
2358,Barny,Mounch,bmounch9x@xinhuanet.com,50,Male
2359,Mildred,Kellog,mkellog9y@un.org,53 years,
2360,Paolo,Hastings,phastings9z@nsw.gov.au,28,
2361,Leisha,Idwal Evans,lidwalevansa0@cdc.gov,44,F
2362,Shirl,LeEstut,sleestuta1@dmoz.org,29 years,Female
2363,Dona,Gaynes,dgaynesa2@gizmodo.com,46,Female
2364,Manfred,Burston,mburstona3@usgs.gov,64,M
2365,Louise,Gann,lganna4@xing.com,0,Female
2366,Talbot,Haggerwood,thaggerwooda5@bloomberg.com,57,M
2367,Portia,Matignon,pmatignona6@gmpg.org,55 years,Female
2368,Aristotle,Spender,aspendera7@unblog.fr,0,Male
2369,Fonzie,Sheavills,fsheavillsa8@dedecms.com,41,Male
2370,Ursola,Dumphreys,udumphreysa9@yandex.ru,53,F
2371,Mandel,Whibley,mwhibleyaa@disqus.com,39,Male
2372,Curran,Draaisma,cdraaismaab@imgur.com,62,Male
2373,Alexis,Mulhall,amulhallac@webnode.com,41,Male
2374,Silva,Yurocjhin,syurocjhinad@bizjournals.com,65,Female
2375,Grayce,Rookledge,grookledgeae@nymag.com,18,Female
2376,Maisie,Velez,mvelezaf@constantcontact.com,53,Female
2377,Ephraim,Williment,ewillimentag@craigslist.org,0,Male
2378,Raymund,Gilleson,rgillesonah@reverbnation.com,53,Male
2379,Odette,Dunmuir,odunmuirai@fastcompany.com,0,F
2380,Hurleigh,Hulls,hhullsaj@nytimes.com,44,Male
2381,Maury,Edgworth,medgworthak@imdb.com,0,Male
2382,Genevieve,Dochon,gdochonal@hud.gov,23 years,Female
2383,Northrup,Bonham,nbonhamam@google.de,54,M
2384,Moore,Dugdale,mdugdalean@github.io,49 years,Male
2385,Kennan,Gillyatt,kgillyattao@infoseek.co.jp,53,Male
2386,Florinda,Andrault,fandraultap@ibm.com,58,Female
2387,Cordi,Jerams,cjeramsaq@i2i.jp,21,Female
2388,Daniele,Fasham,dfashamar@tumblr.com,30,Female
2389,Batsheva,Wellbeloved,bwellbelovedas@cyberchimps.com,29,Female
2390,Templeton,Chaudret,tchaudretat@un.org,46,Male
2391,Earl,Georgel,egeorgelau@t.co,64,Male
2392,Tove,Hawler,thawlerav@eepurl.com,55,Female
2393,Coop,Fordy,cfordyaw@imgur.com,51 years,Male
2394,Sibella,Marle,smarleax@google.nl,0,Female
2395,Nora,Hurrell,nhurrellay@vinaora.com,26,F
2396,Trace,Tousey,ttouseyaz@hc360.com,30,Male
2397,Jo ann,Catford,jcatfordb0@drupal.org,64 years,
2398,Manolo,Teague,mteagueb1@ted.com,34 years,Male
2399,Celestyna,Shaughnessy,cshaughnessyb2@booking.com,45,Female
2400,Anabella,Matelyunas,amatelyunasb3@bbc.co.uk,31,Female
2401,Casey,Meekins,cmeekinsb4@sina.com.cn,18,F
2402,Melita,Grumley,mgrumleyb5@blog.com,34,Female
2403,Elfreda,Marcq,emarcqb6@examiner.com,20 years,Female
2404,Hermione,Bracken,hbrackenb7@last.fm,46,Female
2405,Lynelle,Volette,lvoletteb8@com.com,57,Female
2406,Nial,Savill,nsavillb9@arizona.edu,39,
2407,Angil,Basillon,abasillonba@godaddy.com,34,
2408,Ailene,Armitage,aarmitagebb@cpanel.net,47,F
2409,Elisabet,Litherland,elitherlandbc@qq.com,65,Female
2410,Reginald,Haibel,rhaibelbd@gravatar.com,32 years,Male
2411,Josey,Murtagh,jmurtaghbe@diigo.com,42,Female
2412,Sherline,Brisland,sbrislandbf@howstuffworks.com,63,
2413,Darwin,Paulusch,dpauluschbg@ibm.com,0,Male
2414,Polly,Jewis,pjewisbh@woothemes.com,36 years,Female
2415,Chip,Eccott,ceccottbi@cbslocal.com,23,M
2416,Wendye,Manueli,wmanuelibj@pbs.org,63,Female
2417,Ashely,Paulich,apaulichbk@who.int,62,Female
2418,Daniel,Langcaster,dlangcasterbl@nytimes.com,30,
2419,Cherrita,Hull,chullbm@ibm.com,0,Female
2420,Timmy,Bines,tbinesbn@java.com, years,
2421,Wilhelmina,Burnsides,wburnsidesbo@mysql.com,20,Female
2422,Clio,Sywell,csywellbp@blogtalkradio.com,58,Female
2423,Joli,Schimonek,jschimonekbq@seattletimes.com,59,
2424,Elinor,Pele,epelebr@chron.com,55,Female
2425,Kayne,Beddon,kbeddonbs@reverbnation.com,0,Male
2426,Brion,Tolliday,btollidaybt@nps.gov,54 years,Male
2427,Elliott,Impey,eimpeybu@huffingtonpost.com,39 years,Male
2428,Jaquenette,Joutapaitis,jjoutapaitisbv@over-blog.com,0,Female
2429,Darb,Brekonridge,dbrekonridgebw@vinaora.com,59,Female
2430,Miranda,Bonafant,mbonafantbx@t.co,0,Female
2431,Adrienne,Shattock,ashattockby@theatlantic.com,46,Female
2432,Yvor,Deller,ydellerbz@bigcartel.com,0,Male
2433,Maridel,Eckh,meckhc0@twitter.com,52,Female
2434,Liza,Sturney,lsturneyc1@spiegel.de,46,Female
2435,Magdalen,Baudin,mbaudinc2@google.pl,21,Female
2436,Cozmo,Atchly,catchlyc3@yahoo.com,0,M
2437,Noami,Ashbey,nashbeyc4@ovh.net,60,
2438,Silva,Howlin,showlinc5@soundcloud.com,56,Female
2439,Bradford,Carnegie,bcarnegiec6@yale.edu,52,Male
2440,Marylynne,Stockdale,mstockdalec7@ca.gov,43,F
2441,Celeste,Stringer,cstringerc8@springer.com,59 years,F
2442,Mercedes,Espy,mespyc9@yahoo.co.jp,33,Female
2443,Urbano,Sheehy,usheehyca@google.com.br,63,Male
2444,Wright,Fowles,wfowlescb@dyndns.org,0,Male
2445,Arlina,Penny,apennycc@usgs.gov,23 years,Female
2446,Gerhardine,Dayer,gdayercd@ebay.co.uk,0,F
2447,Chrisse,Blondin,cblondince@cisco.com,36,Male
2448,Kenny,Slimme,kslimmecf@baidu.com,18,Male
2449,Connie,Nolot,cnolotcg@ask.com,65 years,Female
2450,Amitie,Bethell,abethellch@freewebs.com,57 years,Female
2451,Rosco,Bahlmann,rbahlmannci@nationalgeographic.com,28,Male
2452,Dyanna,Surgood,dsurgoodcj@wired.com,53,Female
2453,Sinclair,McGruar,smcgruarck@51.la,63,M
2454,Etienne,Benjafield,ebenjafieldcl@ed.gov,31,Male
2455,Barbey,Velti,bvelticm@marketwatch.com,38,F
2456,Kai,Lafayette,klafayettecn@unblog.fr, years,Female
2457,Coralyn,Ronaghan,cronaghanco@is.gd,34,F
2458,Stanislas,Aylen,saylencp@facebook.com,0,Male
2459,Desi,Luebbert,dluebbertcq@skype.com,23,Male
2460,Mitchel,Heffy,mheffycr@home.pl,25,Male
2461,Quentin,Pellew,qpellewcs@seattletimes.com,59,Female
2462,Ashlie,Brocks,abrocksct@addtoany.com,0,Female
2463,Daryl,Whittle,dwhittlecu@mashable.com,21,Female
2464,Octavia,Fines,ofinescv@is.gd,20 years,Female
2465,Rollie,Briamo,rbriamocw@bbb.org,0,Male
2466,Ellery,Woofenden,ewoofendencx@blog.com,25,Male
2467,Joachim,Stolte,jstoltecy@blogspot.com,35,Male
2468,Wally,Tacey,wtaceycz@mashable.com,56 years,Female
2469,Camila,Nice,cniced0@baidu.com,21 years,F
2470,Artemas,Enderson,aendersond1@ovh.net,65 years,Male
2471,Feliks,Firpi,ffirpid2@ycombinator.com,53,Male
2472,Ester,Halfacre,ehalfacred3@instagram.com,30 years,Female
2473,Meredith,Kelbie,mkelbied4@earthlink.net,61,Female
2474,Jilli,Ellar,jellard5@devhub.com,54 years,F
2475,Rosalinda,Lesper,rlesperd6@upenn.edu,51 years,Female
2476,Hester,Emerson,hemersond7@geocities.jp,0,Female
2477,Claire,Facchini,cfacchinid8@springer.com,55,Male
2478,Maribeth,Newis,mnewisd9@bloglovin.com,38 years,Female
2479,Benny,Linggood,blinggoodda@wired.com,25,M
2480,Kerby,Heugh,kheughdb@creativecommons.org,39,Male
2481,Alameda,Lacroix,alacroixdc@symantec.com,50,F
2482,Filippo,Gotmann,fgotmanndd@statcounter.com,65,Male
2483,Micaela,Sawood,msawoodde@digg.com,40,Female
2484,Fernande,Langthorn,flangthorndf@aol.com,56,Female
2485,Alric,Ricco,ariccodg@freewebs.com,32,Male
2486,Rock,Arbuckle,rarbuckledh@live.com,40 years,Male
2487,Traci,Savage,tsavagedi@wisc.edu,32 years,Female
2488,Chadd,Shillan,cshillandj@bravesites.com,28,M
2489,Anselm,Charle,acharledk@typepad.com,19,Male
2490,Lothaire,Mulder,lmulderdl@salon.com, years,Male
2491,Fairlie,McPartling,fmcpartlingdm@surveymonkey.com,57,
2492,Ringo,Coakley,rcoakleydn@slideshare.net,43,Male
2493,Skye,Whiskerd,swhiskerddo@discuz.net,20,Male
2494,Cesare,Aireton,cairetondp@addtoany.com,51,Male
2495,Cissiee,Kempson,ckempsondq@deliciousdays.com,61,Female
2496,Tonnie,O'Dowling,todowlingdr@spotify.com,31,Male
2497,Galina,Strognell,gstrognellds@dyndns.org, years,Female
2498,Phillis,Wyd,pwyddt@salon.com,54,Female
2499,Dorette,Farfoot,dfarfootdu@youku.com,26,Female
2500,Corinne,Biddulph,cbiddulphdv@hhs.gov,32,F
2501,Jayme,Marquez,jmarquezdw@umn.edu,57,Female
2502,Mabel,Emerson,memersondx@freewebs.com,49,
2503,Lexis,Bold,lbolddy@mail.ru,0,Female
2504,Terri-jo,Wakeford,twakeforddz@addthis.com,60,Female
2505,Eamon,Aikenhead,eaikenheade0@state.tx.us,0,Male
2506,Harmon,Gerritzen,hgerritzene1@ucsd.edu,64,Male
2507,Abie,Troubridge,atroubridgee2@youtu.be,52,Male
2508,Holly-anne,Cohrs,hcohrse3@utexas.edu,58,Female
2509,Anne-marie,Capron,acaprone4@geocities.com,20,F
2510,Marybeth,Vasilov,mvasilove5@godaddy.com,26,Female
2511,Shurlock,Jenking,sjenkinge6@example.com,58 years,Male
2512,Merrick,Szymanowicz,mszymanowicze7@edublogs.org,20 years,Male
2513,Bibbye,Tatchell,btatchelle8@is.gd,26,Female
2514,Darnall,Jankovic,djankovice9@xing.com,59,M
2515,Brnaba,Ridde,briddeea@so-net.ne.jp,41,Male
2516,Reed,Sherrard,rsherrardeb@pcworld.com,38,Male
2517,Morten,Nanson,mnansonec@foxnews.com,26,Male
2518,Ursa,D'Agostini,udagostinied@marketwatch.com,27,Female
2519,Beauregard,Ormiston,bormistonee@typepad.com,0,Male
2520,Bernita,O' Markey,bomarkeyef@sourceforge.net,61,Female
2521,Alexandrina,Quartley,aquartleyeg@springer.com,31,Female
2522,Rhona,Banasevich,rbanasevicheh@over-blog.com,61,Female
2523,Wilmer,Ridsdell,wridsdellei@scribd.com, years,M
2524,Gregg,Clow,gclowej@chronoengine.com,23 years,Male
2525,Joceline,Leagas,jleagasek@webnode.com,31,F
2526,Kiley,Duley,kduleyel@tinyurl.com,54,Female
2527,Clementius,Kleeborn,ckleebornem@hatena.ne.jp,45,Male
2528,Eloise,Biddlestone,ebiddlestoneen@infoseek.co.jp,0,Female
2529,Steffane,Moxstead,smoxsteadeo@delicious.com,29,F
2530,Letizia,Thormwell,lthormwellep@fc2.com,57,Female
2531,Elinor,Boog,eboogeq@example.com,57,F
2532,Lauritz,Carrivick,lcarrivicker@netlog.com,65 years,Male
2533,Briano,Baildon,bbaildones@parallels.com,53,
2534,Glenna,Relf,grelfet@com.com,49,Female
2535,Filberte,Sueter,fsuetereu@vkontakte.ru,0,Male
2536,Cole,Seak,cseakev@unesco.org,0,Male
2537,Grantley,Monckton,gmoncktonew@multiply.com,37,Male
2538,Stefano,Cyster,scysterex@exblog.jp,45,Male
2539,Evie,Dace,edaceey@hostgator.com,57 years,F
2540,Stephanie,Cure,scureez@businesswire.com,35,Female
2541,Dolli,Leech,dleechf0@ask.com,0,Female
2542,Midge,Astlet,mastletf1@rakuten.co.jp,23,Female
2543,Veronike,Berford,vberfordf2@irs.gov,0,
2544,Brandise,Salsbury,bsalsburyf3@vkontakte.ru,46,Female
2545,Ronny,Kyte,rkytef4@hexun.com,44,Male
2546,Natala,Halpen,nhalpenf5@sina.com.cn,64,Female
2547,Alexis,Semechik,asemechikf6@techcrunch.com,59,Male
2548,Hadrian,Sauven,hsauvenf7@technorati.com,26,Male
2549,Sterne,Dossantos,sdossantosf8@washingtonpost.com,19,Male
2550,Aldis,Pigott,apigottf9@sakura.ne.jp,35,Male
2551,Benjie,Skoof,bskooffa@prlog.org,58,Male
2552,Hallie,Wasselin,hwasselinfb@tmall.com,49,Female
2553,Kai,Kelloway,kkellowayfc@bloglines.com,42,
2554,Elysia,Pregel,epregelfd@163.com,28,F
2555,Richmound,Mucillo,rmucillofe@nps.gov,30 years,
2556,Cyrillus,Beall,cbeallff@imdb.com,50,
2557,Nichole,Muzzall,nmuzzallfg@tripadvisor.com,31,F
2558,Codie,Ricciardelli,cricciardellifh@umn.edu,36,Male
2559,Leoline,Daymond,ldaymondfi@github.io,62,Female
2560,Yuma,Twomey,ytwomeyfj@weather.com,54,M
2561,Tyne,Petheridge,tpetheridgefk@discovery.com,20,
2562,Mikaela,McClymond,mmcclymondfl@mayoclinic.com,56,Female
2563,Rochester,Grisard,rgrisardfm@google.ru,32 years,Male
2564,Sidoney,Di Batista,sdibatistafn@paginegialle.it,0,Female
2565,Brok,Firks,bfirksfo@51.la,60 years,
2566,Ruprecht,Hernik,rhernikfp@ameblo.jp,33,
2567,Thomasine,Elfleet,telfleetfq@diigo.com,33,F
2568,Grissel,Donnachie,gdonnachiefr@linkedin.com,23,F
2569,Todd,Timlett,ttimlettfs@123-reg.co.uk,59,Male
2570,Erhart,Boshard,eboshardft@theglobeandmail.com,30,M
2571,Francoise,Ruby,frubyfu@paypal.com,28,Female
2572,Coop,Finlry,cfinlryfv@github.com,46 years,
2573,Fitz,Rackham,frackhamfw@g.co,64,Male
2574,Ferdinande,Girton,fgirtonfx@earthlink.net,36,Female
2575,Matthias,Doughill,mdoughillfy@clickbank.net,34,Male
2576,Matelda,Gerrill,mgerrillfz@seattletimes.com,55,Female
2577,Costanza,Timms,ctimmsg0@kickstarter.com,0,Female
2578,Will,Wilmore,wwilmoreg1@narod.ru,60,Male
2579,Bonny,Symes,bsymesg2@phoca.cz,39,F
2580,Dulcia,Dudden,dduddeng3@about.com,28,Female
2581,Walliw,Gates,wgatesg4@mapy.cz,43,
2582,Umberto,Mapson,umapsong5@aboutads.info,28,Male
2583,Ashlie,Blaine,ablaineg6@hubpages.com,46,F
2584,Glyn,McDugal,gmcdugalg7@dropbox.com,58,Male
2585,Martin,Pyrton,mpyrtong8@1und1.de, years,Male
2586,Mycah,Keitch,mkeitchg9@soundcloud.com,53,Male
2587,Zack,Macallam,zmacallamga@cocolog-nifty.com,59,Male
2588,Tiphanie,Bergin,tbergingb@4shared.com,44 years,Female
2589,Orbadiah,Reveley,oreveleygc@thetimes.co.uk,22,Male
2590,Dwayne,Franzotto,dfranzottogd@livejournal.com,42,Male
2591,Berke,Romke,bromkege@telegraph.co.uk,56,Male
2592,Antin,Barukh,abarukhgf@archive.org,64,Male
2593,Kali,Thickpenny,kthickpennygg@amazon.co.jp,56,Female
2594,Cole,Shane,cshanegh@usnews.com,49,M
2595,Jo ann,Betke,jbetkegi@nsw.gov.au,44,Female
2596,Irvine,Killough,ikilloughgj@walmart.com,48,Male
2597,Haroun,Troup,htroupgk@forbes.com,0,
2598,Yorke,Edgley,yedgleygl@amazon.co.jp, years,Male
2599,Perry,Fackney,pfackneygm@goodreads.com,45 years,Male
2600,Denys,Geleman,dgelemangn@taobao.com,61,Female
2601,Ellsworth,Doxey,edoxeygo@yelp.com,46,Male
2602,Fairleigh,Ilott,filottgp@freewebs.com,62,Male
2603,Tessa,Loades,tloadesgq@booking.com,54,F
2604,Ernie,Kindle,ekindlegr@joomla.org,18,
2605,Sheffield,Hawkwood,shawkwoodgs@goo.gl,59,Male
2606,Haily,Tapley,htapleygt@ebay.co.uk,39,Female
2607,Yehudi,Ponder,ypondergu@hp.com,34 years,Male
2608,Alphonso,Grimwood,agrimwoodgv@state.gov,0,
2609,Melitta,Lawerence,mlawerencegw@comcast.net,19,Female
2610,Philippe,Merriday,pmerridaygx@sitemeter.com,42,F
2611,Cynthie,Amsden,camsdengy@fda.gov,33,Female
2612,Donnell,Buttle,dbuttlegz@bloglovin.com,59,Male
2613,Creighton,Suddock,csuddockh0@princeton.edu,56,Male
2614,Del,Sirey,dsireyh1@barnesandnoble.com,33 years,Male
2615,Ettore,Ibeson,eibesonh2@abc.net.au,19 years,Male
2616,Concordia,Klejna,cklejnah3@last.fm,28,F
2617,Aloisia,Juckes,ajuckesh4@admin.ch,24,F
2618,Orson,Standrin,ostandrinh5@ft.com,41,
2619,Hildagarde,Humphrys,hhumphrysh6@hostgator.com,0,Female
2620,Saraann,Bateman,sbatemanh7@ifeng.com,50,Female
2621,Bliss,Ibert,biberth8@mayoclinic.com,41,F
2622,Delmer,Davage,ddavageh9@businesswire.com,46,M
2623,Sharlene,Palliser,spalliserha@elpais.com,60,
2624,Myrle,Stendall,mstendallhb@360.cn,62,Female
2625,Torry,Morot,tmorothc@senate.gov,24,Male
2626,Grace,Ovesen,govesenhd@businessweek.com,22,Male
2627,Tybalt,Zanini,tzaninihe@live.com,0,Male
2628,Zaccaria,Grayshon,zgrayshonhf@bluehost.com,41,Male
2629,Bald,Nutbrown,bnutbrownhg@issuu.com,0,M
2630,Porty,Moisey,pmoiseyhh@plala.or.jp,40,M
2631,Farley,Antoons,fantoonshi@etsy.com,19,Male
2632,Kally,Japp,kjapphj@jalbum.net,34,Female
2633,Wyatan,Enterlein,wenterleinhk@yellowpages.com,33 years,Male
2634,Reeba,Spain-Gower,rspaingowerhl@tinyurl.com,41,Female
2635,Eimile,Attew,eattewhm@livejournal.com,20,Female
2636,Marquita,Diego,mdiegohn@yahoo.com,38,Female
2637,Berti,Comley,bcomleyho@ebay.co.uk,56,Male
2638,Harley,Foakes,hfoakeshp@google.co.uk,54,Female
2639,Carly,Landreth,clandrethhq@reddit.com,21 years,Female
2640,Nadeen,Aughtie,naughtiehr@forbes.com,42,Female
2641,Blaire,Collie,bcolliehs@archive.org,45,Female
2642,Elvis,Crowcher,ecrowcherht@comcast.net,47,Male
2643,Bernice,Czapla,bczaplahu@dyndns.org,35,
2644,Kerr,Moisey,kmoiseyhv@seattletimes.com,46,Male
2645,Haley,Whittingham,hwhittinghamhw@webmd.com,42,Female
2646,Nichole,Tesauro,ntesaurohx@apache.org,48,Male
2647,Annabal,Portress,aportresshy@blogger.com,39,Female
2648,Dahlia,Suttell,dsuttellhz@berkeley.edu,44,
2649,Chaddie,McEntagart,cmcentagarti0@oracle.com,32 years,M
2650,Sigismund,Van Bruggen,svanbruggeni1@google.co.jp,28,Male
2651,Vinnie,Joesbury,vjoesburyi2@wufoo.com,20,Female
2652,Daphna,Eldon,deldoni3@twitpic.com,33,Female
2653,Griz,Codrington,gcodringtoni4@arizona.edu,35 years,Male
2654,Ella,Ambage,eambagei5@fastcompany.com,63,Female
2655,Dorena,Bergin,dbergini6@imdb.com,50,Female
2656,Tilly,Jedrych,tjedrychi7@dmoz.org,60,Female
2657,Redford,Hempshall,rhempshalli8@buzzfeed.com,45 years,Male
2658,Jojo,Nolton,jnoltoni9@nih.gov,21,Female
2659,Isak,Lygoe,ilygoeia@google.co.jp,45 years,M
2660,Kermie,Razzell,krazzellib@studiopress.com,39,Male
2661,Maurizia,Leisk,mleiskic@ca.gov,39 years,Female
2662,Warren,Lively,wlivelyid@yellowbook.com,37 years,M
2663,Seymour,Casperri,scasperriie@irs.gov,45,M
2664,Rosetta,Feldmesser,rfeldmesserif@shutterfly.com,21,Female
2665,Ave,Ketteringham,aketteringhamig@springer.com,40,Male
2666,Muffin,Tanby,mtanbyih@abc.net.au,23 years,Male
2667,Crawford,Shiels,cshielsii@youtube.com,29,Male
2668,Richie,Bowhay,rbowhayij@archive.org,56,
2669,Dede,Gohier,dgohierik@deviantart.com,63,Female
2670,Lanna,Rycroft,lrycroftil@t-online.de,51,F
2671,Kearney,Giamelli,kgiamelliim@state.gov,60,Male
2672,Torr,Robard,trobardin@blogs.com,41,
2673,Alphonse,Colin,acolinio@oaic.gov.au, years,M
2674,Raffarty,Peasegood,rpeasegoodip@cdbaby.com,42,Male
2675,Rosalynd,Kharchinski,rkharchinskiiq@uiuc.edu,40,Female
2676,Siusan,Upston,supstonir@china.com.cn,44,Female
2677,Marcelle,Henniger,mhennigeris@mapquest.com,39 years,Female
2678,Dalia,Brute,dbruteit@google.com.au,42,Female
2679,Uriel,Chesman,uchesmaniu@ibm.com,53,Male
2680,Karel,Greenman,kgreenmaniv@mtv.com,54,
2681,Gabrielle,Wegenen,gwegeneniw@skype.com,40,Female
2682,Leoine,Tamblyn,ltamblynix@cdc.gov,21 years,Female
2683,Baird,McConville,bmcconvilleiy@pinterest.com,65,Male
2684,Denice,Lillico,dlillicoiz@cpanel.net,20,Female
2685,Moyna,Wasiel,mwasielj0@wired.com,59,Female
2686,Solly,Skurray,sskurrayj1@lulu.com,46,Male
2687,Lesya,Carwithen,lcarwithenj2@spiegel.de,42,Female
2688,Chester,Spall,cspallj3@ibm.com,54,
2689,Chen,Yeliashev,cyeliashevj4@hugedomains.com,29,Male
2690,Nappy,Fitter,nfitterj5@yolasite.com,26,Male
2691,Shaw,Skinn,sskinnj6@4shared.com,53,Male
2692,Raquel,Etchingham,retchinghamj7@gizmodo.com,0,F
2693,Jane,Langelaan,jlangelaanj8@miibeian.gov.cn,0,Female
2694,Meade,Bramelt,mbrameltj9@barnesandnoble.com,46,Female
2695,Karita,Hrinishin,khrinishinja@bizjournals.com,29 years,Female
2696,Jourdain,Huburn,jhuburnjb@sphinn.com,23,Male
2697,Bobbe,Mangon,bmangonjc@icio.us,50 years,F
2698,Veriee,Phoebe,vphoebejd@wikipedia.org,47,Female
2699,Jannel,Padefield,jpadefieldje@drupal.org,56,Female
2700,Simmonds,Ruddle,sruddlejf@china.com.cn,48,M
2701,Millisent,Morritt,mmorrittjg@freewebs.com, years,Female
2702,Philly,McCuthais,pmccuthaisjh@unesco.org,57,Female
2703,Gayle,Colaco,gcolacoji@istockphoto.com,55,Female
2704,Rodina,Fullard,rfullardjj@reddit.com,61,F
2705,Prinz,Lestrange,plestrangejk@smugmug.com,57,Male
2706,Gussy,Minster,gminsterjl@tiny.cc,31,Female
2707,Leonhard,Jesper,ljesperjm@chicagotribune.com,52 years,Male
2708,Tiebout,Hartwright,thartwrightjn@arstechnica.com,24,Male
2709,Hali,Sissens,hsissensjo@tuttocitta.it,29,Female
2710,Genevieve,Mannooch,gmannoochjp@youtube.com,0,
2711,Ulrikaumeko,Bulloch,ubullochjq@slideshare.net,35,
2712,Bride,O'Dyvoy,bodyvoyjr@latimes.com,51,Female
2713,Brett,McCuish,bmccuishjs@unicef.org,39,Male
2714,Kizzee,Tunmore,ktunmorejt@taobao.com,56,Female
2715,Muffin,Self,mselfju@parallels.com,31,M
2716,Ambros,Allbones,aallbonesjv@wunderground.com,32,Male
2717,Bald,Cassley,bcassleyjw@phpbb.com,54,M
2718,Anallise,Bysshe,abysshejx@answers.com,29,F
2719,Deina,Stillwell,dstillwelljy@ehow.com,23,Female
2720,Johnette,Jodlkowski,jjodlkowskijz@de.vu,39,Female
2721,Kassandra,Breckenridge,kbreckenridgek0@mapy.cz,30,Female
2722,Chrysler,Preston,cprestonk1@jigsy.com,54,Female
2723,Gerrie,Hansill,ghansillk2@people.com.cn, years,Female
2724,Bruis,Rizzini,brizzinik3@tumblr.com,60,M
2725,Latrina,Dahmel,ldahmelk4@bbc.co.uk,61,F
2726,Geri,Fullicks,gfullicksk5@gravatar.com,46 years,Male
2727,Steffi,Leng,slengk6@infoseek.co.jp,35 years,Female
2728,Teddy,Rucklidge,trucklidgek7@google.cn,63,Male
2729,Gibby,Jedrychowski,gjedrychowskik8@japanpost.jp,35,Male
2730,Giustina,Brittain,gbrittaink9@icio.us,51,Female
2731,Pierrette,Antonetti,pantonettika@t.co,27 years,F
2732,Kip,Chalice,kchalicekb@theglobeandmail.com,38,Female
2733,Torrie,Cowlas,tcowlaskc@behance.net,44,Female
2734,Giffy,O'Cullen,gocullenkd@spotify.com,63,Male
2735,Caye,Hilley,chilleyke@usda.gov,39,Female
2736,Opalina,Bantick,obantickkf@nationalgeographic.com,30,F
2737,Nate,Luty,nlutykg@alibaba.com,33,Male
2738,Tiebold,Gilffilland,tgilffillandkh@patch.com,60,Male
2739,Seamus,Sutlieff,ssutlieffki@patch.com,62,Male
2740,Garwin,Elham,gelhamkj@slate.com, years,Male
2741,Aloin,Bolingbroke,abolingbrokekk@tumblr.com,24 years,
2742,Danit,Frugier,dfrugierkl@google.com.au,56,Female
2743,Annamaria,Stainfield,astainfieldkm@fema.gov,18,Female
2744,Gerardo,Lawless,glawlesskn@seattletimes.com,26 years,Male
2745,Maiga,Balkwill,mbalkwillko@skype.com,0,F
2746,Junina,Deveril,jdeverilkp@etsy.com,59,
2747,Margaux,Petrussi,mpetrussikq@elpais.com,54,Female
2748,Merrill,Parkey,mparkeykr@php.net,0,Female
2749,Quinn,Nind,qnindks@amazon.de,53,Female
2750,Peyter,Reynoollds,preynoolldskt@house.gov,21,Male
2751,Cissiee,McLaggan,cmclagganku@wunderground.com,49,Female
2752,Willdon,Lanston,wlanstonkv@ted.com,58 years,Male
2753,Janet,Dene,jdenekw@hostgator.com,33,Female
2754,Bianka,Epelett,bepelettkx@un.org, years,
2755,Oran,Kynoch,okynochky@china.com.cn,48,Male
2756,Donia,Baurerich,dbaurerichkz@geocities.com,36,Female
2757,Selby,Husset,shussetl0@washingtonpost.com,36,Male
2758,Berri,Flay,bflayl1@yahoo.com,24 years,Female
2759,Andros,Umbert,aumbertl2@chron.com,63,Male
2760,Alejandrina,Hinemoor,ahinemoorl3@macromedia.com,0,Female
2761,Lian,Hixson,lhixsonl4@amazon.co.uk,30,Female
2762,Eliot,Tollet,etolletl5@pbs.org,25 years,Male
2763,Evelyn,Gauch,egauchl6@tmall.com,27,Male
2764,Franciska,Nice,fnicel7@mozilla.org,42,Female
2765,Aubrette,Learmount,alearmountl8@newyorker.com,18,F
2766,Alex,Oldam,aoldaml9@samsung.com,33,Female
2767,Ibrahim,Garrique,igarriquela@google.it,58,M
2768,Abagael,Leadbeater,aleadbeaterlb@dot.gov,55,Female
2769,Antonin,Denisyuk,adenisyuklc@goo.gl,26,M
2770,Aldus,Bagenal,abagenalld@howstuffworks.com,62,
2771,Wilmette,Snozzwell,wsnozzwellle@tinyurl.com,19 years,Female
2772,Jordan,Loache,jloachelf@nationalgeographic.com,65 years,Male
2773,Lindsy,Pirrie,lpirrielg@google.it,36,Female
2774,Ephrayim,MacFall,emacfalllh@prweb.com,40,
2775,Baily,Count,bcountli@si.edu,32,Male
2776,Colby,Cruwys,ccruwyslj@amazon.co.jp,31 years,M
2777,Vere,Scales,vscaleslk@simplemachines.org, years,
2778,Alverta,Davidek,adavidekll@flickr.com,21,Female
2779,Iago,Blanchflower,iblanchflowerlm@reverbnation.com,58 years,Male
2780,Granny,Bills,gbillsln@wikispaces.com,43,Male
2781,Wilton,Hubberstey,whubbersteylo@spiegel.de,40,Male
2782,Rickie,Jouandet,rjouandetlp@stumbleupon.com,55 years,Male
2783,Gayla,Lodge,glodgelq@alexa.com,35,Female
2784,Ynes,Mazella,ymazellalr@mashable.com,25,Female
2785,Geno,Colrein,gcolreinls@rambler.ru,18,Male
2786,Lina,Bellino,lbellinolt@qq.com,38,Female
2787,Masha,Chark,mcharklu@bloglines.com,40 years,Female
2788,Corilla,Gasparro,cgasparrolv@seattletimes.com,47 years,Female
2789,Leandra,Blose,lbloselw@amazon.de,58,
2790,Kendell,Ousbie,kousbielx@bloglines.com,0,M
2791,Weider,Cadlock,wcadlockly@ocn.ne.jp,34,Male
2792,Jorry,Joberne,jjobernelz@telegraph.co.uk,24 years,F
2793,Ellen,Satcher,esatcherm0@wikimedia.org,26,F
2794,Nealon,Zink,nzinkm1@sciencedirect.com,64 years,Male
2795,Zea,Wigfall,zwigfallm2@paginegialle.it,0,Female
2796,Loutitia,Donahue,ldonahuem3@simplemachines.org,49,Female
2797,Zabrina,Winsor,zwinsorm4@smugmug.com,35,Female
2798,Querida,Leveret,qleveretm5@japanpost.jp,54,Female
2799,Moira,Mulheron,mmulheronm6@de.vu,26,Female
2800,Aurora,Viollet,aviolletm7@huffingtonpost.com,54,F
2801,Cobby,Raulstone,craulstonem8@pen.io,56,M
2802,Lamont,McWilliam,lmcwilliamm9@tinypic.com,20 years,Male
2803,Farley,Grzes,fgrzesma@usatoday.com,20,M
2804,Curt,Sherebrook,csherebrookmb@bbb.org,63,Male
2805,Silvio,Boltwood,sboltwoodmc@nytimes.com,47,M
2806,Robinett,Scannell,rscannellmd@de.vu,47 years,F
2807,Dasi,Braddick,dbraddickme@si.edu,60,
2808,Natala,Huck,nhuckmf@hc360.com,20 years,Female
2809,Almire,Tookill,atookillmg@timesonline.co.uk,55,Female
2810,Amitie,Barker,abarkermh@netvibes.com,42 years,F
2811,Stevena,Mingey,smingeymi@gravatar.com,58,
2812,Agnola,Smalcombe,asmalcombemj@comsenz.com,63,
2813,Johanna,Markos,jmarkosmk@buzzfeed.com,60,Female
2814,Salomon,Bernardin,sbernardinml@qq.com,57,Male
2815,Patrizia,Bawdon,pbawdonmm@mlb.com,46,Female
2816,Carmelina,Hooban,choobanmn@netvibes.com,49,Female
2817,Vonny,Pymm,vpymmmo@blogspot.com,44,
2818,Abey,Lawleff,alawleffmp@jigsy.com,37,Male
2819,Tobie,Giffard,tgiffardmq@lycos.com,54,Male
2820,Maribelle,Beddis,mbeddismr@nature.com,38,Female
2821,Jonas,Koppen,jkoppenms@bigcartel.com,20,Male
2822,Joseito,Goering,jgoeringmt@e-recht24.de,26,Male
2823,Brandice,Gowrich,bgowrichmu@businessinsider.com,28,Female
2824,Carry,Delgardo,cdelgardomv@google.com,60,F
2825,Towney,McComiskey,tmccomiskeymw@hao123.com,19,Male
2826,Violet,Chamley,vchamleymx@mashable.com,25,Female
2827,Natasha,Snailham,nsnailhammy@hubpages.com,24 years,Female
2828,Bruno,Flaxon,bflaxonmz@dailymotion.com,21,Male
2829,Eula,Koeppe,ekoeppen0@lycos.com,64 years,Female
2830,Taber,Hadleigh,thadleighn1@usa.gov,18,
2831,Kelly,Goddert.sf,kgoddertsfn2@ning.com,37,Male
2832,Berna,McKleod,bmckleodn3@marketwatch.com,30,F
2833,Janeva,McIlmorie,jmcilmorien4@nydailynews.com,32,
2834,Randal,Allen,rallenn5@purevolume.com,45,Male
2835,Eugenia,Wyllcock,ewyllcockn6@shop-pro.jp,52,F
2836,Modesty,Briscow,mbriscown7@live.com,32,Female
2837,Denyse,Topaz,dtopazn8@illinois.edu,0,Female
2838,Adorne,Larter,alartern9@hostgator.com,38,Female
2839,Alexis,Hacon,ahaconna@wikispaces.com,0,Male
2840,Davidson,Morten,dmortennb@businessweek.com,54,M
2841,Lenore,Coogan,lcoogannc@cyberchimps.com,29,Female
2842,Tiff,Hemerijk,themerijknd@sun.com,21,F
2843,Nathan,McFater,nmcfaterne@geocities.com, years,
2844,Tamar,Kaasman,tkaasmannf@eepurl.com,30,Female
2845,Ryan,Beslier,rbeslierng@slashdot.org,57,Male
2846,Koralle,Croal,kcroalnh@artisteer.com,65,
2847,Antons,Brumby,abrumbyni@newsvine.com,0,Male
2848,Benjamen,Castletine,bcastletinenj@independent.co.uk,54,Male
2849,Angelique,Caplan,acaplannk@acquirethisname.com,60,Female
2850,Addie,von Hagt,avonhagtnl@blogger.com,20,
2851,D'arcy,Ingray,dingraynm@economist.com,56,Male
2852,Mikel,Wisniewski,mwisniewskinn@github.io,62 years,
2853,Ray,Giannassi,rgiannassino@bandcamp.com,56,Male
2854,Anthiathia,Feavers,afeaversnp@oracle.com,58,Female
2855,Jody,Klempke,jklempkenq@google.es,28,M
2856,Orel,Henstridge,ohenstridgenr@youku.com,54,F
2857,Alejandra,Cano,acanons@amazon.co.uk,47,Female
2858,Rebbecca,Spraberry,rspraberrynt@nps.gov,24,Female
2859,Virgina,Alcido,valcidonu@guardian.co.uk,47,Female
2860,Tine,Golbourn,tgolbournnv@tamu.edu,63,
2861,Ava,Snoday,asnodaynw@sourceforge.net,0,Female
2862,Vaughn,Eastcourt,veastcourtnx@berkeley.edu,26,M
2863,Arni,McConnachie,amcconnachieny@sciencedirect.com,19,Male
2864,Percy,Bovis,pbovisnz@rambler.ru,41,Male
2865,Ruthi,Pratty,rprattyo0@java.com,40,Female
2866,Freddi,Spinks,fspinkso1@google.cn,38,Female
2867,Aviva,Lude,aludeo2@weibo.com,35,Female
2868,Hildegaard,Dunster,hdunstero3@whitehouse.gov,0,Female
2869,Eloisa,Ebunoluwa,eebunoluwao4@free.fr,21 years,Female
2870,Lisha,Eskriet,leskrieto5@goodreads.com,45,Female
2871,Micky,Lile,mlileo6@odnoklassniki.ru,62,Female
2872,Loralee,Lisciandro,llisciandroo7@usgs.gov,35 years,
2873,Agretha,Harrod,aharrodo8@fotki.com,46,Female
2874,Roda,Maddyson,rmaddysono9@shop-pro.jp,56,Female
2875,Alfreda,Le Barr,alebarroa@zimbio.com,23,F
2876,Nataline,Guirardin,nguirardinob@1und1.de,0,Female
2877,Virginia,Gammell,vgammelloc@berkeley.edu,23,
2878,Darrel,Gosswell,dgosswellod@amazon.co.uk,0,Male
2879,Dillie,Silvers,dsilversoe@etsy.com,59,Male
2880,Alyce,O'Cannavan,aocannavanof@howstuffworks.com,25,Female
2881,Haven,Stonman,hstonmanog@4shared.com,18,Male
2882,Melloney,Rozsa,mrozsaoh@comcast.net,22,Female
2883,Aland,Humby,ahumbyoi@over-blog.com,27,Male
2884,Bunni,Doerling,bdoerlingoj@nba.com,53,Female
2885,Wandis,Piperley,wpiperleyok@ibm.com,38,
2886,Malachi,Gheeraert,mgheeraertol@usnews.com,22,Male
2887,Saxe,Shurey,sshureyom@bbc.co.uk,19,
2888,Cathleen,Bunn,cbunnon@mediafire.com,65 years,Female
2889,Avis,Derkes,aderkesoo@quantcast.com,51 years,Female
2890,Stephani,Sturgess,ssturgessop@typepad.com,23,Female
2891,Alene,Stansbury,astansburyoq@nba.com,40,
2892,Chandler,Tingcomb,ctingcombor@tamu.edu,38,Male
2893,Aubree,Tallman,atallmanos@tmall.com,42,Female
2894,Arda,Rogge,aroggeot@pen.io,50,Female
2895,Dunstan,Wheelan,dwheelanou@elegantthemes.com,22,Male
2896,Karen,Lorens,klorensov@wikispaces.com,56 years,Female
2897,Babbette,Whal,bwhalow@senate.gov,19 years,Female
2898,Antoinette,Parsisson,aparsissonox@unblog.fr,27,
2899,Katheryn,Wildman,kwildmanoy@photobucket.com,41,Female
2900,Isidor,Knill,iknilloz@paypal.com,63,M
2901,Hobie,Origin,horiginp0@spotify.com,31,M
2902,Inigo,MacCaig,imaccaigp1@deviantart.com,37,M
2903,Uriah,Simkins,usimkinsp2@hubpages.com,32,
2904,Darrick,Slocomb,dslocombp3@chicagotribune.com,32,Male
2905,Alanna,Pendleton,apendletonp4@twitter.com,0,Female
2906,Levi,Oxlade,loxladep5@pinterest.com,48,Male
2907,Hestia,Stubbe,hstubbep6@forbes.com,50 years,F
2908,Ambrose,Blowes,ablowesp7@google.com.br,35,Male
2909,Jennie,Kinahan,jkinahanp8@dyndns.org,46,Female
2910,Maddy,Adamides,madamidesp9@cnn.com,58,Male
2911,Curtis,Pacitti,cpacittipa@chronoengine.com, years,Male
2912,Corliss,Dominichelli,cdominichellipb@shop-pro.jp,32,Female
2913,Shelden,Thrift,sthriftpc@instagram.com,55,Male
2914,Donielle,Merritt,dmerrittpd@yandex.ru,34,Female
2915,Gilles,Advani,gadvanipe@123-reg.co.uk,0,Male
2916,Currie,Stooders,cstooderspf@businessinsider.com,22,M
2917,Calvin,Hinz,chinzpg@adobe.com,22,Male
2918,Desiree,Laverack,dlaverackph@multiply.com,49 years,Female
2919,Hansiain,Hawler,hhawlerpi@amazonaws.com,49 years,Male
2920,Monah,Beddon,mbeddonpj@ifeng.com,51,Female
2921,Charity,Eicheler,ceichelerpk@independent.co.uk,65,Female
2922,Debra,Lepoidevin,dlepoidevinpl@unc.edu,33,F
2923,Stavro,Moston,smostonpm@bbb.org,34,
2924,Lucio,Pluck,lpluckpn@cbsnews.com,0,M
2925,Robby,Gauld,rgauldpo@yahoo.co.jp,28,Male
2926,Bjorn,Waby,bwabypp@cargocollective.com,61,M
2927,Faina,Youngman,fyoungmanpq@moonfruit.com,37,F
2928,Dionisio,Senussi,dsenussipr@ehow.com,34,
2929,Delila,Maylin,dmaylinps@delicious.com,31,Female
2930,Reynold,Saffen,rsaffenpt@example.com,24,Male
2931,Constancy,Mosedale,cmosedalepu@ucla.edu,0,Female
2932,Enid,Fauning,efauningpv@gnu.org,38,Female
2933,Bella,Ashborn,bashbornpw@addthis.com,58,Female
2934,Booth,Tzarkov,btzarkovpx@google.cn,35,Male
2935,Berty,Gieves,bgievespy@360.cn,0,Male
2936,Teodor,Wallbanks,twallbankspz@com.com,49,Male
2937,Maible,Squibb,msquibbq0@jiathis.com,58 years,F
2938,Zeb,Ledwith,zledwithq1@un.org,50 years,Male
2939,Beitris,McGawn,bmcgawnq2@tripod.com,53,Female
2940,Seline,Toffanini,stoffaniniq3@timesonline.co.uk,31,
2941,Brook,Ellesmere,bellesmereq4@hexun.com,33 years,Male
2942,Cathi,McGoon,cmcgoonq5@tamu.edu,36,Female
2943,Efrem,MacClenan,emacclenanq6@google.com.au,25,Male
2944,Nessy,Santoro,nsantoroq7@uol.com.br,18,Female
2945,Tanhya,Newing,tnewingq8@cam.ac.uk,22,F
2946,Wilie,Garmey,wgarmeyq9@zimbio.com,24,Female
2947,Lauretta,Mosby,lmosbyqa@cdbaby.com,52,F
2948,Ronald,Kerrigan,rkerriganqb@msn.com,32 years,M
2949,Lazar,Dacks,ldacksqc@newsvine.com,0,Male
2950,Ramsey,Grodden,rgroddenqd@sourceforge.net,42,M
2951,Clayborn,Scrange,cscrangeqe@stanford.edu,38,Male
2952,Lia,Devereu,ldevereuqf@baidu.com,60,Female
2953,Kaela,Cowgill,kcowgillqg@meetup.com,29 years,Female
2954,Quentin,Strangeway,qstrangewayqh@mail.ru,0,M
2955,Fredelia,Brumhead,fbrumheadqi@csmonitor.com,43,F
2956,Ann,Mather,amatherqj@people.com.cn,18,Female
2957,Ag,Jaimez,ajaimezqk@godaddy.com,42,Female
2958,Jess,Lamlin,jlamlinql@statcounter.com,0,F
2959,Gael,Balharrie,gbalharrieqm@sohu.com,29,Female
2960,Viviana,Chelley,vchelleyqn@hao123.com,48,
2961,Kimberley,Children,kchildrenqo@usgs.gov,31,F
2962,Walton,Kettlesing,wkettlesingqp@prnewswire.com, years,Male
2963,Maire,MacCome,mmaccomeqq@apple.com,27,F
2964,Winnie,Bartolomeoni,wbartolomeoniqr@admin.ch,34,Female
2965,Ancell,Payze,apayzeqs@ovh.net,51,M
2966,Ronica,Mallord,rmallordqt@cbc.ca,31,F
2967,Perren,Ginnety,pginnetyqu@ning.com,59,Male
2968,Cesya,Tidball,ctidballqv@amazon.co.jp,53,Female
2969,Dael,Rozenbaum,drozenbaumqw@bloomberg.com,45,Female
2970,Rooney,Baldack,rbaldackqx@mysql.com,27,M
2971,King,Goldstone,kgoldstoneqy@umich.edu,25,Male
2972,Ellen,Hurle,ehurleqz@disqus.com,48,
2973,Levon,Ioan,lioanr0@symantec.com,47 years,Male
2974,Trevar,Wynrahame,twynrahamer1@istockphoto.com,29 years,Male
2975,Randy,MacGeaney,rmacgeaneyr2@oracle.com,42,Female
2976,Sollie,Adriani,sadrianir3@toplist.cz,34,Male
2977,Sylvester,Lalevee,slaleveer4@unesco.org,22 years,Male
2978,Alvera,Van Halen,avanhalenr5@icio.us, years,F
2979,Christoper,Giacoboni,cgiacobonir6@addthis.com,64,Male
2980,Esdras,Grollmann,egrollmannr7@elegantthemes.com,23,Male
2981,Ludovico,Wiggam,lwiggamr8@xrea.com,49,Male
2982,Ram,Mathet,rmathetr9@devhub.com,49,Male
2983,Emlen,Molineux,emolineuxra@deliciousdays.com,32,Male
2984,Effie,Coughlan,ecoughlanrb@networksolutions.com,26,Female
2985,Randolf,Firminger,rfirmingerrc@prweb.com,23,Male
2986,Chantalle,Epple,cepplerd@dropbox.com, years,F
2987,Douglas,Wyper,dwyperre@amazon.co.uk,44,Male
2988,Alexandr,Stivey,astiveyrf@yale.edu,0,M
2989,Shane,Berre,sberrerg@blogger.com,48,Male
2990,Lucius,Slatcher,lslatcherrh@surveymonkey.com,22,Male
2991,Irwin,Tuppeny,ituppenyri@ehow.com,19,M
2992,Daveen,Smullin,dsmullinrj@indiegogo.com,27,Female
2993,Eleni,Heamus,eheamusrk@craigslist.org,27,F
2994,Twila,Shankland,tshanklandrl@google.co.jp,34,Female
2995,Sadye,Caistor,scaistorrm@pen.io,50,Female
2996,Vida,Townsend,vtownsendrn@cnet.com,40 years,Female
2997,Shandee,McOnie,smconiero@prweb.com,0,Female
2998,Maggy,Wildish,mwildishrp@techcrunch.com,40,Female
2999,Luise,Kinchlea,lkinchlearq@symantec.com,58,Female
3000,Eba,Sanper,esanperrr@wikipedia.org,56,Female
3001,Karl,MacGaughey,kmacgaughey0@cloudflare.com,32,Male
3002,Ferd,Grimble,fgrimble1@tuttocitta.it,35,Male
3003,Hedwig,Craythorne,hcraythorne2@tinypic.com,39,Female
3004,Lothaire,Gauthorpp,lgauthorpp3@free.fr,50 years,
3005,Rosy,Leamy,rleamy4@umich.edu,27,Female
3006,Peggie,Molder,pmolder5@archive.org,29,F
3007,Kingsley,Calcutt,kcalcutt6@networkadvertising.org,41,Male
3008,Ansley,Meegan,ameegan7@abc.net.au,47,F
3009,Bab,Pynner,bpynner8@state.gov,53,Female
3010,Brier,Beteriss,bbeteriss9@mashable.com,37,
3011,Vi,Elnaugh,velnaugha@princeton.edu,38,F
3012,Hillard,Carman,hcarmanb@lulu.com,31,Male
3013,Maible,Ludwell,mludwellc@canalblog.com,23 years,Female
3014,Pail,Mielnik,pmielnikd@smugmug.com,22,Male
3015,Freda,Fontenot,ffontenote@ihg.com,61,Female
3016,Letta,Bilfoot,lbilfootf@dyndns.org,0,Female
3017,Virgilio,McTrustey,vmctrusteyg@symantec.com,35,Male
3018,Willi,MacRitchie,wmacritchieh@imdb.com,24 years,Male
3019,Corina,Gurnell,cgurnelli@godaddy.com,37 years,Female
3020,Gay,Newton,gnewtonj@ft.com, years,Female
3021,Rheba,Danilenko,rdanilenkok@wp.com,23,Female
3022,Bobbye,Schole,bscholel@prnewswire.com,24,Female
3023,Leonid,Harston,lharstonm@ed.gov,50,M
3024,Kele,Healey,khealeyn@ebay.co.uk,65 years,M
3025,Christophe,Pierrepont,cpierreponto@ehow.com,60 years,Male
3026,Seymour,Jesty,sjestyp@springer.com,19,Male
3027,Travus,Satford,tsatfordq@symantec.com,53 years,Male
3028,Artie,Alejandri,aalejandrir@mlb.com,31,Male
3029,Donny,Jullian,djullians@umich.edu,54,Female
3030,Vera,Brandreth,vbrandretht@surveymonkey.com,38,Female
3031,Fulton,Mc Caughen,fmccaughenu@apple.com,61 years,M
3032,Fidelity,Frampton,fframptonv@mtv.com,64,Female
3033,Becka,Pye,bpyew@tripod.com,59,Female
3034,Law,Dally,ldallyx@reddit.com,58,Male
3035,Karissa,Ramos,kramosy@cdc.gov,41,Female
3036,Hana,Mabbutt,hmabbuttz@weather.com,31,Female
3037,Andi,Bownd,abownd10@eepurl.com, years,Female
3038,Ham,Jantot,hjantot11@hostgator.com,55,Male
3039,Philip,Canario,pcanario12@webeden.co.uk,58 years,Male
3040,Odille,Bonnar,obonnar13@eepurl.com,19,Female
3041,Reg,Desantis,rdesantis14@virginia.edu,28 years,M
3042,Berny,Neat,bneat15@nymag.com,49,F
3043,Kerry,Mylechreest,kmylechreest16@discuz.net,61,Female
3044,Eberhard,Hauxley,ehauxley17@issuu.com,56,
3045,Batsheva,Deniset,bdeniset18@aboutads.info,35,Female
3046,Nester,Meldon,nmeldon19@kickstarter.com,57,Male
3047,Junie,Groundwator,jgroundwator1a@blogspot.com,37 years,Female
3048,Eugenia,Lowings,elowings1b@comsenz.com,40,Female
3049,Lynelle,Rymill,lrymill1c@cocolog-nifty.com,61,Female
3050,Shana,Yeeles,syeeles1d@theguardian.com,18,Female
3051,Barry,Biddlecombe,bbiddlecombe1e@dmoz.org,36,Female
3052,Mercy,Brands,mbrands1f@blinklist.com,0,Female
3053,Dewitt,Pollie,dpollie1g@4shared.com,43 years,
3054,Kimble,Collington,kcollington1h@icq.com,51,Male
3055,Frances,MacKaig,fmackaig1i@mozilla.org,23,F
3056,Lotta,Zorzenoni,lzorzenoni1j@freewebs.com,34 years,F
3057,Filip,Grzeszczak,fgrzeszczak1k@google.nl,0,Male
3058,Khalil,Doody,kdoody1l@printfriendly.com,28,M
3059,Sheppard,Kissick,skissick1m@list-manage.com,48,Male
3060,Herold,Grafton-Herbert,hgraftonherbert1n@webmd.com,53,Male
3061,Waverly,Keddy,wkeddy1o@macromedia.com,33,Male
3062,Risa,Mackison,rmackison1p@howstuffworks.com,63,Female
3063,Timmy,Cathee,tcathee1q@ning.com,26,Female
3064,Laraine,Blakebrough,lblakebrough1r@npr.org,53,F
3065,Rayshell,McKinstry,rmckinstry1s@mediafire.com,55 years,
3066,Anabelle,Mantripp,amantripp1t@webnode.com,56 years,Female
3067,Kendricks,Dowbekin,kdowbekin1u@exblog.jp,37,Male
3068,Gabie,O'Loughlin,goloughlin1v@blogs.com,29,Male
3069,Manuel,Kinch,mkinch1w@discuz.net,54,M
3070,Bibbie,Letham,bletham1x@irs.gov,26,
3071,Gillie,Foresight,gforesight1y@icq.com,36,Female
3072,Fletcher,Merington,fmerington1z@webnode.com,29,Male
3073,Ailee,Linacre,alinacre20@imageshack.us,0,Female
3074,Ike,Paniman,ipaniman21@house.gov,37,
3075,Madelle,Edlestone,medlestone22@mysql.com,45,Female
3076,Mariele,Trounce,mtrounce23@usatoday.com,52,Female
3077,Marie-ann,Blazy,mblazy24@ehow.com,42,F
3078,Val,Henken,vhenken25@harvard.edu,59,M
3079,Dyane,Topling,dtopling26@domainmarket.com,42,Female
3080,Tamiko,Licciardiello,tlicciardiello27@ezinearticles.com,28,F
3081,Kimmi,Caghy,kcaghy28@techcrunch.com,54,Female
3082,Breena,Priddle,bpriddle29@yellowbook.com,29,Female
3083,Alicia,Stepney,astepney2a@simplemachines.org,62,Female
3084,Delmore,Farfolomeev,dfarfolomeev2b@npr.org,28,Male
3085,Eachelle,Askem,easkem2c@ezinearticles.com,52,Female
3086,Boone,Kerins,bkerins2d@furl.net,55 years,Male
3087,Dredi,O'Shavlan,doshavlan2e@slideshare.net,55 years,Female
3088,Theodosia,Sherratt,tsherratt2f@msu.edu,48,F
3089,Carla,Cokely,ccokely2g@cpanel.net,42,
3090,Cammy,Campbell,ccampbell2h@forbes.com,47,
3091,Donna,Elcocks,delcocks2i@ning.com, years,Female
3092,Dex,Pearcey,dpearcey2j@plala.or.jp,0,Male
3093,Hillery,Shemming,hshemming2k@netvibes.com,32,Male
3094,Esteban,Jore,ejore2l@fda.gov,0,M
3095,Mano,Matyukon,mmatyukon2m@posterous.com,32,Male
3096,Balduin,Jeannot,bjeannot2n@nasa.gov,50,Male
3097,Delainey,McHenry,dmchenry2o@psu.edu,62,M
3098,Dillon,Welbelove,dwelbelove2p@go.com,65 years,Male
3099,Caria,Beavors,cbeavors2q@dedecms.com,65 years,Female
3100,Tulley,Hammer,thammer2r@mediafire.com,37,M
3101,Wylma,Greenfield,wgreenfield2s@umich.edu,0,F
3102,Arline,Beere,abeere2t@amazon.de,44,
3103,Brennen,Acreman,bacreman2u@walmart.com,18 years,Male
3104,Jobey,Ottiwill,jottiwill2v@dedecms.com,54,Female
3105,Geneva,Shoebrook,gshoebrook2w@wp.com,0,Female
3106,Otha,Motte,omotte2x@vk.com,59,Female
3107,Franciska,Edwin,fedwin2y@bandcamp.com,56,
3108,Kenneth,Rugg,krugg2z@angelfire.com,54,M
3109,Chris,Redwing,credwing30@imgur.com,39,Female
3110,Clarie,Borthwick,cborthwick31@wufoo.com,21,
3111,Wendi,Battershall,wbattershall32@businesswire.com,50,
3112,Georg,Dengel,gdengel33@ebay.com,23,Male
3113,Judah,Castanares,jcastanares34@comcast.net,22,M
3114,Clare,Pass,cpass35@goo.ne.jp,18 years,Female
3115,Barnabe,Scammell,bscammell36@unblog.fr,0,Male
3116,Cinda,McMennum,cmcmennum37@1688.com,29,F
3117,Nadeen,Trodd,ntrodd38@umich.edu,44,Female
3118,Clarine,Felderer,cfelderer39@csmonitor.com,55,Female
3119,Sibelle,Wank,swank3a@examiner.com,62,Female
3120,Travers,Ditter,tditter3b@irs.gov,52,Male
3121,Gordie,Bricket,gbricket3c@flickr.com,22 years,Male
3122,Fannie,Carson,fcarson3d@cdbaby.com,52,F
3123,Giselbert,Threadgall,gthreadgall3e@google.com.au,31,Male
3124,Ferdinand,Dundendale,fdundendale3f@myspace.com,63,
3125,Ceil,Rawls,crawls3g@godaddy.com,39,Female
3126,Delmar,Putnam,dputnam3h@vimeo.com,0,Male
3127,Hattie,Bartali,hbartali3i@vkontakte.ru,40,F
3128,Drusilla,Wickerson,dwickerson3j@weather.com,50,Female
3129,Gabbi,Leguay,gleguay3k@weebly.com,46,Female
3130,Esma,Ewings,eewings3l@cargocollective.com,38,Female
3131,Josephine,Sywell,jsywell3m@netlog.com,32,
3132,Virge,Esposito,vesposito3n@multiply.com,0,Male
3133,Aggie,Boxen,aboxen3o@home.pl,33,Female
3134,Norry,Southcomb,nsouthcomb3p@buzzfeed.com,36,Male
3135,Saidee,Crain,scrain3q@hugedomains.com,22 years,Female
3136,Brittan,Davids,bdavids3r@w3.org,56,Female
3137,Vernor,Tharme,vtharme3s@meetup.com,28,Male
3138,Benjy,Baud,bbaud3t@bloglovin.com,28 years,Male
3139,Abbe,Ferraron,aferraron3u@icq.com,18,F
3140,Stearn,Russan,srussan3v@whitehouse.gov,59,M
3141,Enos,Sywell,esywell3w@bbb.org,29,Male
3142,Lyndsay,Shoebotham,lshoebotham3x@wordpress.com,23,
3143,Felecia,Russan,frussan3y@amazon.co.uk,52 years,Female
3144,Addi,Neward,aneward3z@altervista.org,62 years,Female
3145,Timofei,Ricks,tricks40@goo.gl,64,M
3146,Rochelle,Blaase,rblaase41@nps.gov,39 years,Female
3147,Abby,Napolione,anapolione42@walmart.com,39,Male
3148,Morton,Hubner,mhubner43@nih.gov,43,
3149,Anselma,Lucio,alucio44@blogger.com,43,Female
3150,Marja,Hunston,mhunston45@furl.net,27,Female
3151,Jourdan,Slite,jslite46@craigslist.org,38,F
3152,Beatrice,Jouaneton,bjouaneton47@yellowbook.com,20,Female
3153,Stephan,Noone,snoone48@intel.com,20 years,Male
3154,Colene,Seeney,cseeney49@utexas.edu,47,Female
3155,Basia,MacLucais,bmaclucais4a@devhub.com,0,Female
3156,Maurice,Ors,mors4b@sciencedirect.com,0,Male
3157,Deny,Kiffin,dkiffin4c@google.com.au,48,
3158,Laverne,Jarnell,ljarnell4d@princeton.edu,48,F
3159,Kipper,Tanzig,ktanzig4e@google.pl,23,Male
3160,Jamesy,Stummeyer,jstummeyer4f@delicious.com,54,Male
3161,Zolly,Sparshatt,zsparshatt4g@phoca.cz,58,Male
3162,Trstram,Cokly,tcokly4h@unicef.org,25,Male
3163,Agna,Bridden,abridden4i@mapquest.com,0,F
3164,Ailina,Haysey,ahaysey4j@spotify.com,38,Female
3165,Livvyy,Rean,lrean4k@state.tx.us, years,Female
3166,Konstantin,Mogra,kmogra4l@sciencedaily.com,0,Male
3167,Stu,Stanislaw,sstanislaw4m@quantcast.com,0,Male
3168,Sherwin,Gauch,sgauch4n@wsj.com,23,M
3169,Britt,Goldthorpe,bgoldthorpe4o@weebly.com,54 years,M
3170,Gisele,Ianizzi,gianizzi4p@diigo.com,48,Female
3171,Holt,Ryce,hryce4q@tamu.edu,51,M
3172,Moore,Teulier,mteulier4r@creativecommons.org,26,Male
3173,Lazare,Wedderburn,lwedderburn4s@sciencedirect.com,32,
3174,Doralia,Mugglestone,dmugglestone4t@weather.com,33,Female
3175,Noam,Rannells,nrannells4u@loc.gov,43,M
3176,Yetta,Stribling,ystribling4v@hatena.ne.jp,33,F
3177,Marven,Leet,mleet4w@home.pl,34,Male
3178,Garret,Lindberg,glindberg4x@cisco.com,28 years,Male
3179,Darcy,Caughey,dcaughey4y@ustream.tv,23,Female
3180,Raphael,Jordeson,rjordeson4z@ning.com,35 years,M
3181,Dre,Cumpsty,dcumpsty50@china.com.cn,36 years,Female
3182,Erda,Fitzsimon,efitzsimon51@statcounter.com,39,Female
3183,Juan,Harbertson,jharbertson52@dedecms.com,0,Male
3184,Bailie,Beagan,bbeagan53@cafepress.com,48,Male
3185,Mandi,Mark,mmark54@mozilla.org,18,F
3186,Patrica,Otto,potto55@china.com.cn,29 years,Female
3187,Essa,Kluss,ekluss56@dailymail.co.uk,54,Female
3188,Gayler,Darker,gdarker57@slideshare.net,48,Male
3189,Wilona,Roney,wroney58@businessweek.com,54,Female
3190,Prentice,Milne,pmilne59@hibu.com,21,Male
3191,Foster,Idel,fidel5a@baidu.com,49,Male
3192,Hermia,Lambin,hlambin5b@sogou.com,54 years,Female
3193,Roda,Walne,rwalne5c@w3.org,43 years,Female
3194,Heinrik,Matuszinski,hmatuszinski5d@alexa.com,18 years,Male
3195,Gussie,Hedley,ghedley5e@aboutads.info,22 years,Female
3196,Dulcinea,Whebell,dwhebell5f@printfriendly.com,0,Female
3197,Talya,Klaas,tklaas5g@xing.com,47,Female
3198,Rosalyn,Collumbine,rcollumbine5h@unesco.org,37,F
3199,Natalina,Vasiltsov,nvasiltsov5i@unblog.fr,57,Female
3200,Kitti,Sapauton,ksapauton5j@pen.io,34 years,Female
3201,Sophey,Jefferys,sjefferys5k@cloudflare.com,50 years,Female
3202,Blair,Tebbe,btebbe5l@cornell.edu,19,Female
3203,Fan,Walkey,fwalkey5m@blinklist.com,0,Female
3204,Deck,De Maine,ddemaine5n@washington.edu,34,Male
3205,Mick,Goodered,mgoodered5o@vimeo.com,54,Male
3206,Hakeem,Coggles,hcoggles5p@typepad.com, years,Male
3207,Thurston,Monsey,tmonsey5q@phpbb.com,60,Male
3208,Modestia,Burtwistle,mburtwistle5r@bandcamp.com,34,F
3209,Theresa,Levicount,tlevicount5s@unblog.fr,42 years,Female
3210,Stavro,McVie,smcvie5t@domainmarket.com,26,Male
3211,Pansie,Garnson,pgarnson5u@discovery.com,45,Female
3212,Mitchael,Himpson,mhimpson5v@360.cn,0,Male
3213,Nada,Hartnup,nhartnup5w@moonfruit.com,49,Female
3214,Alexia,Farrall,afarrall5x@etsy.com,45,F
3215,Cher,Cuddihy,ccuddihy5y@amazon.co.uk,42,Female
3216,Abigael,Ebenezer,aebenezer5z@last.fm,65,Female
3217,Elli,Arnao,earnao60@themeforest.net,42,Female
3218,Ira,Brachell,ibrachell61@sun.com,0,Female
3219,Kore,Yarr,kyarr62@vinaora.com,35,Female
3220,Melinde,Paulusch,mpaulusch63@unicef.org,60,Female
3221,Shaw,Blazic,sblazic64@walmart.com,59,Male
3222,Geri,Gurling,ggurling65@usnews.com,65,F
3223,Stephanus,Stanfield,sstanfield66@pagesperso-orange.fr,49,Male
3224,Geordie,Whitsun,gwhitsun67@japanpost.jp,18,Male
3225,Amie,Shevlan,ashevlan68@icq.com,61,
3226,Antonietta,Martellini,amartellini69@mit.edu,58,Female
3227,Wilmar,McGucken,wmcgucken6a@nytimes.com,22,Male
3228,Chico,Upcott,cupcott6b@cdc.gov,41,Male
3229,Artemas,Graffham,agraffham6c@uol.com.br,21,Male
3230,Reggie,Kyffin,rkyffin6d@psu.edu,42,F
3231,Jack,Blofeld,jblofeld6e@deliciousdays.com,30 years,Male
3232,Ronnica,Newell,rnewell6f@goo.gl,52,Female
3233,Ivy,Exell,iexell6g@flavors.me,48,Female
3234,Margarette,Messingham,mmessingham6h@cloudflare.com,57,Female
3235,Stephani,Wilmut,swilmut6i@fda.gov,36,Female
3236,Thom,Assaf,tassaf6j@google.nl,64,
3237,Riley,Hansod,rhansod6k@gizmodo.com,0,Male
3238,Fredric,Bontoft,fbontoft6l@reverbnation.com,64,Male
3239,Zondra,Gudgen,zgudgen6m@virginia.edu,59,F
3240,Arie,Shrive,ashrive6n@ftc.gov,51,M
3241,Abra,Woffenden,awoffenden6o@topsy.com,56,
3242,Gunilla,Stilly,gstilly6p@unblog.fr,18,
3243,Lotti,Conelly,lconelly6q@vkontakte.ru,64,
3244,Bevvy,Tortice,btortice6r@unc.edu,19,F
3245,Jennee,Kimbrough,jkimbrough6s@google.ru,23,Female
3246,Mortimer,Hector,mhector6t@quantcast.com,0,Male
3247,Izabel,Hrynczyk,ihrynczyk6u@adobe.com,59,Female
3248,Paquito,Gillan,pgillan6v@yale.edu,29,Male
3249,Frederich,Petranek,fpetranek6w@google.fr,36,M
3250,Rubia,Creagh,rcreagh6x@weibo.com,0,Female
3251,Madeline,Budleigh,mbudleigh6y@uol.com.br,48,Female
3252,Adriano,Sellen,asellen6z@hp.com,26,M
3253,Paolina,Orhrt,porhrt70@theglobeandmail.com,41,Female
3254,Mycah,Caldicott,mcaldicott71@free.fr,0,Male
3255,Holly,Nuttey,hnuttey72@va.gov,18,Female
3256,Meredith,Wollen,mwollen73@unesco.org,50,
3257,Karissa,Groombridge,kgroombridge74@myspace.com,58,Female
3258,Aleen,Trousdell,atrousdell75@bbc.co.uk,34,Female
3259,Valaria,Albery,valbery76@ow.ly,36,
3260,Tarra,MacAscaidh,tmacascaidh77@nydailynews.com,64,Female
3261,Ermengarde,Wetton,ewetton78@cloudflare.com,0,Female
3262,Waylon,De Ambrosi,wdeambrosi79@chron.com,0,M
3263,Amory,Corzor,acorzor7a@mac.com, years,M
3264,Rudd,McFayden,rmcfayden7b@omniture.com,30 years,Male
3265,Donalt,Ruse,druse7c@nba.com,45 years,Male
3266,Ryon,Franks,rfranks7d@last.fm,31 years,Male
3267,Weidar,Dodswell,wdodswell7e@java.com,58,Male
3268,Alysa,Tesyro,atesyro7f@ebay.com,0,Female
3269,Werner,Attril,wattril7g@spiegel.de,45,Male
3270,Tabatha,Grichukhin,tgrichukhin7h@newsvine.com,57,Female
3271,Coop,Perfitt,cperfitt7i@wunderground.com,21,Male
3272,Marchelle,Boyda,mboyda7j@time.com,46,Female
3273,Lilia,Surgeoner,lsurgeoner7k@csmonitor.com,0,
3274,Grethel,Rosindill,grosindill7l@engadget.com,60,Female
3275,Rock,Greave,rgreave7m@apache.org,51,M
3276,Eyde,Zorzutti,ezorzutti7n@scribd.com,21,Female
3277,Claybourne,Moroney,cmoroney7o@alexa.com,59,Male
3278,Verla,Iacoviello,viacoviello7p@wsj.com,25 years,Female
3279,Rafaelia,Gaspar,rgaspar7q@creativecommons.org,18,Female
3280,Kandace,MacFarland,kmacfarland7r@issuu.com,41,Female
3281,Berk,Newis,bnewis7s@moonfruit.com,0,Male
3282,Carri,Greenstead,cgreenstead7t@wix.com,39,Female
3283,Giralda,Sparks,gsparks7u@psu.edu,31 years,Female
3284,Derby,McMurtyr,dmcmurtyr7v@shareasale.com,54 years,Male
3285,Steffie,Mottley,smottley7w@bandcamp.com,0,Female
3286,Quintin,Botger,qbotger7x@cargocollective.com,25,Male
3287,Arturo,Firebrace,afirebrace7y@ifeng.com,25,Male
3288,Phaedra,Leggs,pleggs7z@uiuc.edu,29,Female
3289,Kamillah,Powter,kpowter80@gov.uk,24,
3290,Miguelita,Terzo,mterzo81@bloomberg.com,44,Female
3291,Jodie,Wayman,jwayman82@mashable.com,50,Female
3292,Marv,Zanardii,mzanardii83@flavors.me,64,Male
3293,Simonette,Jewett,sjewett84@ifeng.com,64 years,
3294,Britta,Popelay,bpopelay85@cmu.edu,0,Female
3295,Mitchell,Hayesman,mhayesman86@oaic.gov.au,29,M
3296,Ross,Tinan,rtinan87@ucsd.edu,56,Male
3297,Berny,Chance,bchance88@cornell.edu,44,F
3298,Ari,Amor,aamor89@desdev.cn,49 years,Male
3299,Gwendolyn,Bustard,gbustard8a@adobe.com,0,Female
3300,Rosemarie,Flippini,rflippini8b@e-recht24.de,0,F
3301,Malissia,Sebert,msebert8c@nymag.com,43,Female
3302,Vale,Keiley,vkeiley8d@wiley.com,48 years,Male
3303,Karissa,Barthropp,kbarthropp8e@cbc.ca,42,Female
3304,Shaughn,Biddulph,sbiddulph8f@unesco.org, years,M
3305,Lisle,Brook,lbrook8g@ehow.com,44 years,Male
3306,Madonna,Ioan,mioan8h@usda.gov,0,Female
3307,Poul,Titterington,ptitterington8i@china.com.cn,26,Male
3308,Georges,Bly,gbly8j@sohu.com,56 years,Male
3309,Constancy,Skypp,cskypp8k@google.pl,0,Female
3310,Charlean,Dzeniskevich,cdzeniskevich8l@newyorker.com,0,Female
3311,Alasteir,Toppin,atoppin8m@tripod.com, years,Male
3312,Paula,Veschi,pveschi8n@fc2.com, years,Female
3313,Mackenzie,Hirjak,mhirjak8o@amazon.de,61,M
3314,Keir,Pegram,kpegram8p@discuz.net,30,Male
3315,Zelma,Thewlis,zthewlis8q@about.me,51,
3316,Fredelia,Shead,fshead8r@netscape.com,0,F
3317,Auberon,Isakovitch,aisakovitch8s@guardian.co.uk,0,M
3318,Guntar,Jacomb,gjacomb8t@domainmarket.com,55,Male
3319,Carmelina,Juckes,cjuckes8u@blog.com, years,Female
3320,Ericha,Barkess,ebarkess8v@de.vu,31,Female
3321,Penelopa,Trundell,ptrundell8w@nhs.uk,39,Female
3322,Mathias,Ast,mast8x@wp.com,42,M
3323,Merl,Jordin,mjordin8y@prlog.org,63,
3324,Veronica,Langstone,vlangstone8z@zimbio.com,42 years,F
3325,Kynthia,Palley,kpalley90@aol.com,56,F
3326,Leese,Shakespeare,lshakespeare91@scientificamerican.com,0,F
3327,Briny,Lembcke,blembcke92@eepurl.com, years,Female
3328,Coleman,Bahl,cbahl93@whitehouse.gov,23 years,Male
3329,Odelinda,Dalgleish,odalgleish94@nasa.gov,44,
3330,Huntington,Jansik,hjansik95@addthis.com,52,Male
3331,Francesco,Fieller,ffieller96@so-net.ne.jp,30,Male
3332,Beltran,Crummie,bcrummie97@skype.com,48,Male
3333,Lin,Shermar,lshermar98@latimes.com,20 years,M
3334,Danice,Alexsandrov,dalexsandrov99@microsoft.com,27 years,Female
3335,Alane,Aireton,aaireton9a@house.gov,21,Female
3336,Lexy,Boneham,lboneham9b@sina.com.cn,53,Female
3337,Talya,Savory,tsavory9c@va.gov,47,Female
3338,Ingamar,Birrel,ibirrel9d@princeton.edu,26,Male
3339,Shaine,Waison,swaison9e@ft.com,18,Female
3340,Ellwood,Gullivent,egullivent9f@mail.ru,28,Male
3341,Johnette,Bennough,jbennough9g@usda.gov,26 years,Female
3342,Valentia,Fluit,vfluit9h@behance.net,53,Female
3343,Dukey,Dunge,ddunge9i@umn.edu,40,M
3344,Hazel,Nise,hnise9j@unicef.org,43 years,
3345,Shermy,Hardeman,shardeman9k@aol.com,52,Male
3346,Brion,Paike,bpaike9l@vistaprint.com,27,Male
3347,Fons,Kopisch,fkopisch9m@shutterfly.com,33,M
3348,Lucretia,Esom,lesom9n@newsvine.com,19,Female
3349,Benita,Ranyell,branyell9o@cmu.edu, years,F
3350,Gates,Gantzer,ggantzer9p@zdnet.com,49,Female
3351,Hazel,Trillo,htrillo9q@apache.org,20,Male
3352,Leesa,Rochewell,lrochewell9r@digg.com,19,Female
3353,Katerina,Grossier,kgrossier9s@google.it,0,Female
3354,Marchall,Yurkin,myurkin9t@boston.com,48,M
3355,Hamlin,Stanfield,hstanfield9u@icq.com,43,Male
3356,Carlee,Congdon,ccongdon9v@berkeley.edu,20,
3357,Remington,Ligertwood,rligertwood9w@sun.com,22,Male
3358,Rosa,Springer,rspringer9x@tiny.cc,62,Female
3359,Florri,Scriven,fscriven9y@qq.com,61,F
3360,Kelvin,Pardie,kpardie9z@storify.com,40,M
3361,My,Mayhead,mmayheada0@ftc.gov,46,Male
3362,Rudolfo,Wisher,rwishera1@comsenz.com,34 years,Male
3363,Ashlee,Konmann,akonmanna2@harvard.edu,53 years,F
3364,Tremain,Pyer,tpyera3@twitpic.com,41 years,M
3365,Cory,Alliott,calliotta4@dmoz.org,33 years,Male
3366,Flori,Lamartine,flamartinea5@vimeo.com,34,Female
3367,Lorenzo,Skeath,lskeatha6@oaic.gov.au,63,Male
3368,Giordano,Larner,glarnera7@about.me,58,Male
3369,Alfred,Delhay,adelhaya8@over-blog.com,52,Male
3370,Mordecai,Cohane,mcohanea9@goo.gl, years,Male
3371,Austine,Joberne,ajoberneaa@jigsy.com,26,
3372,Terri,Mateev,tmateevab@jalbum.net,31,Female
3373,Nicko,Perdue,nperdueac@java.com,46,M
3374,Bill,Basant,bbasantad@cornell.edu,24 years,
3375,Raimondo,MacArd,rmacardae@ucla.edu,57,Male
3376,Ashley,Gilleon,agilleonaf@wsj.com,34,F
3377,Blisse,O'Nolan,bonolanag@ca.gov,47,F
3378,Inigo,Harrigan,iharriganah@tmall.com,29,
3379,Lynnett,Hosten,lhostenai@reuters.com,52,F
3380,Morten,McDool,mmcdoolaj@harvard.edu,25,Male
3381,Linus,Emmitt,lemmittak@yolasite.com,46 years,
3382,Adah,Nys,anysal@mapy.cz,18 years,Female
3383,Betta,McGougan,bmcgouganam@tmall.com,28,Female
3384,Tedd,Charlwood,tcharlwoodan@nhs.uk,54,Male
3385,Frazier,Waywell,fwaywellao@example.com,50 years,Male
3386,Kendall,Eales,kealesap@dailymail.co.uk,53,Male
3387,Oliviero,Romain,oromainaq@issuu.com,36,M
3388,Cart,McGloughlin,cmcgloughlinar@livejournal.com,54,M
3389,Lilian,Brusle,lbrusleas@webs.com,61,
3390,Waldemar,Corney,wcorneyat@cbsnews.com,49 years,
3391,Alyosha,Berkery,aberkeryau@harvard.edu,0,Male
3392,Elaine,Grice,egriceav@odnoklassniki.ru,34,F
3393,Marci,Giacubo,mgiacuboaw@ftc.gov,18,Female
3394,Norri,Jennions,njennionsax@bloomberg.com,31,Female
3395,Aeriell,Elphee,aelpheeay@netscape.com,55,Female
3396,Silvana,Cassy,scassyaz@multiply.com,48 years,F
3397,Gran,Jallin,gjallinb0@ibm.com,61,Male
3398,Sherill,Temprell,stemprellb1@nydailynews.com,62 years,Female
3399,Tiebold,Scala,tscalab2@webnode.com,39,Male
3400,Christan,Lipscomb,clipscombb3@icio.us,43,Female
3401,Bill,Polon,bpolonb4@shinystat.com,57,Female
3402,Britta,O' Molan,bomolanb5@webs.com,27,Female
3403,Jojo,Pickford,jpickfordb6@harvard.edu,45,Female
3404,Kenn,Haliburn,khaliburnb7@auda.org.au,35 years,Male
3405,Ricky,Coaster,rcoasterb8@toplist.cz,38 years,Male
3406,Jorge,Bingley,jbingleyb9@jigsy.com,56,Male
3407,Kenyon,Trahair,ktrahairba@paginegialle.it,45,Male
3408,Mitchael,D'Antuoni,mdantuonibb@canalblog.com,60,Male
3409,Fayre,Haimes,fhaimesbc@arstechnica.com,25,Female
3410,Josh,Barge,jbargebd@harvard.edu,62,Male
3411,Ashli,Werrit,awerritbe@wikimedia.org,0,
3412,Sonya,Karlolak,skarlolakbf@people.com.cn,39,Female
3413,Elladine,Claris,eclarisbg@bandcamp.com,61 years,Female
3414,Kenyon,Roff,kroffbh@networksolutions.com,56,Male
3415,Fredra,Skerme,fskermebi@sitemeter.com,35,Female
3416,Dene,Lethby,dlethbybj@gnu.org, years,Male
3417,Suzi,Ellingsworth,sellingsworthbk@aol.com,0,
3418,Ashlie,Verheijden,averheijdenbl@mit.edu,56,Female
3419,Ignaz,Colnett,icolnettbm@hc360.com,48,Male
3420,Charity,Denson,cdensonbn@list-manage.com,40,F
3421,Stanislaw,Parratt,sparrattbo@msn.com,39,Male
3422,Ernest,Oertzen,eoertzenbp@mapy.cz,64,Male
3423,Rudolph,McVeigh,rmcveighbq@indiatimes.com,41,
3424,Martyn,Fromont,mfromontbr@ucsd.edu,24,M
3425,Nathaniel,Dionisio,ndionisiobs@washington.edu,41,Male
3426,Becki,Hasel,bhaselbt@devhub.com,36,
3427,Brittani,Setford,bsetfordbu@aboutads.info,19,Female
3428,Craig,Jakucewicz,cjakucewiczbv@stumbleupon.com,62,Male
3429,Richardo,Linskey,rlinskeybw@moonfruit.com,22 years,Male
3430,Powell,Knocker,pknockerbx@nydailynews.com,0,Male
3431,Junia,Christoffersen,jchristoffersenby@baidu.com,55,Female
3432,Butch,McKellen,bmckellenbz@google.com.hk,0,Male
3433,Chucho,Gosenell,cgosenellc0@goodreads.com,53 years,M
3434,Carolan,Leadbeater,cleadbeaterc1@prweb.com,56 years,F
3435,Corabella,Ragge,craggec2@noaa.gov,37,Female
3436,Lilith,Schrieves,lschrievesc3@wix.com,47,Female
3437,Alexandra,Birdall,abirdallc4@ox.ac.uk,39,Female
3438,Mimi,Muehle,mmuehlec5@cbslocal.com,19,F
3439,Rhett,Hucklesby,rhucklesbyc6@hao123.com,34 years,Male
3440,Ly,Erat,leratc7@sciencedaily.com,59 years,M
3441,Jasper,Gosby,jgosbyc8@163.com,64,M
3442,Donn,Reynoollds,dreynoolldsc9@illinois.edu,47,Male
3443,Del,O'Meara,domearaca@ibm.com,57,M
3444,Efren,Oiller,eoillercb@mail.ru,34 years,Male
3445,Allin,Haggerstone,ahaggerstonecc@ezinearticles.com,50 years,
3446,Ailene,Kepe,akepecd@wikia.com,51 years,Female
3447,Harman,Penke,hpenkece@nps.gov,50,Male
3448,Lissa,Clohessy,lclohessycf@gizmodo.com,31,Female
3449,Kenna,Scapelhorn,kscapelhorncg@cornell.edu,62,Female
3450,Zondra,Simner,zsimnerch@bbc.co.uk,46,Female
3451,Dorelia,Layborn,dlaybornci@usgs.gov,31,F
3452,Ernst,McDyer,emcdyercj@163.com,55,M
3453,Nelson,Jellis,njellisck@51.la,51,
3454,Ash,Gayforth,agayforthcl@china.com.cn,38,
3455,Ania,Oldroyde,aoldroydecm@diigo.com,48,
3456,Adelaide,Forbes,aforbescn@ucla.edu,39,Female
3457,Shannen,Goodban,sgoodbanco@fastcompany.com,27 years,Female
3458,Stuart,Dumbar,sdumbarcp@walmart.com,24,Male
3459,Jannelle,Bohike,jbohikecq@ibm.com,24,F
3460,Vernon,Ordish,vordishcr@bizjournals.com,50,
3461,Justus,Popple,jpopplecs@mozilla.org,33,Male
3462,Aileen,Crippen,acrippenct@noaa.gov,63,F
3463,Bathsheba,Sterzaker,bsterzakercu@twitter.com,30,Female
3464,Wallis,Poppleton,wpoppletoncv@loc.gov,44,F
3465,Millie,Sturge,msturgecw@nhs.uk,33,Female
3466,Antonietta,Sawbridge,asawbridgecx@gnu.org,57 years,Female
3467,Yule,Helliar,yhelliarcy@tripod.com,45,Male
3468,Wakefield,Mc Grath,wmcgrathcz@ftc.gov,22,M
3469,Padget,Hartzogs,phartzogsd0@bloglovin.com,65,Male
3470,Haleigh,Mauger,hmaugerd1@google.it,55,M
3471,Linn,Pickavant,lpickavantd2@spotify.com,55,Female
3472,Eleonore,Glasscoe,eglasscoed3@netlog.com,0,Female
3473,Edna,Walklot,ewalklotd4@simplemachines.org,27,Female
3474,Lamond,Furlong,lfurlongd5@vk.com,0,Male
3475,Ford,Lagden,flagdend6@blogs.com,51 years,Male
3476,Inessa,Vickar,ivickard7@prlog.org,48,Female
3477,Aurora,Biscomb,abiscombd8@themeforest.net,30,
3478,Jaquelyn,Bodimeade,jbodimeaded9@behance.net,59,Female
3479,Catrina,McMeekin,cmcmeekinda@dailymail.co.uk,27 years,Female
3480,Arthur,Monteath,amonteathdb@fastcompany.com,55,Male
3481,Haily,Winspear,hwinspeardc@ifeng.com,28,Male
3482,Abel,Brim,abrimdd@meetup.com,43,Male
3483,Pammie,Beat,pbeatde@china.com.cn,32,Female
3484,Latrina,McLinden,lmclindendf@imageshack.us,20,Female
3485,Beltran,Witcherley,bwitcherleydg@marketwatch.com,56,Male
3486,Devi,Holah,dholahdh@nationalgeographic.com,34,Female
3487,Scot,Muckart,smuckartdi@newsvine.com,50,M
3488,Auria,Bucksey,abuckseydj@samsung.com,40 years,F
3489,Cullin,Tanton,ctantondk@ocn.ne.jp,43,Male
3490,Hamlen,Binner,hbinnerdl@patch.com,28,M
3491,Barnett,Noel,bnoeldm@rediff.com,26 years,Male
3492,Paquito,Aylmore,paylmoredn@guardian.co.uk,30 years,Male
3493,Kiley,Parkinson,kparkinsondo@123-reg.co.uk,58,Male
3494,Wynny,Wildash,wwildashdp@alibaba.com,19,F
3495,Dan,Wynes,dwynesdq@hibu.com,60,Male
3496,Malina,Springtorpe,mspringtorpedr@admin.ch,29,Female
3497,Max,Brenstuhl,mbrenstuhlds@cafepress.com,20,Female
3498,Glenna,Sandwick,gsandwickdt@earthlink.net,38,Female
3499,Jolyn,Daville,jdavilledu@creativecommons.org,28,Female
3500,Anita,Pettit,apettitdv@163.com,40,F
3501,Mario,Mote,mmotedw@netscape.com,46,Male
3502,Rosella,McTeague,rmcteaguedx@pbs.org,59,Female
3503,Odelia,Shaughnessy,oshaughnessydy@geocities.com, years,Female
3504,Elyssa,Carlesi,ecarlesidz@dot.gov,54,F
3505,Trueman,Hayball,thayballe0@engadget.com,32,M
3506,Anders,Seeman,aseemane1@yolasite.com,48,
3507,Filberte,Elgy,felgye2@parallels.com,41,Male
3508,Kay,Jeske,kjeskee3@yellowbook.com,65 years,
3509,Orland,Olohan,oolohane4@ehow.com,18,Male
3510,Shanie,Gert,sgerte5@cargocollective.com,56 years,Female
3511,Ingram,Kubelka,ikubelkae6@chron.com,33,M
3512,Fonz,Elfleet,felfleete7@odnoklassniki.ru,25,Male
3513,Rorke,Coper,rcopere8@sciencedirect.com,21,Male
3514,Archaimbaud,Polino,apolinoe9@state.gov,39,Male
3515,Aggie,Demangeon,ademangeonea@ed.gov,0,Female
3516,Dorian,Dutteridge,ddutteridgeeb@cbsnews.com,60,Female
3517,Garrot,Mulmuray,gmulmurayec@typepad.com,37,Male
3518,Wesley,Nursey,wnurseyed@mac.com,43 years,
3519,Benjie,Questier,bquestieree@nps.gov,0,Male
3520,Grantley,Schrieves,gschrievesef@mapquest.com,51,M
3521,Fielding,Gingell,fgingelleg@histats.com,54 years,Male
3522,Barret,Hedgeman,bhedgemaneh@addthis.com,55 years,Male
3523,Analiese,Sanford,asanfordei@ihg.com,51,Female
3524,Maynard,Kummerlowe,mkummerloweej@yahoo.com,21,Male
3525,Candis,Najera,cnajeraek@jiathis.com,18,Female
3526,Valina,Draisey,vdraiseyel@webeden.co.uk,58 years,Female
3527,Sheryl,Cassels,scasselsem@bravesites.com,35 years,Female
3528,Esmaria,Burgh,eburghen@loc.gov,24,Female
3529,Tresa,Batcock,tbatcockeo@etsy.com,44,F
3530,Blair,Segar,bsegarep@admin.ch,24,Male
3531,Mathe,Paler,mpalereq@sitemeter.com,27,Male
3532,Laird,Jakaway,ljakawayer@chron.com,0,M
3533,Winnifred,Airdrie,wairdriees@google.ca,48,Female
3534,Brod,Kalinowsky,bkalinowskyet@google.it,30 years,Male
3535,Stacey,Unger,sungereu@wordpress.com,34,
3536,Chiarra,O'Henehan,cohenehanev@mapy.cz,0,Female
3537,Martelle,Noorwood,mnoorwoodew@360.cn,0,F
3538,Jyoti,Craigheid,jcraigheidex@salon.com,43,Female
3539,Amelie,Lampe,alampeey@phoca.cz,37,Female
3540,Virgina,Brett,vbrettez@1688.com,22,Female
3541,Lin,Pentony,lpentonyf0@loc.gov,46,Male
3542,Ahmed,Griffen,agriffenf1@cdbaby.com,52,Male
3543,Willi,Cronshaw,wcronshawf2@clickbank.net,0,Male
3544,Humfrey,Glasman,hglasmanf3@exblog.jp,24,Male
3545,Elwin,Deveraux,edeverauxf4@nifty.com,55,Male
3546,Moise,Rodrig,mrodrigf5@about.me,59,Male
3547,Stu,Giral,sgiralf6@taobao.com,54,
3548,Frants,Eastes,feastesf7@constantcontact.com,32,Male
3549,Vania,Truswell,vtruswellf8@businessinsider.com,42,
3550,Eward,Geaveny,egeavenyf9@goodreads.com,40,Male
3551,Reider,Sandercroft,rsandercroftfa@twitpic.com,59 years,Male
3552,Pace,Rosenwald,prosenwaldfb@uiuc.edu,37,Male
3553,Andriana,Driutti,adriuttifc@weather.com,65,Female
3554,Jemima,Guitel,jguitelfd@xing.com,29,Female
3555,Miof mela,Woffinden,mwoffindenfe@jiathis.com,19,F
3556,Hank,Dahlman,hdahlmanff@oaic.gov.au,36,Male
3557,Randi,Flag,rflagfg@imgur.com, years,F
3558,Silas,Symington,ssymingtonfh@businessinsider.com,35,M
3559,Raddie,Phillippo,rphillippofi@mail.ru,19,Male
3560,Gail,Maciejewski,gmaciejewskifj@craigslist.org,64 years,Female
3561,Jory,Juarez,jjuarezfk@opensource.org,40,Male
3562,Gradey,Aizikowitz,gaizikowitzfl@istockphoto.com,60,Male
3563,Damiano,Praton,dpratonfm@diigo.com,42,M
3564,Daniel,Edger,dedgerfn@zdnet.com,20,Male
3565,Laurena,Markl,lmarklfo@creativecommons.org,0,F
3566,Jarid,Snassell,jsnassellfp@gizmodo.com,0,Male
3567,Marshal,Davis,mdavisfq@w3.org,48,Male
3568,Garrott,Vickors,gvickorsfr@i2i.jp,61 years,Male
3569,Wylie,Karpfen,wkarpfenfs@forbes.com,61,Male
3570,Madlen,MacMychem,mmacmychemft@home.pl,0,Female
3571,Rivi,Rippingall,rrippingallfu@woothemes.com,37,Female
3572,Lewes,Tejada,ltejadafv@moonfruit.com,23,Male
3573,Geordie,Coddington,gcoddingtonfw@sohu.com,22,Male
3574,Munroe,Andrick,mandrickfx@usatoday.com,49,
3575,Aeriel,Carnell,acarnellfy@unicef.org,31,Female
3576,Stillmann,Dakers,sdakersfz@macromedia.com,24,Male
3577,Corrie,Roman,cromang0@51.la,44 years,Female
3578,Violet,McGunley,vmcgunleyg1@msu.edu,36,Female
3579,Kimberlyn,Terzi,kterzig2@i2i.jp,47,Female
3580,Alfie,Wavish,awavishg3@tinyurl.com, years,Male
3581,Rey,Eliyahu,reliyahug4@utexas.edu,33 years,Male
3582,Alfonso,Eisold,aeisoldg5@msn.com,51,Male
3583,Lilah,Huggons,lhuggonsg6@dailymotion.com,44,Female
3584,Skipton,Spadotto,sspadottog7@marriott.com,29,Male
3585,Raine,Dingwall,rdingwallg8@time.com,57,
3586,Garreth,Axtens,gaxtensg9@edublogs.org,21,Male
3587,Ailbert,Pennycook,apennycookga@cafepress.com,53,M
3588,Pearle,Purdom,ppurdomgb@1und1.de,36,Female
3589,Ruddie,Peto,rpetogc@npr.org,44,Male
3590,Nikolas,Knevet,nknevetgd@stanford.edu,24 years,Male
3591,Amara,Spruce,asprucege@tuttocitta.it,18,Female
3592,Arin,Plowright,aplowrightgf@shutterfly.com,64,Male
3593,Winna,Woakes,wwoakesgg@dailymail.co.uk,59 years,F
3594,Melloney,Renny,mrennygh@cnet.com,24,Female
3595,Marwin,Swainson,mswainsongi@hao123.com,54,M
3596,Gill,Warbey,gwarbeygj@ask.com,44,M
3597,Cleveland,Lody,clodygk@wikia.com,52 years,M
3598,Jimmie,Sheeres,jsheeresgl@upenn.edu,29,M
3599,Derrik,Dawbery,ddawberygm@ed.gov,27,Male
3600,Madlin,Kalinke,mkalinkegn@joomla.org,31,Female
3601,Kelli,Gareisr,kgareisrgo@mac.com,0,Female
3602,Raphael,Gartery,rgarterygp@nhs.uk,63 years,Male
3603,Sly,Hawtin,shawtingq@weibo.com,49,Male
3604,Gilbert,Sjollema,gsjollemagr@newsvine.com,25 years,Male
3605,Abraham,Dunthorne,adunthornegs@miibeian.gov.cn,43 years,Male
3606,Bryanty,Rembrandt,brembrandtgt@spotify.com,51 years,Male
3607,Fitzgerald,Bortolutti,fbortoluttigu@prnewswire.com,40,
3608,Carney,Maffini,cmaffinigv@cpanel.net,28,Male
3609,Cordey,Swetland,cswetlandgw@about.me,26 years,
3610,Prentice,Akers,pakersgx@ovh.net,45,M
3611,Tamma,Lapsley,tlapsleygy@opera.com,48 years,Female
3612,Kynthia,Ivanyushin,kivanyushingz@odnoklassniki.ru,38 years,Female
3613,Aubine,Kilgallon,akilgallonh0@g.co,0,Female
3614,Sid,Guille,sguilleh1@rambler.ru,46,M
3615,Gill,Randlesome,grandlesomeh2@wikipedia.org,63,Female
3616,Pieter,Fearey,pfeareyh3@pbs.org,41,M
3617,Bradford,Dillistone,bdillistoneh4@parallels.com,0,M
3618,Vassili,Peniman,vpenimanh5@umich.edu,34,Male
3619,Chrisse,Vinson,cvinsonh6@gnu.org,55 years,
3620,Loretta,Lamputt,llamputth7@fc2.com,61,Female
3621,Perice,Scrange,pscrangeh8@github.io,31,Male
3622,Esra,Maxwale,emaxwaleh9@weibo.com,50,M
3623,Caril,Wardlow,cwardlowha@homestead.com,0,
3624,Agnese,Pitkeathly,apitkeathlyhb@sciencedaily.com,53 years,Female
3625,Armand,Wheelband,awheelbandhc@phpbb.com,46 years,Male
3626,Malcolm,Eastham,measthamhd@unc.edu,35 years,Male
3627,Angelique,Thome,athomehe@archive.org,32 years,
3628,Alvis,Lampitt,alampitthf@digg.com,50 years,Male
3629,Arleta,Esterbrook,aesterbrookhg@abc.net.au,36 years,Female
3630,Dalton,Torpie,dtorpiehh@123-reg.co.uk,19,Male
3631,Clay,Wheowall,cwheowallhi@e-recht24.de,25,Male
3632,Shalna,Gritsunov,sgritsunovhj@artisteer.com,42,Female
3633,Marcel,Lober,mloberhk@scientificamerican.com,39,Male
3634,Gisele,McMillan,gmcmillanhl@twitpic.com,58,
3635,Glenda,Overell,goverellhm@arstechnica.com,46,Female
3636,Donalt,Shippam,dshippamhn@sciencedaily.com,0,Male
3637,Carly,Blowin,cblowinho@github.io,19,Male
3638,Winny,Westgarth,wwestgarthhp@a8.net,51 years,Male
3639,Lotty,Giannoni,lgiannonihq@de.vu,34 years,Female
3640,Truda,O'Monahan,tomonahanhr@yale.edu,36,F
3641,Gawen,Grishukhin,ggrishukhinhs@google.fr,47,
3642,Norby,Laver,nlaverht@twitpic.com,0,M
3643,Orel,Kares,okareshu@psu.edu,0,F
3644,Callie,Vella,cvellahv@un.org,51,Female
3645,Wiley,Ivushkin,wivushkinhw@tiny.cc,51,Male
3646,Kiersten,Brando,kbrandohx@ehow.com,39,Female
3647,Corette,Freeland,cfreelandhy@163.com,56 years,F
3648,Shay,Fowley,sfowleyhz@gov.uk,29,Male
3649,Aguistin,Agronski,aagronskii0@msu.edu,24,Male
3650,Wilbert,Hegel,whegeli1@imgur.com,47,Male
3651,Andreas,Glandon,aglandoni2@yahoo.com,32,
3652,Ev,Readwin,ereadwini3@ed.gov,61,Male
3653,Jedd,Berrygun,jberryguni4@nasa.gov,43,
3654,Vince,Romeril,vromerili5@businessweek.com,36,Male
3655,Glennie,Clemente,gclementei6@hud.gov,0,Female
3656,Abe,Kneeland,akneelandi7@ehow.com,25,Male
3657,Vilma,Binny,vbinnyi8@opera.com,48,F
3658,Leanor,Polglase,lpolglasei9@vk.com,61 years,Female
3659,Belva,McLeary,bmclearyia@eepurl.com,53,F
3660,Muriel,Buessen,mbuessenib@free.fr,38,Female
3661,Trumann,Skerman,tskermanic@lycos.com,26,Male
3662,Wilton,Oldis,woldisid@webeden.co.uk,21 years,Male
3663,Georgetta,Hincham,ghinchamie@dyndns.org,31,Female
3664,Richmond,Weeds,rweedsif@qq.com,43,Male
3665,Pascal,O'Fallowne,pofallowneig@printfriendly.com,52,Male
3666,Kristen,Wilsee,kwilseeih@jiathis.com,45,F
3667,Dietrich,Salvin,dsalvinii@mozilla.org,57,Male
3668,Bobbie,O'Codihie,bocodihieij@booking.com,25,Female
3669,Kerk,Jessett,kjessettik@mit.edu,40,Male
3670,Rois,Saul,rsaulil@com.com,41,Female
3671,Dallis,Denniss,ddennissim@china.com.cn,34 years,Male
3672,Casar,Leyre,cleyrein@reverbnation.com,20,Male
3673,Angele,Pask,apaskio@mit.edu,57,F
3674,April,Earland,aearlandip@istockphoto.com,41,Female
3675,Cissiee,Belk,cbelkiq@bandcamp.com,24,Female
3676,Delmer,Forseith,dforseithir@google.nl,63 years,Male
3677,Jodie,Taleworth,jtaleworthis@histats.com,56 years,F
3678,Dyna,Redrup,dredrupit@photobucket.com,41,Female
3679,Meaghan,Oades,moadesiu@goo.gl, years,F
3680,Quinlan,Crole,qcroleiv@wp.com,39 years,Male
3681,Alano,Jovic,ajoviciw@mozilla.org,56,Male
3682,Julissa,Klais,jklaisix@jugem.jp,53,F
3683,Linus,Varley,lvarleyiy@time.com,41 years,Male
3684,Bev,Tousey,btouseyiz@vk.com,31,Male
3685,Roy,Aggett,raggettj0@sakura.ne.jp,43,Male
3686,Graeme,Dobsons,gdobsonsj1@w3.org,44 years,Male
3687,Shawn,Levey,sleveyj2@stanford.edu,28,Male
3688,Thurston,Colcomb,tcolcombj3@army.mil,50,Male
3689,Godart,Petrello,gpetrelloj4@prnewswire.com,32,Male
3690,Guglielma,O' Liddy,goliddyj5@youtube.com,18,Female
3691,Anatol,MacKimmie,amackimmiej6@sakura.ne.jp,58,Male
3692,Mozes,Fonzone,mfonzonej7@aboutads.info,36,Male
3693,Arlene,Wiggam,awiggamj8@mediafire.com,36 years,F
3694,Michelina,McKinless,mmckinlessj9@histats.com,63,Female
3695,Tallie,Gurwood,tgurwoodja@aboutads.info, years,F
3696,Ferdie,Bogges,fboggesjb@google.cn,25,Male
3697,Gill,Gavagan,ggavaganjc@nationalgeographic.com,0,Male
3698,Tasha,Hounsom,thounsomjd@narod.ru,0,Female
3699,Jeniece,Emons,jemonsje@gov.uk,60,Female
3700,Liz,Treen,ltreenjf@t.co,41 years,Female
3701,Zia,Pobjay,zpobjayjg@npr.org,19,
3702,Peyton,De Metz,pdemetzjh@webmd.com,0,Male
3703,Danielle,Coronas,dcoronasji@clickbank.net,63,Female
3704,Wileen,Ridsdell,wridsdelljj@theguardian.com,49,Female
3705,Quinta,Sawter,qsawterjk@uiuc.edu,63,Female
3706,Halsy,Scarse,hscarsejl@marriott.com,35,M
3707,Mendel,Ruzic,mruzicjm@opensource.org,55,M
3708,Becka,Deppe,bdeppejn@biblegateway.com,0,
3709,Carver,Segebrecht,csegebrechtjo@ibm.com,58 years,Male
3710,Ephrayim,Fargie,efargiejp@omniture.com,30 years,Male
3711,Geralda,Masarrat,gmasarratjq@acquirethisname.com,63,Female
3712,Kelley,Spatoni,kspatonijr@over-blog.com,38,F
3713,Ivie,Voules,ivoulesjs@i2i.jp,60,Female
3714,Del,Burtwell,dburtwelljt@slideshare.net,57,F
3715,Reyna,Lartice,rlarticeju@newsvine.com,50 years,Female
3716,Odell,McCormack,omccormackjv@newyorker.com,20,Male
3717,Derron,Northrop,dnorthropjw@shinystat.com,50,Male
3718,Ailyn,O'Cuddie,aocuddiejx@prlog.org,42 years,F
3719,Benedicto,Hulance,bhulancejy@weebly.com,48 years,Male
3720,Wilmer,Arboin,warboinjz@i2i.jp,59,Male
3721,Ferrell,Rakestraw,frakestrawk0@weibo.com,0,Male
3722,Carmine,McQuilliam,cmcquilliamk1@tiny.cc,50,Male
3723,Chester,Chate,cchatek2@nydailynews.com,27 years,Male
3724,Cymbre,Cabral,ccabralk3@smugmug.com,0,F
3725,Chad,Fulep,cfulepk4@technorati.com,64,Female
3726,Jordan,Antognazzi,jantognazzik5@cpanel.net,62,Female
3727,Joseph,Storms,jstormsk6@mail.ru,29,Male
3728,Cornie,Ludlam,cludlamk7@thetimes.co.uk,47,Female
3729,Lurleen,Runchman,lrunchmank8@twitter.com,39 years,Female
3730,Paula,Soreau,psoreauk9@histats.com,0,F
3731,Brewer,Tembey,btembeyka@oakley.com,41,Male
3732,Sydelle,Rucklidge,srucklidgekb@archive.org,0,
3733,Brandtr,Smidmore,bsmidmorekc@economist.com,43 years,
3734,Stephanie,Lorrimer,slorrimerkd@dyndns.org,0,Female
3735,Catriona,Charlesworth,ccharlesworthke@virginia.edu,18,Female
3736,Lon,Branston,lbranstonkf@addthis.com,40 years,M
3737,Melanie,Slowly,mslowlykg@newyorker.com,49,Female
3738,Jerry,Clampett,jclampettkh@sphinn.com,61,Male
3739,Celinda,Henningham,chenninghamki@reuters.com,38,Female
3740,Hewitt,Trewinnard,htrewinnardkj@yandex.ru,62,
3741,Clifford,Mylan,cmylankk@biglobe.ne.jp,52,Male
3742,Kaila,Esilmon,kesilmonkl@wufoo.com,56,Female
3743,Lynn,Cahen,lcahenkm@boston.com,61,Male
3744,Gustavo,Neames,gneameskn@people.com.cn,52,Male
3745,Emelina,Gornall,egornallko@wikipedia.org,0,Female
3746,Bay,Jarret,bjarretkp@purevolume.com,0,Male
3747,Brett,Bowller,bbowllerkq@printfriendly.com,40,Female
3748,Wynny,Golt,wgoltkr@newsvine.com,44 years,Female
3749,Crystal,Quennell,cquennellks@cyberchimps.com,53,Female
3750,Serena,Strafford,sstraffordkt@domainmarket.com,62,Female
3751,Morena,O' Scallan,moscallanku@apache.org,40 years,F
3752,Alethea,Lope,alopekv@weibo.com,22,Female
3753,Galvan,Schankelborg,gschankelborgkw@yellowbook.com,55,
3754,Nariko,Skevington,nskevingtonkx@hibu.com,53,Female
3755,Torrie,Graal,tgraalky@issuu.com,45,
3756,Corena,Eim,ceimkz@domainmarket.com,23,Female
3757,Hakeem,Purdon,hpurdonl0@epa.gov,39,Male
3758,Scottie,Senechell,ssenechelll1@zdnet.com,49,Male
3759,Cybill,Letrange,cletrangel2@mit.edu,18 years,F
3760,Walton,Stocking,wstockingl3@ed.gov,19 years,Male
3761,Candra,Bertram,cbertraml4@51.la,42,Female
3762,Simeon,Tivers,stiversl5@miitbeian.gov.cn,0,Male
3763,Vernen,Dishman,vdishmanl6@odnoklassniki.ru,59,Male
3764,Bastian,Rolingson,brolingsonl7@google.es,21,Male
3765,Ethan,Fishlee,efishleel8@independent.co.uk,49 years,Male
3766,Archibald,Hulks,ahulksl9@ow.ly,61,M
3767,Barbee,Rentoll,brentollla@trellian.com,46,Female
3768,Annissa,Kent,akentlb@apple.com,20 years,F
3769,Gillan,Tallow,gtallowlc@java.com,50,Female
3770,Blinny,Goodrick,bgoodrickld@cmu.edu,27,F
3771,Kean,Dealtry,kdealtryle@psu.edu,26 years,Male
3772,Augie,Sydney,asydneylf@indiatimes.com,19,Male
3773,Moyna,Gowland,mgowlandlg@answers.com,51,Female
3774,Jamie,Kitchenman,jkitchenmanlh@vkontakte.ru,61,Female
3775,Theresita,Pell,tpellli@cloudflare.com,52,Female
3776,Rafaellle,Senecaut,rsenecautlj@ask.com,28 years,Male
3777,Dedra,Rotge,drotgelk@narod.ru,30 years,Female
3778,Abbie,Knagges,aknaggesll@foxnews.com, years,Male
3779,Rozanna,Florentine,rflorentinelm@alexa.com,23,Female
3780,Gaby,Ponde,gpondeln@friendfeed.com,53,F
3781,Kara,Widdecombe,kwiddecombelo@facebook.com,29 years,Female
3782,Tallie,Bosher,tbosherlp@tamu.edu,28,Female
3783,Fields,Cunnane,fcunnanelq@theguardian.com,47,Male
3784,Amaleta,Western,awesternlr@mozilla.com,65,Female
3785,Kay,Pally,kpallyls@gizmodo.com,27 years,Female
3786,Madalena,Lurriman,mlurrimanlt@etsy.com,40,Female
3787,Thaddus,Marcham,tmarchamlu@independent.co.uk,61,
3788,Hansiain,Powderham,hpowderhamlv@twitpic.com,51,Male
3789,Seth,Beddie,sbeddielw@jalbum.net,53 years,
3790,Callida,Dubose,cduboselx@cdc.gov, years,Female
3791,Jemmie,Lockitt,jlockittly@shinystat.com,55 years,
3792,Esmaria,Froome,efroomelz@baidu.com,59,Female
3793,Bridget,Kulis,bkulism0@cloudflare.com,49,
3794,Lukas,Dowdle,ldowdlem1@vistaprint.com,63,Male
3795,Ellwood,Sant,esantm2@columbia.edu,43,Male
3796,Saunder,Brackstone,sbrackstonem3@amazon.de,39,Male
3797,Rockey,Meryett,rmeryettm4@nps.gov,28,Male
3798,Winonah,Klaes,wklaesm5@baidu.com,0,Female
3799,Corrine,Edmonds,cedmondsm6@cocolog-nifty.com,65,Female
3800,Stanislaw,Twopenny,stwopennym7@simplemachines.org,65,
3801,Guenevere,Sowden,gsowdenm8@slideshare.net,36,F
3802,Shermie,Matokhnin,smatokhninm9@t-online.de,0,Male
3803,Saxe,Fowle,sfowlema@google.es,35,Male
3804,Darryl,Bass,dbassmb@bloomberg.com,41,Male
3805,Jacenta,Waplington,jwaplingtonmc@desdev.cn,32,Female
3806,Ganny,Hallihane,ghallihanemd@ft.com,24,
3807,Matteo,McComiskie,mmccomiskieme@jalbum.net,55,
3808,Mano,Bulcroft,mbulcroftmf@google.com.hk,0,Male
3809,Merla,Ravelus,mravelusmg@mapquest.com,34,F
3810,Carolynn,Beadham,cbeadhammh@addtoany.com,52,Female
3811,Joline,Mutter,jmuttermi@qq.com,33,Female
3812,Colan,Michie,cmichiemj@merriam-webster.com,21,
3813,Bethena,Leathley,bleathleymk@devhub.com,19,Female
3814,Giffie,Creek,gcreekml@cpanel.net,53 years,Male
3815,Josee,Wimpress,jwimpressmm@nbcnews.com,26,Female
3816,Lanie,Boaler,lboalermn@skype.com,38 years,Male
3817,Ameline,Baldung,abaldungmo@odnoklassniki.ru,27 years,
3818,Cindie,Cecely,ccecelymp@alibaba.com,56,Female
3819,Legra,Loveredge,lloveredgemq@vinaora.com,51,Female
3820,Jamal,Chamberlen,jchamberlenmr@mapquest.com,23 years,Male
3821,Fredelia,Verni,fvernims@mlb.com,26 years,
3822,Francyne,Hasling,fhaslingmt@dagondesign.com, years,Female
3823,Ruthy,Gianilli,rgianillimu@gravatar.com,26,F
3824,Kearney,felip,kfelipmv@wisc.edu,53,M
3825,Jeffy,Godfery,jgodferymw@zimbio.com,0,Male
3826,Ferrel,Fawbert,ffawbertmx@thetimes.co.uk,44,Male
3827,Stacia,Stoodley,sstoodleymy@engadget.com,29,Female
3828,Inez,Bozward,ibozwardmz@blogs.com,41,
3829,Rhianna,Giffkins,rgiffkinsn0@zdnet.com,43,Female
3830,Sky,Skitteral,sskitteraln1@live.com,43,M
3831,Luther,Bradly,lbradlyn2@ft.com,36,Male
3832,Justen,Kaine,jkainen3@yolasite.com,57,Male
3833,Salli,Ranahan,sranahann4@yandex.ru,32,Female
3834,Kalinda,Tytler,ktytlern5@opensource.org,44,Female
3835,Orton,Pifford,opiffordn6@nps.gov,22,Male
3836,Ethan,Giacobo,egiacobon7@nyu.edu, years,Male
3837,Constantine,Macer,cmacern8@google.ca,63,Male
3838,Joachim,Helliker,jhellikern9@unc.edu,23,Male
3839,Zaneta,Blore,zblorena@icq.com,39,Female
3840,Gene,Gallally,ggallallynb@booking.com,49,Male
3841,Tuck,Vooght,tvooghtnc@mozilla.org,23 years,Male
3842,Julio,Hitzmann,jhitzmannnd@noaa.gov,62,Male
3843,Dov,Ondrich,dondrichne@comsenz.com,28,Male
3844,Joleen,Comello,jcomellonf@acquirethisname.com,24,Female
3845,Barthel,Nitto,bnittong@ucoz.com,35,Male
3846,Hewett,Sausman,hsausmannh@jimdo.com,0,Male
3847,Carleton,Dunderdale,cdunderdaleni@amazon.com,27,Male
3848,Ari,Febvre,afebvrenj@salon.com,36,Male
3849,Cassie,Legging,cleggingnk@psu.edu,35,Female
3850,Adrian,Vallens,avallensnl@gizmodo.com,49,Female
3851,Erminia,Cecchetelli,ececchetellinm@example.com,25,
3852,Ardis,Shackell,ashackellnn@istockphoto.com,30,Female
3853,Joshuah,Brill,jbrillno@thetimes.co.uk,42,Male
3854,Arvy,Boarder,aboardernp@usda.gov,54,Male
3855,Miguela,Pollen,mpollennq@meetup.com,61 years,Female
3856,Kaine,Adan,kadannr@europa.eu, years,Male
3857,Amby,Robbie,arobbiens@fda.gov,26,Male
3858,Merrili,Ainscough,mainscoughnt@columbia.edu,49,Female
3859,Jammal,Anney,janneynu@printfriendly.com,62,Male
3860,Toby,Ashingden,tashingdennv@amazon.co.uk,20,M
3861,Cathe,Kettleson,ckettlesonnw@networksolutions.com,22,Female
3862,Jannelle,Dyke,jdykenx@independent.co.uk,21,Female
3863,Cazzie,Adrien,cadrienny@gnu.org,37,Male
3864,Demetrius,Blaze,dblazenz@squidoo.com,0,Male
3865,Leandra,Fevier,lfeviero0@4shared.com,0,F
3866,Elwira,Goeff,egoeffo1@fda.gov,42 years,Female
3867,Etti,Djordjevic,edjordjevico2@reuters.com,35,F
3868,Hatti,Stavers,hstaverso3@behance.net,25,Female
3869,Claudine,Farnill,cfarnillo4@altervista.org,60,F
3870,Ferris,Frissell,ffrissello5@ocn.ne.jp,53,Male
3871,Collin,Dachey,cdacheyo6@amazon.co.uk,0,Male
3872,Mathian,Buret,mbureto7@google.com.br,32,Male
3873,Kathlin,Artinstall,kartinstallo8@epa.gov,0,Female
3874,Loella,Althrope,lalthropeo9@mediafire.com,50,
3875,Inge,Danit,idanitoa@cbc.ca,61,Female
3876,Silvanus,Playdon,splaydonob@mediafire.com,48,Male
3877,Anders,Ackwood,aackwoodoc@themeforest.net,56 years,
3878,Kermy,Offen,koffenod@people.com.cn,46,Male
3879,Orrin,Josey,ojoseyoe@reddit.com,37,Male
3880,Merridie,Chieze,mchiezeof@dyndns.org,18,Female
3881,Dulcie,Pratte,dpratteog@discovery.com,34,Female
3882,Belita,Wandrack,bwandrackoh@cocolog-nifty.com,0,
3883,Francisco,Edbrooke,fedbrookeoi@xrea.com,20,Male
3884,Ruben,Duke,rdukeoj@bbc.co.uk,35,M
3885,Mirelle,Kopps,mkoppsok@unicef.org,46,Female
3886,Felicia,Grelka,fgrelkaol@fda.gov,33 years,
3887,Douglas,Harnes,dharnesom@shinystat.com,58 years,
3888,Tatiania,Cullabine,tcullabineon@netvibes.com,29,Female
3889,Ethelbert,Agerskow,eagerskowoo@google.ca,0,Male
3890,Willa,Bartelet,wbarteletop@vkontakte.ru,58,Female
3891,Darlene,Seifert,dseifertoq@alexa.com,45,Female
3892,Joan,Dybald,jdybaldor@time.com,0,
3893,Bunny,Reschke,breschkeos@photobucket.com,64,Female
3894,Elise,Edis,eedisot@xing.com,30,Female
3895,Hyatt,Astlett,hastlettou@redcross.org,29,Male
3896,Jareb,Sancho,jsanchoov@geocities.jp,54,Male
3897,Theodora,Limeburn,tlimeburnow@reference.com,20,Female
3898,Cletus,Liddicoat,cliddicoatox@ucsd.edu,0,Male
3899,Ranee,Silverstone,rsilverstoneoy@buzzfeed.com,34,
3900,Reeta,Gorrie,rgorrieoz@theatlantic.com,38,F
3901,Yehudi,Doctor,ydoctorp0@histats.com,35 years,Male
3902,Elfie,Sayles,esaylesp1@a8.net,36,
3903,Tatiana,Reinert,treinertp2@time.com,23,Female
3904,Bronny,Murrell,bmurrellp3@hugedomains.com,61,Male
3905,Craig,Lavens,clavensp4@bravesites.com, years,Male
3906,Jareb,Aldham,jaldhamp5@bbb.org,47,M
3907,Tanitansy,Boyce,tboycep6@trellian.com,34,F
3908,Kessia,Dublin,kdublinp7@yandex.ru,35,Female
3909,Georges,Karlsson,gkarlssonp8@github.io,56,Male
3910,Saunders,Phuprate,sphupratep9@webnode.com,52 years,Male
3911,Rosemary,Carlyon,rcarlyonpa@livejournal.com,0,Female
3912,Rosina,Littley,rlittleypb@gnu.org,41,
3913,Freeman,Sandaver,fsandaverpc@cloudflare.com,32,M
3914,Lana,Dragoe,ldragoepd@wp.com,29 years,F
3915,Shanon,Hadny,shadnype@yolasite.com,19,F
3916,Denise,Rouchy,drouchypf@ucsd.edu,61 years,
3917,Courtnay,Wolfinger,cwolfingerpg@washington.edu,38,Male
3918,Desmund,Hearnah,dhearnahph@infoseek.co.jp,39,Male
3919,Hadleigh,Domenichelli,hdomenichellipi@admin.ch,61,
3920,Tina,Kinsman,tkinsmanpj@squidoo.com,30 years,Female
3921,Thacher,Griffitts,tgriffittspk@symantec.com,31,Male
3922,Mureil,Greggs,mgreggspl@edublogs.org,49,Female
3923,Bethina,Packham,bpackhampm@gmpg.org,0,F
3924,Cathi,Bunt,cbuntpn@mayoclinic.com,31,F
3925,Raoul,Veighey,rveigheypo@arstechnica.com,25 years,Male
3926,Loy,Billingham,lbillinghampp@cbc.ca,37 years,M
3927,Eugenia,Aleksankin,ealeksankinpq@sun.com,48,Female
3928,Luelle,Moakler,lmoaklerpr@wp.com,0,Female
3929,Aubrie,Acock,aacockps@dropbox.com,25 years,Female
3930,Marco,Rafe,mrafept@forbes.com,54,M
3931,Margaux,Matignon,mmatignonpu@dyndns.org,41,F
3932,Ottilie,Arnaldy,oarnaldypv@msn.com,50,Female
3933,Tiff,Weatherburn,tweatherburnpw@intel.com,25 years,Female
3934,Antoni,Shutler,ashutlerpx@forbes.com,50,Male
3935,Melesa,O' Hern,mohernpy@bluehost.com,61,Female
3936,Lorri,Topham,ltophampz@quantcast.com,55,
3937,Geoffrey,Boot,gbootq0@diigo.com,22,M
3938,Frederigo,Studdert,fstuddertq1@wix.com,37,Male
3939,Chris,Hillborne,chillborneq2@imgur.com,38,Male
3940,Janela,Paulou,jpaulouq3@foxnews.com,40,Female
3941,Faber,Piche,fpicheq4@blinklist.com,23,Male
3942,Lynne,Tower,ltowerq5@latimes.com,60,Female
3943,Hulda,Bodega,hbodegaq6@narod.ru,33,Female
3944,Hartley,Wrathmall,hwrathmallq7@behance.net,19,M
3945,Zuzana,Elles,zellesq8@wikipedia.org,56 years,Female
3946,Seka,Blunsom,sblunsomq9@comcast.net,41 years,Female
3947,Wenda,Twaite,wtwaiteqa@shareasale.com,54,
3948,Dave,Willgoose,dwillgooseqb@jimdo.com,54,Male
3949,Essa,Paulmann,epaulmannqc@moonfruit.com,27 years,Female
3950,Bo,Runsey,brunseyqd@ezinearticles.com,27,Male
3951,Stacee,Reichartz,sreichartzqe@yandex.ru,59,Female
3952,Georgy,Jaskowicz,gjaskowiczqf@dion.ne.jp,0,Male
3953,Larry,Fromant,lfromantqg@de.vu,52,Male
3954,Hasheem,Furmagier,hfurmagierqh@tamu.edu,55,Male
3955,Morrie,Halligan,mhalliganqi@g.co,0,Male
3956,Idalina,McMickan,imcmickanqj@vkontakte.ru,65,
3957,Corie,Scott,cscottqk@shareasale.com,50,
3958,Crosby,Bartell,cbartellql@51.la,28 years,Male
3959,Winifield,Instrell,winstrellqm@pagesperso-orange.fr,59,Male
3960,Channa,Daveley,cdaveleyqn@barnesandnoble.com, years,Female
3961,Friedrick,Holby,fholbyqo@over-blog.com,64,Male
3962,Rudolph,Sutliff,rsutliffqp@ning.com,36,Male
3963,Stephie,Weatherill,sweatherillqq@forbes.com,21,Female
3964,Suzi,Wake,swakeqr@elpais.com,47,Female
3965,Vinny,Brewin,vbrewinqs@list-manage.com,44 years,Male
3966,Web,Kohter,wkohterqt@examiner.com,46,Male
3967,Charlene,Ahlf,cahlfqu@drupal.org,44,Female
3968,Staci,Wilkerson,swilkersonqv@lulu.com,0,Female
3969,Natal,Orbon,norbonqw@shutterfly.com,36,Male
3970,Marybelle,MacConchie,mmacconchieqx@redcross.org,51 years,F
3971,Celie,Dykins,cdykinsqy@sourceforge.net,40,Female
3972,Brigitta,Berthome,bberthomeqz@omniture.com,31,Female
3973,Stanislas,Pickston,spickstonr0@cargocollective.com,20,Male
3974,Wes,Whates,wwhatesr1@businessweek.com,0,Male
3975,Florina,Tieman,ftiemanr2@home.pl, years,Female
3976,Cathi,Dredge,cdredger3@xinhuanet.com,40,Female
3977,Lorelle,Obert,lobertr4@qq.com,24 years,Female
3978,Reese,Bartrop,rbartropr5@tmall.com,54,
3979,Arie,Jacqueminet,ajacqueminetr6@spiegel.de,46,Male
3980,Deborah,Cruddace,dcruddacer7@irs.gov,50,Female
3981,Datha,Churchman,dchurchmanr8@oakley.com,30,Female
3982,Pennie,Penman,ppenmanr9@dailymotion.com,22 years,Female
3983,Bradly,Belderson,bbeldersonra@chronoengine.com,0,Male
3984,Lion,Cotherill,lcotherillrb@deviantart.com,34,Male
3985,Hyacinth,Headrick,hheadrickrc@zimbio.com,35,Female
3986,Marissa,Maton,mmatonrd@studiopress.com,45 years,
3987,Henriette,Mallion,hmallionre@hatena.ne.jp,32,Female
3988,Clarabelle,Beetlestone,cbeetlestonerf@blogs.com,26,Female
3989,Nicoline,Avrahamian,navrahamianrg@wordpress.org,19,
3990,Sergeant,Crain,scrainrh@nytimes.com,36,Male
3991,Ki,Jancic,kjancicri@cdc.gov,0,Female
3992,Pepillo,Tew,ptewrj@dailymotion.com,62,
3993,Christina,Parlet,cparletrk@webmd.com,47,Female
3994,Angelle,Noir,anoirrl@posterous.com,22,Female
3995,Ondrea,Godmer,ogodmerrm@goodreads.com,40 years,F
3996,Vernor,Josse,vjossern@nyu.edu,42,Male
3997,Bibby,Sterley,bsterleyro@archive.org, years,Female
3998,Orbadiah,Ilyenko,oilyenkorp@weebly.com,44,M
3999,Cristen,Parr,cparrrq@parallels.com,59,Female
4000,Sauveur,Boyen,sboyenrr@fastcompany.com,43,Male
4001,Trevar,Boot,tboot0@scribd.com,51,Male
4002,Barry,Cowtherd,bcowtherd1@slashdot.org,0,Female
4003,Siffre,Guitel,sguitel2@businessweek.com,57 years,Male
4004,Richmound,Chilver,rchilver3@sciencedirect.com,50,Male
4005,Malachi,Ditchfield,mditchfield4@independent.co.uk,44,Male
4006,Giffer,Di Boldi,gdiboldi5@noaa.gov, years,Male
4007,Terrance,Halbeard,thalbeard6@alexa.com,44,M
4008,Millard,Portwain,mportwain7@oakley.com,36,Male
4009,Simmonds,Buxton,sbuxton8@nyu.edu,0,Male
4010,Sanford,Stelljes,sstelljes9@amazon.com,38 years,Male
4011,Carolan,D'Aeth,cdaetha@harvard.edu,26,Female
4012,Willyt,Laxe,wlaxeb@w3.org,39 years,F
4013,Kiri,Gothup,kgothupc@hexun.com,24,Female
4014,Sutherlan,Skingle,sskingled@360.cn,50,Male
4015,Artemus,Gaylard,agaylarde@java.com,0,Male
4016,Valdemar,Faulkener,vfaulkenerf@engadget.com,25,M
4017,Phillipp,Pherps,ppherpsg@meetup.com,38,M
4018,Suzette,Bucksey,sbuckseyh@weibo.com,0,Female
4019,Erik,Joblin,ejoblini@cafepress.com,32,Male
4020,Torrey,Fitzsimon,tfitzsimonj@devhub.com,37 years,Male
4021,Glynnis,Whiteson,gwhitesonk@omniture.com,49 years,Female
4022,Odetta,Moakson,omoaksonl@paginegialle.it,0,Female
4023,Stormie,Southwell,ssouthwellm@ezinearticles.com,0,F
4024,Jerrold,Jobke,jjobken@symantec.com,32,
4025,Gabey,Pirie,gpirieo@scribd.com,65 years,Female
4026,Ailee,Galbraith,agalbraithp@goo.gl,32,F
4027,Annnora,Hiddy,ahiddyq@altervista.org,0,Female
4028,Dede,Pinching,dpinchingr@goodreads.com,21,
4029,Sayer,Bruni,sbrunis@prlog.org,33,Male
4030,Clayborn,Chaudhry,cchaudhryt@bloglines.com,38,Male
4031,Thorny,Adhams,tadhamsu@chronoengine.com,27,Male
4032,Devin,Alen,dalenv@example.com, years,F
4033,Dollie,Shearer,dshearerw@tuttocitta.it,64,Female
4034,Cori,Crosswaite,ccrosswaitex@princeton.edu,27,Male
4035,Dru,Scaysbrook,dscaysbrooky@imageshack.us, years,Female
4036,Wendye,Scafe,wscafez@rakuten.co.jp,51,Female
4037,Eddy,Jeannet,ejeannet10@tiny.cc,61,M
4038,Viviene,Gurys,vgurys11@youku.com,57,F
4039,Felicle,Havock,fhavock12@ifeng.com,0,Female
4040,Karel,Stoade,kstoade13@jigsy.com, years,Male
4041,Jeanna,Cozby,jcozby14@google.com,34,Female
4042,Clarisse,Stroulger,cstroulger15@apache.org,0,Female
4043,Virgilio,Bracken,vbracken16@delicious.com,65,M
4044,Denny,Wipfler,dwipfler17@chicagotribune.com,36,
4045,Gery,Austick,gaustick18@cloudflare.com,46,Male
4046,Mandel,Cornwall,mcornwall19@dyndns.org,37,Male
4047,Mollee,Durban,mdurban1a@csmonitor.com,0,Female
4048,Kellsie,Bevens,kbevens1b@ebay.com,0,F
4049,Linet,Tupper,ltupper1c@amazon.de,22 years,Female
4050,Zarah,Mulder,zmulder1d@theatlantic.com,64,Female
4051,Gerty,Vanyushin,gvanyushin1e@quantcast.com,27,Female
4052,Bartholomew,Stanbury,bstanbury1f@hibu.com,58,Male
4053,Bartlet,Ortiger,bortiger1g@latimes.com,0,Male
4054,Ynez,Meffan,ymeffan1h@jimdo.com,54,Female
4055,Cointon,Caris,ccaris1i@etsy.com,35,Male
4056,Sydney,Peckham,speckham1j@pcworld.com,53 years,Male
4057,Lavinia,Benediktsson,lbenediktsson1k@hp.com,0,Female
4058,Clara,Fitzroy,cfitzroy1l@umich.edu,35,
4059,Aubrette,Bewlay,abewlay1m@forbes.com,47 years,Female
4060,Mariana,Annes,mannes1n@icio.us,46,
4061,Krissie,Safell,ksafell1o@nih.gov,18,F
4062,Row,Laver,rlaver1p@disqus.com,31,Female
4063,Viv,Chartman,vchartman1q@boston.com,0,Female
4064,Ilaire,Northcote,inorthcote1r@tuttocitta.it,49,M
4065,Grethel,Dorney,gdorney1s@furl.net,49,Female
4066,Gwendolin,Harnwell,gharnwell1t@issuu.com,22,Female
4067,Niccolo,Priestman,npriestman1u@blogger.com,45,Male
4068,Jackson,Sitch,jsitch1v@fotki.com,43 years,Male
4069,Pammie,Tunnock,ptunnock1w@cargocollective.com,50,F
4070,Roxana,Meir,rmeir1x@nhs.uk,28,Female
4071,Jenifer,Casarino,jcasarino1y@flickr.com,56,Female
4072,Daron,Dobbison,ddobbison1z@webnode.com,51,M
4073,Alissa,Kunkel,akunkel20@netscape.com,42,Female
4074,Darb,Janiak,djaniak21@edublogs.org,32 years,Female
4075,Georgeanne,Solley,gsolley22@facebook.com,62,Female
4076,Collin,Rickcord,crickcord23@tinypic.com,48 years,Male
4077,Farrel,Luckin,fluckin24@geocities.com,28,Male
4078,Dag,Liptrod,dliptrod25@yale.edu,41,Male
4079,Bevin,Leppo,bleppo26@tumblr.com,44,M
4080,Bran,MacNeilly,bmacneilly27@google.co.jp,37,Male
4081,Rich,Ghiriardelli,rghiriardelli28@constantcontact.com,54,M
4082,Darlleen,Ethridge,dethridge29@usgs.gov,33,Female
4083,Fairfax,Josebury,fjosebury2a@tripod.com, years,M
4084,Esther,Poley,epoley2b@irs.gov,53,F
4085,Giffer,Ferriere,gferriere2c@dot.gov,22,M
4086,Berna,Jagger,bjagger2d@clickbank.net,38,Female
4087,Lorin,Sambath,lsambath2e@baidu.com,54,M
4088,Trish,Cicetti,tcicetti2f@example.com,0,
4089,Cyrus,Dunlap,cdunlap2g@prlog.org,22,Male
4090,Colet,Cheesman,ccheesman2h@lulu.com,31,Male
4091,Tann,Riall,triall2i@pinterest.com,40,Male
4092,Ky,Magauran,kmagauran2j@ucsd.edu,62,Male
4093,Wini,Challinor,wchallinor2k@seesaa.net,21,Female
4094,Ilyse,Harbach,iharbach2l@dedecms.com,33,Female
4095,Bobette,Glacken,bglacken2m@ezinearticles.com,59,F
4096,Hedda,De Filippo,hdefilippo2n@hibu.com,51,Female
4097,Holmes,Surguine,hsurguine2o@adobe.com,31,M
4098,Frants,Leaning,fleaning2p@fc2.com,18,Male
4099,Budd,Putton,bputton2q@yandex.ru,0,Male
4100,Sena,Barnwall,sbarnwall2r@fda.gov,35 years,Female
4101,Maxy,Masarrat,mmasarrat2s@purevolume.com,58,Male
4102,Howie,Loud,hloud2t@myspace.com,35,Male
4103,Dane,Reding,dreding2u@flickr.com,32 years,Male
4104,Thaddeus,Canizares,tcanizares2v@webmd.com,0,Male
4105,Granthem,Minot,gminot2w@nbcnews.com,59,Male
4106,Chrissie,Peacey,cpeacey2x@shinystat.com,51,
4107,Portia,Arnaut,parnaut2y@amazon.de,22,Female
4108,Sayers,O'Shirine,soshirine2z@gravatar.com,18,M
4109,Ethelbert,Dunlea,edunlea30@dailymotion.com,50,
4110,Giorgi,Selbie,gselbie31@oakley.com,60,Male
4111,Aubrey,Draye,adraye32@google.nl,45 years,Female
4112,Kaleb,Veivers,kveivers33@tuttocitta.it,59,Male
4113,Karla,Wallas,kwallas34@usgs.gov,35,Female
4114,Nikolia,Madre,nmadre35@ebay.co.uk,40,F
4115,Lynnette,Gairdner,lgairdner36@ucsd.edu,36,F
4116,Karleen,Seago,kseago37@exblog.jp,34,Female
4117,Manuel,Warsop,mwarsop38@clickbank.net,33 years,Male
4118,Tallie,Master,tmaster39@telegraph.co.uk,0,Male
4119,Rochester,Trebbett,rtrebbett3a@ocn.ne.jp,65,Male
4120,Jeremy,Notti,jnotti3b@1und1.de,45,Male
4121,Barbe,Cowhig,bcowhig3c@oaic.gov.au,47,Female
4122,Arabele,Timny,atimny3d@dell.com,35,Female
4123,Glenine,Winterson,gwinterson3e@google.nl,43 years,Female
4124,Malorie,Feechan,mfeechan3f@ehow.com,46,Female
4125,Jesselyn,Hairesnape,jhairesnape3g@smugmug.com,0,Female
4126,Augustin,Thomtson,athomtson3h@simplemachines.org,0,Male
4127,Rose,Wheeldon,rwheeldon3i@elpais.com,32,Female
4128,Brinn,Bretland,bbretland3j@cbslocal.com,52,Female
4129,Seka,Weare,sweare3k@wiley.com,53,F
4130,Lark,Poulston,lpoulston3l@chronoengine.com,31,Female
4131,Waldemar,Cruxton,wcruxton3m@reuters.com,20,Male
4132,Elvyn,Delicate,edelicate3n@mtv.com,45,Male
4133,Sidonnie,Mayte,smayte3o@fda.gov,63,Female
4134,Shayna,Meak,smeak3p@hc360.com,64,F
4135,Chane,Simyson,csimyson3q@salon.com,24,Male
4136,Maiga,Humpatch,mhumpatch3r@tuttocitta.it,65 years,Female
4137,Benetta,Dunderdale,bdunderdale3s@mapquest.com,19,Female
4138,Hendrik,Stubbeley,hstubbeley3t@si.edu,26,M
4139,Wolfgang,Maestro,wmaestro3u@newyorker.com,0,Male
4140,Ernesta,Harriott,eharriott3v@homestead.com,24,Female
4141,Ray,Galpen,rgalpen3w@com.com,54,Female
4142,Margarita,Pryn,mpryn3x@jimdo.com,34,Female
4143,Phillie,Belsham,pbelsham3y@pagesperso-orange.fr,29 years,Female
4144,Jerrome,Presswell,jpresswell3z@nasa.gov,51,M
4145,Arlen,Kybbye,akybbye40@rediff.com,0,
4146,Berkly,Kiggel,bkiggel41@soup.io,0,Male
4147,Berkeley,Poller,bpoller42@furl.net,25 years,Male
4148,Salaidh,Toyne,stoyne43@cpanel.net,43,Female
4149,Peta,Bernardez,pbernardez44@omniture.com,44,Female
4150,Miguelita,Purdy,mpurdy45@washington.edu,51,F
4151,Goraud,Stockall,gstockall46@unesco.org,64 years,Male
4152,Clio,Spilsted,cspilsted47@arstechnica.com,19,Female
4153,Pennie,Benza,pbenza48@theguardian.com,18,Female
4154,Rodd,Dowyer,rdowyer49@ovh.net,43 years,Male
4155,Jere,Jakaway,jjakaway4a@alexa.com,0,Male
4156,Gwyneth,Aupol,gaupol4b@java.com,42,Female
4157,Bruis,Dowsett,bdowsett4c@about.me,21,Male
4158,Gertruda,Liquorish,gliquorish4d@noaa.gov,48,Female
4159,Griff,Gideon,ggideon4e@list-manage.com,40,Male
4160,Elroy,Waszczyk,ewaszczyk4f@uol.com.br,62,Male
4161,Ianthe,Terrett,iterrett4g@geocities.jp, years,Female
4162,Rodrigo,Lebourn,rlebourn4h@google.com.br,24,Male
4163,Antony,Carlo,acarlo4i@mac.com,50,Male
4164,Erena,Redbourn,eredbourn4j@ovh.net,56,F
4165,Ashbey,Methringham,amethringham4k@sourceforge.net,53,Male
4166,Dulcy,Cattow,dcattow4l@google.de,50,F
4167,Darbie,Tilzey,dtilzey4m@amazonaws.com,50 years,F
4168,Kylie,Bottell,kbottell4n@typepad.com,61,
4169,Francisco,MacDermid,fmacdermid4o@noaa.gov,19 years,Male
4170,Tamas,Plaister,tplaister4p@amazon.co.uk,63,M
4171,Nikolos,Dybald,ndybald4q@squidoo.com,36,Male
4172,Lydon,Ciani,lciani4r@quantcast.com,47,Male
4173,Vincents,Chessell,vchessell4s@bloglines.com,51,Male
4174,Daryl,Webburn,dwebburn4t@wikispaces.com,36 years,Male
4175,Julie,Passo,jpasso4u@drupal.org,0,M
4176,Mata,Wandtke,mwandtke4v@aboutads.info,65,Male
4177,Leeland,Josovitz,ljosovitz4w@google.com.au,24,Male
4178,Allis,Daulton,adaulton4x@jalbum.net,40 years,Female
4179,Fleming,Heskin,fheskin4y@cbsnews.com,28 years,M
4180,Catherin,Clausson,cclausson4z@linkedin.com,0,Female
4181,Cristie,Gilbride,cgilbride50@hhs.gov,47,Female
4182,Lindsay,Waddams,lwaddams51@apple.com,50,Male
4183,Ara,Petrolli,apetrolli52@ocn.ne.jp,64,Male
4184,Kare,Laminman,klaminman53@friendfeed.com,26,Female
4185,Merrel,O'Shaughnessy,moshaughnessy54@rediff.com,31,Male
4186,Muire,Pappi,mpappi55@nasa.gov,0,Female
4187,Edith,Garlett,egarlett56@msn.com,23 years,F
4188,Charmaine,Venable,cvenable57@ted.com,53 years,
4189,Mile,Fazan,mfazan58@chron.com,58,Male
4190,Cyb,Guerreiro,cguerreiro59@gizmodo.com,48,F
4191,Fanechka,Sharpling,fsharpling5a@nbcnews.com,65,Female
4192,Hamlen,Blakeborough,hblakeborough5b@cornell.edu,50,
4193,Gilly,Spurdens,gspurdens5c@hugedomains.com,61,Female
4194,Edeline,Manford,emanford5d@qq.com,62 years,Female
4195,Melvin,Pimblotte,mpimblotte5e@opera.com,52,Male
4196,Aleen,Fortun,afortun5f@hugedomains.com,62,Female
4197,Thorvald,Crenage,tcrenage5g@netvibes.com,51,Male
4198,Cecil,Rolfs,crolfs5h@wikispaces.com,0,Male
4199,Aurelia,Sprakes,asprakes5i@mapy.cz,34,Female
4200,Ulrike,MacLennan,umaclennan5j@ibm.com,53,F
4201,Marius,Paridge,mparidge5k@shop-pro.jp,42,
4202,Gnni,Rambadt,grambadt5l@usgs.gov,25,Female
4203,Patti,Bilverstone,pbilverstone5m@umn.edu,56,Female
4204,Denys,Riolfi,driolfi5n@aboutads.info,20 years,
4205,Jae,Butcher,jbutcher5o@hud.gov,52 years,Male
4206,Chantal,Bursell,cbursell5p@engadget.com,37,Female
4207,Alfredo,Housbey,ahousbey5q@bloglovin.com,24,Male
4208,Ronnica,Rodenhurst,rrodenhurst5r@google.ca,24 years,
4209,Nestor,Mustarde,nmustarde5s@blogs.com,0,Male
4210,Symon,Buret,sburet5t@blogger.com,0,M
4211,Cate,Harries,charries5u@wikipedia.org,0,F
4212,Alicea,Burchess,aburchess5v@wiley.com,22,Female
4213,Nathanil,Dallan,ndallan5w@narod.ru,54 years,M
4214,Galina,McDonough,gmcdonough5x@flickr.com,54,
4215,Benni,Galey,bgaley5y@cnet.com, years,Female
4216,Norri,Jaggs,njaggs5z@miibeian.gov.cn,34,Female
4217,Ber,Fairham,bfairham60@technorati.com,44,Male
4218,Niki,Stoller,nstoller61@over-blog.com,57,Male
4219,Katy,Poynzer,kpoynzer62@boston.com,40,Female
4220,Carling,Mongain,cmongain63@a8.net,19,Male
4221,Jamison,Luigi,jluigi64@umich.edu,19,Male
4222,Kenton,Kydde,kkydde65@privacy.gov.au,23 years,
4223,Shay,Pople,spople66@go.com,23 years,Male
4224,Ninette,Ackermann,nackermann67@globo.com,35,F
4225,Fred,Gluyas,fgluyas68@noaa.gov,28,Female
4226,Roddy,Husselbee,rhusselbee69@tripadvisor.com,29,Male
4227,Willie,Bygrave,wbygrave6a@weebly.com,38,Male
4228,Betta,Jeakins,bjeakins6b@mozilla.com,30,Female
4229,Carrie,Froschauer,cfroschauer6c@wp.com,50 years,Female
4230,Jessee,Ricart,jricart6d@uiuc.edu,35,Male
4231,Herb,Levane,hlevane6e@taobao.com,52,Male
4232,Georgine,Anfonsi,ganfonsi6f@washington.edu,47,Female
4233,Kimmy,Godwin,kgodwin6g@nih.gov,33,Female
4234,Hamilton,Cato,hcato6h@xrea.com,54,Male
4235,Brose,Tebbs,btebbs6i@gizmodo.com,23,Male
4236,Chelsey,Denman,cdenman6j@reverbnation.com,34,F
4237,Kelsi,Lebell,klebell6k@psu.edu,29,Female
4238,Leeland,Hefner,lhefner6l@dion.ne.jp,46,Male
4239,Loydie,De Domenici,ldedomenici6m@adobe.com,65,Male
4240,Haleigh,Maybury,hmaybury6n@deviantart.com,65,Female
4241,Jo ann,Ellerey,jellerey6o@state.tx.us,54 years,Female
4242,Cayla,Bool,cbool6p@whitehouse.gov,58,Female
4243,Denny,Blundell,dblundell6q@blogtalkradio.com,20 years,M
4244,Elysia,Zettler,ezettler6r@webnode.com,61,Female
4245,Dolores,Diament,ddiament6s@nhs.uk,27 years,Female
4246,Simona,Hubble,shubble6t@nifty.com,65,
4247,Curry,Hatherley,chatherley6u@etsy.com,62 years,Male
4248,Abie,Harvison,aharvison6v@indiegogo.com,19,Male
4249,Boone,Ashfield,bashfield6w@tiny.cc,0,Male
4250,Eli,Mackin,emackin6x@marriott.com,31,Male
4251,Samuel,Mulroy,smulroy6y@behance.net,0,M
4252,Hunter,Bendtsen,hbendtsen6z@slashdot.org,46,
4253,Merrill,Iacopini,miacopini70@mail.ru,52,M
4254,Wait,Veevers,wveevers71@dot.gov,58 years,Male
4255,Mead,Tease,mtease72@yellowbook.com,18,Female
4256,Dex,Vater,dvater73@exblog.jp,55,M
4257,Delilah,Brymner,dbrymner74@barnesandnoble.com,30,Female
4258,Ransell,Duffie,rduffie75@hexun.com,35,
4259,Alford,Eilhertsen,aeilhertsen76@blogs.com,0,Male
4260,Rod,Skocroft,rskocroft77@myspace.com,48,Male
4261,Felita,Jubert,fjubert78@opensource.org,61,Female
4262,Filmore,Ripley,fripley79@simplemachines.org,58,Male
4263,Lillis,Bleasdille,lbleasdille7a@diigo.com,22,Female
4264,Hetti,Pomfret,hpomfret7b@sfgate.com,23 years,
4265,Dedie,Rosen,drosen7c@unesco.org,30,Female
4266,Paloma,Jouhan,pjouhan7d@ucoz.ru,53 years,Female
4267,Theresa,Woodger,twoodger7e@state.gov,28,Female
4268,Kimble,Mandel,kmandel7f@yelp.com,19,Male
4269,Caryl,Le Floch,clefloch7g@etsy.com,0,
4270,Ranice,Roder,rroder7h@google.co.uk,48 years,Female
4271,Sholom,Messent,smessent7i@discuz.net,51,Male
4272,Miltie,Handes,mhandes7j@google.it,0,M
4273,Stephine,Belin,sbelin7k@blog.com,24,Female
4274,Bondy,Doxsey,bdoxsey7l@wikispaces.com,51,Male
4275,Sumner,Adamou,sadamou7m@techcrunch.com,0,Male
4276,Pippo,Ridulfo,pridulfo7n@samsung.com,29 years,
4277,Shirlee,Aldgate,saldgate7o@soup.io,59,F
4278,Fransisco,Kermon,fkermon7p@buzzfeed.com,52,Male
4279,Rodolfo,Tolomei,rtolomei7q@drupal.org,26,Male
4280,Kliment,Woodruffe,kwoodruffe7r@google.com.hk,33,Male
4281,Noble,Adriano,nadriano7s@indiegogo.com,54,
4282,Emmye,Padbury,epadbury7t@gov.uk,24,F
4283,Rorke,Rumgay,rrumgay7u@ihg.com,30,Male
4284,Des,Rigden,drigden7v@squarespace.com,19,Male
4285,Kandace,Tadman,ktadman7w@oakley.com,55 years,Female
4286,Emera,Demangel,edemangel7x@wikia.com,36,Female
4287,Ebonee,Sheer,esheer7y@google.co.jp,24,Female
4288,Albert,Papes,apapes7z@jimdo.com,34,Male
4289,Georges,Wainwright,gwainwright80@tinyurl.com,19 years,Male
4290,Lazaro,Moggle,lmoggle81@nifty.com,24,M
4291,Walton,Date,wdate82@wunderground.com,59,
4292,Jami,Benley,jbenley83@ustream.tv,44,Female
4293,Elvera,McElwee,emcelwee84@diigo.com,21,Female
4294,Gennifer,Deplacido,gdeplacido85@washingtonpost.com,52,Female
4295,Larina,Rubinsohn,lrubinsohn86@freewebs.com,48 years,Female
4296,Sayers,Iacobassi,siacobassi87@zimbio.com,38,M
4297,Consalve,Guinery,cguinery88@indiegogo.com,65,Male
4298,Maryl,Fealy,mfealy89@google.com.hk,0,Female
4299,Ursulina,Scrimshaw,uscrimshaw8a@mozilla.com,58,Female
4300,Blaine,Wycliff,bwycliff8b@bbc.co.uk,64,Male
4301,Gawen,Lassen,glassen8c@shutterfly.com,58,Male
4302,Caitlin,Apted,capted8d@1und1.de,57 years,Female
4303,Dorise,Swynfen,dswynfen8e@marriott.com,42,
4304,Hynda,Trice,htrice8f@nba.com,45,Female
4305,Joella,Beddon,jbeddon8g@weather.com,20,F
4306,Pavlov,Drewitt,pdrewitt8h@paypal.com,56 years,Male
4307,Lora,Bedow,lbedow8i@arstechnica.com,23,Female
4308,Donovan,McGlynn,dmcglynn8j@joomla.org,60,Male
4309,Gayelord,Veregan,gveregan8k@a8.net,45,Male
4310,Sasha,Boothe,sboothe8l@t.co,42,Male
4311,Lukas,Bagshawe,lbagshawe8m@webeden.co.uk,27,Male
4312,Jeno,Aston,jaston8n@nbcnews.com,29,
4313,Bertrand,Goodbarr,bgoodbarr8o@forbes.com,40 years,Male
4314,Shelli,Minocchi,sminocchi8p@privacy.gov.au,50,F
4315,Reena,Boaler,rboaler8q@blogtalkradio.com,50,F
4316,Berti,Finneran,bfinneran8r@google.cn,57,Male
4317,Debbi,Mattielli,dmattielli8s@example.com,65,Female
4318,Zared,Lumley,zlumley8t@tinyurl.com,39 years,M
4319,Lynnet,Nolan,lnolan8u@spotify.com,29,Female
4320,George,Hawking,ghawking8v@merriam-webster.com,53,Female
4321,Joya,Somerscales,jsomerscales8w@instagram.com,58,F
4322,Dodie,Leban,dleban8x@ocn.ne.jp,53,F
4323,Stafford,Balsillie,sbalsillie8y@chron.com,46 years,Male
4324,Donia,Blowfield,dblowfield8z@bravesites.com,47,
4325,Jacqueline,Morgon,jmorgon90@rambler.ru,28,Female
4326,Bondie,Barrett,bbarrett91@live.com,34,M
4327,Karlee,Fer,kfer92@imgur.com,64 years,Female
4328,Geno,Altimas,galtimas93@ed.gov,30 years,Male
4329,Elwyn,Moyer,emoyer94@google.pl,23,Male
4330,Kathlin,Molan,kmolan95@last.fm,51,F
4331,Pail,Garthside,pgarthside96@livejournal.com,21 years,M
4332,Jeth,Aglione,jaglione97@telegraph.co.uk,49,Male
4333,Delmer,Manuely,dmanuely98@skyrock.com,0,Male
4334,Greggory,Bareford,gbareford99@spotify.com,40,Male
4335,Adeline,Hawksby,ahawksby9a@mysql.com,42,F
4336,Karisa,Bastin,kbastin9b@qq.com,65 years,Female
4337,Karina,Chauvey,kchauvey9c@wikia.com,25,Female
4338,Ricard,Algy,ralgy9d@fda.gov,46 years,Male
4339,Dasi,Mullarkey,dmullarkey9e@chron.com,39 years,F
4340,Carrol,Harragin,charragin9f@biblegateway.com,54,Male
4341,Kendra,Doidge,kdoidge9g@icio.us,35 years,Female
4342,Felizio,Janew,fjanew9h@blinklist.com,41 years,Male
4343,Jeniece,Rupprecht,jrupprecht9i@unicef.org,58,F
4344,Eward,Blyth,eblyth9j@flickr.com,21,Male
4345,Elissa,Sheepy,esheepy9k@163.com,37,Female
4346,Simonne,Carnie,scarnie9l@nature.com,36,Female
4347,Marie-ann,Cornock,mcornock9m@ucoz.com,55,
4348,Ardelle,Gallgher,agallgher9n@economist.com,31 years,Female
4349,Vince,Ccomini,vccomini9o@aol.com,45 years,Male
4350,Valentin,Danielou,vdanielou9p@dot.gov,0,Male
4351,Beaufort,Bowness,bbowness9q@google.ca,0,M
4352,Odell,Kendal,okendal9r@bbc.co.uk,52,Male
4353,Bebe,Fass,bfass9s@cargocollective.com,19 years,
4354,Delano,Brimblecombe,dbrimblecombe9t@fotki.com,19,M
4355,Lisa,Pierpoint,lpierpoint9u@w3.org,34,Female
4356,Torrie,Dugue,tdugue9v@theglobeandmail.com,27 years,Female
4357,Teresa,Ferneley,tferneley9w@purevolume.com,27,Female
4358,Tania,Kenealy,tkenealy9x@bizjournals.com,40,Female
4359,Tomas,Geroldini,tgeroldini9y@alibaba.com,23 years,
4360,Etheline,Tampion,etampion9z@linkedin.com,60,F
4361,Damita,Kincade,dkincadea0@furl.net,28,F
4362,Leeanne,Cotty,lcottya1@blinklist.com,60,Female
4363,Bernarr,Carwithim,bcarwithima2@fotki.com,39,Male
4364,Elaine,Linch,elincha3@netvibes.com,20,Female
4365,Matthaeus,Crichten,mcrichtena4@bing.com,40,Male
4366,Lucila,Boays,lboaysa5@linkedin.com,63,Female
4367,Ashley,Deegan,adeegana6@theguardian.com,51 years,Female
4368,Doralia,Chatin,dchatina7@imageshack.us,42,Female
4369,Augustin,Donaghy,adonaghya8@slideshare.net,51 years,Male
4370,Alfonse,Hugli,ahuglia9@nsw.gov.au,59,Male
4371,Elia,Pancoast,epancoastaa@loc.gov,40,Male
4372,Aviva,Madrell,amadrellab@dailymail.co.uk,60,Female
4373,Benn,Fontenot,bfontenotac@sun.com,25,M
4374,Elle,Jurisch,ejurischad@usgs.gov,0,Female
4375,Keely,Szach,kszachae@alibaba.com,29,Female
4376,Neale,Dever,ndeveraf@sakura.ne.jp,59,Male
4377,Trix,Champerlen,tchamperlenag@ed.gov,42,
4378,Nadine,Fiennes,nfiennesah@tuttocitta.it, years,Female
4379,Janot,Kamall,jkamallai@cisco.com,20,Female
4380,Carlie,Fleckno,cflecknoaj@mac.com,57,Female
4381,Misha,Hamblyn,mhamblynak@apache.org,57,
4382,Isak,Coppen,icoppenal@mail.ru,57 years,M
4383,Yardley,Prigg,ypriggam@webnode.com,52,Male
4384,Hilliary,McGerraghty,hmcgerraghtyan@mayoclinic.com,37,F
4385,Ethelyn,Cristou,ecristouao@redcross.org,46,Female
4386,Ronalda,Kimber,rkimberap@dailymotion.com,0,
4387,Bartlet,Brehat,bbrehataq@wix.com,23,Male
4388,Nadya,Alans,nalansar@whitehouse.gov,0,Female
4389,Rabbi,Cammacke,rcammackeas@opera.com,30,Male
4390,Rosalinde,Asquith,rasquithat@bluehost.com,64,Female
4391,Wendie,Abrahams,wabrahamsau@t-online.de,64,F
4392,Barbie,Robjant,brobjantav@theguardian.com,53,F
4393,Pollyanna,Mugglestone,pmugglestoneaw@huffingtonpost.com,42 years,Female
4394,Carleton,Pointon,cpointonax@cyberchimps.com,40,Male
4395,Guthry,Martill,gmartillay@google.cn,0,Male
4396,Wanids,Cominoli,wcominoliaz@usa.gov,57,Female
4397,Cymbre,Poulston,cpoulstonb0@ebay.co.uk,43 years,
4398,Cinderella,Goracci,cgoraccib1@nature.com,22,Female
4399,Arnaldo,Pedder,apedderb2@noaa.gov,33,
4400,Falkner,Jeyes,fjeyesb3@t.co,58,M
4401,Nellie,Habbergham,nhabberghamb4@netscape.com,18,F
4402,Avram,MacWilliam,amacwilliamb5@cpanel.net,48 years,M
4403,Heall,Shord,hshordb6@woothemes.com,49,Male
4404,Gal,Ledekker,gledekkerb7@flickr.com,46,M
4405,Alex,Wyd,awydb8@vinaora.com,40 years,M
4406,Tad,Clowney,tclowneyb9@mail.ru,0,Male
4407,Glennis,Shellard,gshellardba@surveymonkey.com,21,Female
4408,Dukie,Walrond,dwalrondbb@loc.gov,49,Male
4409,Averell,Blasik,ablasikbc@rediff.com,54,Male
4410,Hetti,Timbs,htimbsbd@t-online.de,0,
4411,Hort,Grabbam,hgrabbambe@omniture.com,33,Male
4412,Cal,Drew,cdrewbf@cam.ac.uk,57,Male
4413,Bevvy,Scotchmer,bscotchmerbg@51.la,34,Female
4414,Erv,Clarson,eclarsonbh@scientificamerican.com,52,
4415,Annecorinne,Freckingham,afreckinghambi@creativecommons.org,23 years,Female
4416,Somerset,Polak,spolakbj@shinystat.com,54,Male
4417,Tore,Readwin,treadwinbk@google.co.jp,65,Male
4418,Irvine,McCurry,imccurrybl@thetimes.co.uk,25,Male
4419,Tate,Riepl,trieplbm@intel.com,32 years,M
4420,Christoph,Keysall,ckeysallbn@toplist.cz,31,Male
4421,Lenore,Tetford,ltetfordbo@google.ca,50 years,Female
4422,Adelaida,Saer,asaerbp@nps.gov,55,Female
4423,Kellyann,Perview,kperviewbq@usa.gov,0,Female
4424,Chere,O'Dooghaine,codooghainebr@dailymotion.com,60,
4425,Earvin,Rubinov,erubinovbs@domainmarket.com,27,Male
4426,Koo,Voss,kvossbt@indiatimes.com,38,Female
4427,Ursala,Wicher,uwicherbu@github.com,27,F
4428,Aprilette,Speight,aspeightbv@1und1.de,28,F
4429,Demetris,Koppes,dkoppesbw@marketwatch.com,63 years,Female
4430,Auberta,Pownall,apownallbx@digg.com,38,Female
4431,Creigh,Oldfield-Cherry,coldfieldcherryby@imgur.com,43,Male
4432,Timofei,Iles,tilesbz@domainmarket.com,63,
4433,Petronille,Ryam,pryamc0@wiley.com,62,Female
4434,Ed,Vallender,evallenderc1@state.tx.us,54 years,Male
4435,Sydel,Tonna,stonnac2@amazonaws.com,50,Female
4436,Shurlocke,Gayle,sgaylec3@artisteer.com,25,Male
4437,Douglas,Culp,dculpc4@domainmarket.com,21,Male
4438,Clary,Gibb,cgibbc5@de.vu,40,
4439,Klarika,Bruun,kbruunc6@qq.com,0,Female
4440,Dotti,Pasterfield,dpasterfieldc7@alexa.com,51 years,Female
4441,Garvey,Shoubridge,gshoubridgec8@list-manage.com,40,
4442,Nichols,Sherrott,nsherrottc9@joomla.org,0,M
4443,Willdon,Forsdike,wforsdikeca@spotify.com,38,Male
4444,Carry,Bottomley,cbottomleycb@posterous.com,58 years,Female
4445,Charo,Berrick,cberrickcc@purevolume.com,55,Female
4446,Catlee,Winscom,cwinscomcd@redcross.org,27,F
4447,Adelbert,Wasling,awaslingce@unblog.fr,22,Male
4448,Alberik,Trustey,atrusteycf@cyberchimps.com,41,Male
4449,Brena,Duplain,bduplaincg@nhs.uk,49 years,Female
4450,Gino,Rehor,grehorch@ox.ac.uk,30,Male
4451,Kendra,Bilton,kbiltonci@yandex.ru,44,Female
4452,Waylen,Crozier,wcroziercj@elpais.com,64 years,Male
4453,Janek,Wellsman,jwellsmanck@privacy.gov.au,63,
4454,Nicko,Areles,narelescl@google.fr,39,Male
4455,Chilton,Muttock,cmuttockcm@berkeley.edu,56,Male
4456,Adrien,Hauch,ahauchcn@google.es,52 years,Male
4457,Aleen,Wagerfield,awagerfieldco@vimeo.com,57 years,Female
4458,Lowe,Auguste,laugustecp@free.fr,30,Male
4459,Quinta,Quenell,qquenellcq@soundcloud.com,35 years,Female
4460,Verney,Haistwell,vhaistwellcr@tamu.edu,21,Male
4461,Huberto,Stenton,hstentoncs@mit.edu,24,M
4462,Reginald,Gabb,rgabbct@comcast.net,0,Male
4463,Yance,Millichip,ymillichipcu@shop-pro.jp,57,Male
4464,Rita,Graeber,rgraebercv@jugem.jp,31 years,Female
4465,Lowell,Kabisch,lkabischcw@rediff.com,0,Male
4466,Bernadine,Foy,bfoycx@discovery.com,0,F
4467,Hamnet,Nanni,hnannicy@moonfruit.com,26,Male
4468,Collette,Antonich,cantonichcz@weebly.com,35,F
4469,Katinka,Boswood,kboswoodd0@nhs.uk,38,Female
4470,Minny,Ribchester,mribchesterd1@netvibes.com,36,Female
4471,Bail,Bleas,bbleasd2@arstechnica.com,42,Male
4472,Pepe,Abrahamson,pabrahamsond3@altervista.org,32,Male
4473,Mayor,Oldaker,moldakerd4@shutterfly.com,48,Male
4474,Shantee,Fagan,sfagand5@joomla.org, years,Female
4475,Justina,MacKereth,jmackerethd6@blogs.com,46 years,Female
4476,Lek,Maton,lmatond7@miibeian.gov.cn,0,Male
4477,Audrye,Haack,ahaackd8@fc2.com,63 years,Female
4478,Cordelia,Sterre,csterred9@state.gov,55,F
4479,Benedicto,Iozefovich,biozefovichda@barnesandnoble.com,33,Male
4480,Arnoldo,Fortune,afortunedb@drupal.org,0,Male
4481,Barnabe,Mackley,bmackleydc@taobao.com,45,
4482,Gaynor,Trench,gtrenchdd@gizmodo.com,53,Female
4483,Othella,Form,oformde@fda.gov,0,Female
4484,Suzi,Plan,splandf@360.cn,45 years,
4485,Darcee,Neubigin,dneubigindg@ebay.com,45,Female
4486,Mab,Roller,mrollerdh@biblegateway.com,46,Female
4487,Annis,Tschierasche,atschieraschedi@shop-pro.jp,48,
4488,Noble,Lelande,nlelandedj@google.cn,51,M
4489,Clarisse,McCarver,cmccarverdk@blog.com,18 years,F
4490,Dirk,Heifer,dheiferdl@bing.com,21,Male
4491,Jean,Kemmish,jkemmishdm@miibeian.gov.cn,43,Male
4492,Patrizio,Vedenichev,pvedenichevdn@fema.gov,61,Male
4493,Sabina,Simonaitis,ssimonaitisdo@ebay.co.uk,47,F
4494,Vito,Dome,vdomedp@usa.gov,41,Male
4495,Phylys,McCaskill,pmccaskilldq@baidu.com,54 years,Female
4496,Dimitri,Caroli,dcarolidr@weebly.com,0,M
4497,Isa,Bambra,ibambrads@harvard.edu,59 years,Male
4498,Berthe,Munro,bmunrodt@va.gov,56,F
4499,Guillaume,Yuill,gyuilldu@hubpages.com,0,Male
4500,Isador,Batterton,ibattertondv@arizona.edu,38 years,Male
4501,Solomon,Pryke,sprykedw@canalblog.com,45,Male
4502,Minnie,Binney,mbinneydx@wufoo.com,27,Female
4503,Maribeth,Wernher,mwernherdy@engadget.com,34,F
4504,Whitney,Hay,whaydz@vkontakte.ru,47 years,Female
4505,Benjie,Arnolds,barnoldse0@scientificamerican.com,25,Male
4506,Hobart,Mayhou,hmayhoue1@rediff.com,0,M
4507,Vyky,Arnson,varnsone2@usatoday.com,49,F
4508,Leesa,Longea,llongeae3@flickr.com,27,Female
4509,Gleda,Lowery,glowerye4@tumblr.com,38,Female
4510,Hyman,Larby,hlarbye5@networkadvertising.org, years,Male
4511,Curran,Laverack,claveracke6@constantcontact.com,20,Male
4512,Glenn,Tregea,gtregeae7@weebly.com,0,Male
4513,Alia,Bolliver,abollivere8@usda.gov,19,Female
4514,Karrie,Kingswood,kkingswoode9@auda.org.au,25,Female
4515,Jule,De Vries,jdevriesea@theatlantic.com,31,Male
4516,Charmain,Riseborough,criseborougheb@gizmodo.com,26,Female
4517,Binky,Wudeland,bwudelandec@gnu.org,56,Male
4518,Haydon,Fordham,hfordhamed@pbs.org,52,Male
4519,Wainwright,Tomenson,wtomensonee@weather.com,24,Male
4520,Dani,Rawstorne,drawstorneef@ucoz.ru,27,Male
4521,Victor,Siderfin,vsiderfineg@webnode.com,0,Male
4522,Nettie,Baughan,nbaughaneh@buzzfeed.com,31,Female
4523,Al,Bramford,abramfordei@mozilla.org,43,
4524,Bendix,Baines,bbainesej@ox.ac.uk,49 years,M
4525,Corine,Moogan,cmooganek@is.gd,26 years,Female
4526,Gwenora,Dillingston,gdillingstonel@shutterfly.com,44,Female
4527,Joline,Morcom,jmorcomem@elpais.com,51 years,F
4528,Damien,Simchenko,dsimchenkoen@mayoclinic.com,56,Male
4529,Moina,Rathmell,mrathmelleo@salon.com,24,Female
4530,Aurie,Allcroft,aallcroftep@buzzfeed.com,38 years,Female
4531,Dom,Polly,dpollyeq@macromedia.com,36 years,Male
4532,Shanna,Carlesso,scarlessoer@boston.com, years,Female
4533,Sabina,Rois,sroises@amazon.com,0,Female
4534,Isak,McQuaker,imcquakeret@timesonline.co.uk,65 years,Male
4535,Abba,McNevin,amcnevineu@squarespace.com,60,M
4536,Alberik,Laird-Craig,alairdcraigev@pagesperso-orange.fr,0,M
4537,Junie,Oldershaw,joldershawew@java.com,54 years,
4538,Maryjo,Blaik,mblaikex@slideshare.net,37,
4539,Ange,Abramof,aabramofey@si.edu,46,Male
4540,Torrence,Keveren,tkeverenez@oracle.com,59,Male
4541,Simonne,Tale,stalef0@patch.com,25 years,Female
4542,Othella,McFadin,omcfadinf1@loc.gov,38 years,Female
4543,Ernestus,McMyler,emcmylerf2@fastcompany.com,37 years,Male
4544,Baudoin,Johnsson,bjohnssonf3@arizona.edu,24,Male
4545,Teador,Martinello,tmartinellof4@state.tx.us,52,Male
4546,Saleem,Boord,sboordf5@abc.net.au,24,M
4547,Dominique,Tringham,dtringhamf6@shutterfly.com,32,Male
4548,Jaymie,Keaton,jkeatonf7@simplemachines.org,46,Male
4549,Noelani,Cherm,nchermf8@go.com,49,Female
4550,Martie,Murison,mmurisonf9@mail.ru,58,Male
4551,Briggs,Canacott,bcanacottfa@1688.com,47,Male
4552,Martguerita,Mudie,mmudiefb@opensource.org,0,Female
4553,Arte,Strauss,astraussfc@histats.com,33 years,Male
4554,Galina,Cockroft,gcockroftfd@ft.com,21,Female
4555,Moria,Poate,mpoatefe@imageshack.us,56,Female
4556,Crystie,Burleton,cburletonff@51.la,34,Female
4557,Jacynth,Spittall,jspittallfg@exblog.jp,18,Female
4558,Reynard,Capener,rcapenerfh@blogs.com,40 years,
4559,Will,Hupe,whupefi@twitter.com,62,Male
4560,Courtney,Duffet,cduffetfj@live.com,65 years,Male
4561,Leigha,Shillaker,lshillakerfk@flickr.com,34,Female
4562,Thorin,Minerdo,tminerdofl@yale.edu,62,M
4563,Claire,Blampy,cblampyfm@craigslist.org,58,Male
4564,Iorgos,Auchinleck,iauchinleckfn@w3.org,36 years,Male
4565,Kristofor,Vankeev,kvankeevfo@soundcloud.com,62 years,Male
4566,Fancy,McGriffin,fmcgriffinfp@wsj.com,0,F
4567,Lucias,Tallant,ltallantfq@time.com,42,Male
4568,Marleah,Dayne,mdaynefr@nih.gov,36,Female
4569,Katti,Deware,kdewarefs@wunderground.com,35,Female
4570,Bayard,Pegg,bpeggft@yale.edu,22 years,Male
4571,Babara,Hardan,bhardanfu@zimbio.com,32,Female
4572,Keane,Kuscha,kkuschafv@so-net.ne.jp,56,Male
4573,Hugues,Ick,hickfw@howstuffworks.com, years,Male
4574,Gal,Tabram,gtabramfx@prlog.org,54,Male
4575,Abby,Parradye,aparradyefy@yandex.ru,37,M
4576,Son,Troake,stroakefz@craigslist.org,34,Male
4577,Dame,Ughetti,dughettig0@hugedomains.com,19,
4578,Owen,Beaney,obeaneyg1@shop-pro.jp,34,Male
4579,Vania,Glison,vglisong2@qq.com,33,F
4580,Gratia,Dorrian,gdorriang3@engadget.com,46,Female
4581,Duffie,Touzey,dtouzeyg4@addtoany.com,35,Male
4582,Edouard,Ginnell,eginnellg5@meetup.com,64,M
4583,Carlie,Chastagnier,cchastagnierg6@php.net,0,Male
4584,Shelden,Canby,scanbyg7@psu.edu, years,M
4585,Madelon,Wiggett,mwiggettg8@lulu.com,40,Female
4586,Duky,Bauldrey,dbauldreyg9@techcrunch.com,46 years,Male
4587,Perren,Naseby,pnasebyga@dion.ne.jp,65 years,Male
4588,Christy,Ledingham,cledinghamgb@nationalgeographic.com,27,M
4589,Mort,Bradshaw,mbradshawgc@squidoo.com,0,Male
4590,Rey,Hobbing,rhobbinggd@netscape.com,34,Male
4591,Borg,Lies,bliesge@pagesperso-orange.fr,40,
4592,Nadean,Carbery,ncarberygf@wiley.com,54,Female
4593,Ronald,Dyzart,rdyzartgg@deviantart.com,30,M
4594,Jeannette,Shefton,jsheftongh@miibeian.gov.cn,53,Female
4595,Kally,Galliford,kgallifordgi@php.net,58 years,Female
4596,Daven,Jauncey,djaunceygj@phpbb.com,0,Male
4597,Maren,Emsden,memsdengk@accuweather.com,46,
4598,Aloysius,Sturdgess,asturdgessgl@deviantart.com,33,Male
4599,Humfrid,Beasant,hbeasantgm@opera.com,19 years,M
4600,Jillian,Lundie,jlundiegn@ebay.co.uk,54,Female
4601,Beverley,Peacop,bpeacopgo@plala.or.jp,58,F
4602,Rochell,MacDuff,rmacduffgp@google.co.jp,48,Female
4603,Adah,Janu,ajanugq@fastcompany.com,61,Female
4604,Alysia,Dasent,adasentgr@wired.com,40 years,Female
4605,Car,Vedishchev,cvedishchevgs@over-blog.com,37,Male
4606,Nilson,Bubbings,nbubbingsgt@yandex.ru,26,
4607,Maurise,Andrieu,mandrieugu@prlog.org,53,Male
4608,Hubey,Goskar,hgoskargv@multiply.com,55 years,
4609,Rae,Carrodus,rcarrodusgw@surveymonkey.com,24,F
4610,Bealle,Gildroy,bgildroygx@163.com,60,M
4611,Tami,Klaffs,tklaffsgy@auda.org.au,28,Female
4612,Sharl,Lockney,slockneygz@acquirethisname.com,31,Female
4613,Lorrayne,Ashbrook,lashbrookh0@1und1.de,56 years,Female
4614,Brandi,McGarvie,bmcgarvieh1@dagondesign.com,0,F
4615,Ruttger,Bohling,rbohlingh2@free.fr, years,Male
4616,Herold,Jurewicz,hjurewiczh3@spiegel.de,24,Male
4617,Cele,Pill,cpillh4@dyndns.org,20,F
4618,Kennie,Sergison,ksergisonh5@shinystat.com,59,Male
4619,Willow,Lindwasser,wlindwasserh6@wisc.edu,34,
4620,Reagen,Churchley,rchurchleyh7@arizona.edu,54 years,Male
4621,Jessika,Bonds,jbondsh8@people.com.cn,29,
4622,Abran,Blaisdale,ablaisdaleh9@exblog.jp,20,Male
4623,Tricia,Pringuer,tpringuerha@ezinearticles.com,36,Female
4624,Kayle,Brookwood,kbrookwoodhb@reddit.com,57,Female
4625,Joyann,Dureden,jduredenhc@constantcontact.com,54,F
4626,Berty,Aubrun,baubrunhd@aol.com,35 years,F
4627,Denise,Hymas,dhymashe@google.fr,62,Female
4628,Kenneth,Kempston,kkempstonhf@hubpages.com,0,Male
4629,Guenna,MacCambridge,gmaccambridgehg@t.co,32,Female
4630,Mindy,Shotton,mshottonhh@freewebs.com,28,F
4631,Travus,Yurchenko,tyurchenkohi@techcrunch.com,18,Male
4632,Dorthea,Fetherby,dfetherbyhj@sphinn.com,27,F
4633,Chevalier,Thow,cthowhk@technorati.com,34,Male
4634,Appolonia,Stronack,astronackhl@slate.com,23,F
4635,Mia,Phelipeaux,mphelipeauxhm@t.co,25 years,F
4636,Florencia,Head,fheadhn@miibeian.gov.cn,48,Female
4637,Arthur,Worwood,aworwoodho@deliciousdays.com,61,Male
4638,Griffin,Haveline,ghavelinehp@examiner.com,19,M
4639,Amitie,Royce,aroycehq@deliciousdays.com,39,F
4640,Giustino,Camillo,gcamillohr@webmd.com,28,M
4641,Alissa,Larciere,alarcierehs@tmall.com,64,Female
4642,Addie,Dulanty,adulantyht@theguardian.com,26,Male
4643,Woodie,Cansdale,wcansdalehu@posterous.com,39,Male
4644,Ricki,Garretson,rgarretsonhv@google.co.jp,37 years,F
4645,Betta,Donlon,bdonlonhw@deliciousdays.com,35,F
4646,Rori,Blesli,rbleslihx@disqus.com,64,Female
4647,Maxy,Feavers,mfeavershy@huffingtonpost.com,0,Female
4648,Martyn,Waleran,mwaleranhz@columbia.edu,64,M
4649,Caesar,Jukes,cjukesi0@usatoday.com,34 years,Male
4650,Ethe,Bleything,ebleythingi1@upenn.edu,21 years,Male
4651,Nikita,Kneel,nkneeli2@google.nl,49,Male
4652,Noe,Norgan,nnorgani3@prnewswire.com,21,Male
4653,Bambie,Perrinchief,bperrinchiefi4@squarespace.com,23 years,Female
4654,Betta,Chalcraft,bchalcrafti5@live.com,0,F
4655,Jessamyn,Zealey,jzealeyi6@google.it,0,Female
4656,Beatriz,McPaik,bmcpaiki7@epa.gov,32 years,Female
4657,Jannel,Swayte,jswaytei8@blogs.com,34,Female
4658,Scottie,Wathell,swathelli9@abc.net.au,40 years,M
4659,Jard,Rives,jrivesia@java.com,20,M
4660,Heriberto,Rubra,hrubraib@biblegateway.com,49,Male
4661,Israel,Scanterbury,iscanterburyic@google.ru,50,Male
4662,Ferne,Nissle,fnissleid@cpanel.net,26,Female
4663,Candi,Favela,cfavelaie@domainmarket.com,34,F
4664,Richardo,Castelijn,rcastelijnif@zimbio.com,35 years,Male
4665,Jaquenetta,Puncher,jpuncherig@amazon.co.uk,29,Female
4666,Karylin,Joao,kjoaoih@redcross.org,0,Female
4667,Ronalda,Madden,rmaddenii@ow.ly,55,F
4668,Yasmin,Beacham,ybeachamij@umich.edu,57,Female
4669,Beatriz,Kerrigan,bkerriganik@gizmodo.com,42,Female
4670,Giffard,Surpliss,gsurplissil@seattletimes.com,20,
4671,Kort,Fansy,kfansyim@sciencedaily.com,33,Male
4672,Lizabeth,Habben,lhabbenin@oaic.gov.au,26 years,Female
4673,Bette-ann,Cockett,bcockettio@wiley.com,30,Female
4674,Ronnie,Sciacovelli,rsciacovelliip@about.me,47,Female
4675,Talbot,Ragborne,tragborneiq@ucla.edu,36,M
4676,Moreen,Buntain,mbuntainir@huffingtonpost.com,62,Female
4677,Spence,Jobes,sjobesis@purevolume.com,33,Male
4678,Juliann,Coogan,jcooganit@gravatar.com,39,Female
4679,Anneliese,Eagell,aeagelliu@linkedin.com,49,Female
4680,Abelard,Vaillant,availlantiv@yandex.ru,61,Male
4681,Valerie,Munday,vmundayiw@so-net.ne.jp,30,F
4682,Gates,Barroux,gbarrouxix@umn.edu,23,Female
4683,Scotti,Franklen,sfrankleniy@jiathis.com,61,Male
4684,Mellicent,Seamans,mseamansiz@deviantart.com,0,Female
4685,Aylmar,Dutton,aduttonj0@arizona.edu,62,Male
4686,Hinze,Hartington,hhartingtonj1@mtv.com,42,M
4687,Nealson,Glasebrook,nglasebrookj2@prweb.com,0,
4688,Kelvin,Acey,kaceyj3@dropbox.com,20,Male
4689,Loni,Scraggs,lscraggsj4@washington.edu,62,
4690,Perl,Rosel,proselj5@reddit.com,18,F
4691,Bent,Rustedge,brustedgej6@usda.gov,0,Male
4692,Derek,Martini,dmartinij7@yandex.ru,59 years,Male
4693,Jerad,Deshorts,jdeshortsj8@bravesites.com,51,Male
4694,Ami,Bucher,abucherj9@bbc.co.uk,46 years,
4695,Gisella,Rosingdall,grosingdallja@hibu.com,55,Female
4696,Trudi,Lippitt,tlippittjb@washingtonpost.com,22,Female
4697,Micki,Seman,msemanjc@narod.ru,65 years,Female
4698,Dinnie,Lafond,dlafondjd@wikipedia.org,48,Female
4699,Abbe,Beining,abeiningje@chronoengine.com,55,Female
4700,Ximenes,Bakhrushkin,xbakhrushkinjf@phpbb.com,25 years,Male
4701,Berton,Treble,btreblejg@elegantthemes.com,23,Male
4702,Verena,Dryden,vdrydenjh@imdb.com,38 years,Female
4703,Frank,Barles,fbarlesji@issuu.com,42 years,Male
4704,Evyn,Hessing,ehessingjj@miibeian.gov.cn,36,Male
4705,Rena,Isard,risardjk@gnu.org,58,Female
4706,Jandy,Ream,jreamjl@rediff.com,29,Female
4707,Roxane,Malia,rmaliajm@amazon.co.uk,48 years,Female
4708,Helaine,Crummie,hcrummiejn@mozilla.org,28,Female
4709,Maia,Dmitrichenko,mdmitrichenkojo@samsung.com,19,F
4710,Hollis,Trace,htracejp@earthlink.net,55,Male
4711,Othilie,Risdall,orisdalljq@deviantart.com,0,Female
4712,Wallie,Chuter,wchuterjr@theguardian.com,29,Female
4713,Sondra,Jossel,sjosseljs@samsung.com,48,Female
4714,Shellysheldon,Sturdgess,ssturdgessjt@usnews.com,20,Male
4715,Thain,Molloy,tmolloyju@addtoany.com,36,M
4716,Antonin,Bignall,abignalljv@dmoz.org,29,Male
4717,Marjory,Goldsby,mgoldsbyjw@ebay.com,36,Female
4718,Aldous,Walton,awaltonjx@hud.gov,56,Male
4719,Bryn,Christin,bchristinjy@fda.gov,33,F
4720,Thaine,Cohn,tcohnjz@nhs.uk, years,M
4721,Sheri,Gregor,sgregork0@timesonline.co.uk,43,Female
4722,Patrizio,Basilone,pbasilonek1@dyndns.org,0,M
4723,Ami,Drennan,adrennank2@mashable.com,34 years,F
4724,Chalmers,Cherry,ccherryk3@sogou.com,31,Male
4725,Christiana,Cornils,ccornilsk4@dyndns.org,60 years,Female
4726,Wells,Kilsby,wkilsbyk5@php.net,64,Male
4727,Krissie,Peachment,kpeachmentk6@hubpages.com,48 years,Female
4728,Tallie,Bridgeman,tbridgemank7@vk.com,43 years,Male
4729,Wade,Crennan,wcrennank8@disqus.com,60,
4730,Wolfie,Cussins,wcussinsk9@typepad.com,0,M
4731,Shir,Offin,soffinka@latimes.com,0,Female
4732,Heidie,Need,hneedkb@yellowpages.com,18 years,Female
4733,Odette,Stoven,ostovenkc@networksolutions.com,26,Female
4734,Geordie,Ryal,gryalkd@bloomberg.com,21,M
4735,Donia,Sedgwick,dsedgwickke@go.com,60,Female
4736,Christye,Bunkle,cbunklekf@phpbb.com,30,F
4737,Janine,Pershouse,jpershousekg@tmall.com,37,Female
4738,Melva,Bisset,mbissetkh@feedburner.com,34 years,Female
4739,Tabatha,Bukac,tbukacki@t-online.de,57,Female
4740,Noemi,Lyffe,nlyffekj@youtube.com,0,
4741,Margarete,Heyfield,mheyfieldkk@typepad.com,60 years,Female
4742,Dom,Solon,dsolonkl@imageshack.us,50,Male
4743,Abelard,Gerrad,agerradkm@uol.com.br,0,Male
4744,Arte,Fernyhough,afernyhoughkn@soundcloud.com,51,M
4745,Gabrielle,Gaudin,ggaudinko@sun.com,43,Female
4746,Amble,Thrush,athrushkp@reuters.com,0,Male
4747,Sayre,Deneve,sdenevekq@ebay.com, years,Male
4748,Damian,Eberts,debertskr@wikispaces.com,52,Male
4749,Kippie,Riddles,kriddlesks@drupal.org, years,M
4750,Donia,Ranns,drannskt@amazonaws.com,61,Female
4751,Rea,Blizard,rblizardku@youtu.be,27,
4752,Robinette,Grinsted,rgrinstedkv@netlog.com,32 years,Female
4753,Shirley,Cantillon,scantillonkw@msn.com,25,Female
4754,Victoir,Yorath,vyorathkx@wikia.com,46,Male
4755,Manolo,Dinsey,mdinseyky@salon.com,55 years,Male
4756,Nester,Hincham,nhinchamkz@tiny.cc,23 years,Male
4757,Harry,Camsey,hcamseyl0@hatena.ne.jp,28,Male
4758,Benedetto,Rickersy,brickersyl1@vkontakte.ru,28,Male
4759,Gavra,De Vile,gdevilel2@tamu.edu,59,Female
4760,Ellene,Arkell,earkelll3@go.com,22 years,Female
4761,Paulina,Massow,pmassowl4@w3.org,36,Female
4762,Alix,Lurcock,alurcockl5@mozilla.org,21,Female
4763,Jerome,Dealtry,jdealtryl6@cnet.com,59 years,Male
4764,Ingram,O' Ronan,ioronanl7@taobao.com,59,Male
4765,Gilbertine,Thebeaud,gthebeaudl8@theguardian.com,32 years,Female
4766,Colman,Dobbinson,cdobbinsonl9@acquirethisname.com,58,Male
4767,Elyssa,Poppleston,epopplestonla@deliciousdays.com,65,F
4768,Xymenes,Athersmith,xathersmithlb@pbs.org,0,Male
4769,Richie,MacLennan,rmaclennanlc@domainmarket.com,58,M
4770,Leta,Gamon,lgamonld@arstechnica.com,20,Female
4771,Mikaela,Rivett,mrivettle@google.cn,28,Female
4772,Mollee,Rickeard,mrickeardlf@prlog.org,21,Female
4773,Roxana,Dozdill,rdozdilllg@google.com.hk,20,
4774,Darnall,Littlecote,dlittlecotelh@cafepress.com, years,Male
4775,Matilde,Demaid,mdemaidli@discuz.net,34 years,
4776,Heath,Kidsley,hkidsleylj@usa.gov,48,Female
4777,Lorianna,Tilzey,ltilzeylk@ycombinator.com,59,Female
4778,Anne,Keilloh,akeillohll@livejournal.com,50,F
4779,Anatola,Rachuig,arachuiglm@salon.com,39,Female
4780,Shaylynn,Pichan,spichanln@acquirethisname.com, years,Female
4781,Jarad,Giovanardi,jgiovanardilo@diigo.com,61,Male
4782,Violante,Kindley,vkindleylp@admin.ch,46,F
4783,Libbie,Mackison,lmackisonlq@usa.gov,53,Female
4784,Vincents,Skitch,vskitchlr@zimbio.com,64,Male
4785,Selene,Daily,sdailyls@nydailynews.com,0,Female
4786,Harrison,Schult,hschultlt@rediff.com,22,Male
4787,Ethelin,Collimore,ecollimorelu@oakley.com,0,
4788,Charles,Mungin,cmunginlv@alexa.com,49,Male
4789,Gasper,Tull,gtulllw@lulu.com,52 years,M
4790,Costanza,Flooks,cflookslx@google.ru,0,F
4791,Inger,Plaide,iplaidely@topsy.com,44 years,Female
4792,Corbie,Ping,cpinglz@spiegel.de,62,Male
4793,Elysee,Loftus,eloftusm0@wufoo.com,61,Female
4794,Otto,Leamon,oleamonm1@dion.ne.jp,51,Male
4795,Cyndie,Common,ccommonm2@fastcompany.com,50 years,Female
4796,Donalt,Humberston,dhumberstonm3@cam.ac.uk,18,M
4797,Loy,Lantiffe,llantiffem4@joomla.org,64,Male
4798,Jorgan,Dyas,jdyasm5@harvard.edu,52,
4799,Alina,Serman,asermanm6@businessinsider.com,37,Female
4800,Alwin,Romeo,aromeom7@theatlantic.com,35 years,Male
4801,Ignacio,Davitashvili,idavitashvilim8@google.com,54,Male
4802,Tamas,Rentcome,trentcomem9@geocities.com,32,M
4803,Curtice,Blindermann,cblindermannma@google.pl,59 years,Male
4804,Phylys,Lumsdall,plumsdallmb@pbs.org,38,F
4805,Manya,Sinkin,msinkinmc@w3.org,59 years,F
4806,Joye,Cowle,jcowlemd@umich.edu,0,Female
4807,Cecilius,St. Hill,csthillme@icq.com,27,Male
4808,Zorah,De Bellis,zdebellismf@blogger.com,49,F
4809,Ginger,Tripe,gtripemg@behance.net,35 years,M
4810,Lilah,Terrazzo,lterrazzomh@nifty.com,57,Female
4811,Jasmina,Murrum,jmurrummi@biblegateway.com,28,Female
4812,Grantham,Domke,gdomkemj@ask.com,18,Male
4813,Victoir,Francais,vfrancaismk@usgs.gov,63,Male
4814,Hilary,Barneveld,hbarneveldml@edublogs.org,54,Male
4815,Lynn,Hubery,lhuberymm@examiner.com,65,Male
4816,Pearle,Strotone,pstrotonemn@wikispaces.com,64,F
4817,Jeannette,Dilland,jdillandmo@oaic.gov.au, years,F
4818,Husain,Escreet,hescreetmp@edublogs.org,63,Male
4819,Woodrow,Casement,wcasementmq@dropbox.com,61 years,Male
4820,Amory,Bonsale,abonsalemr@technorati.com,35 years,Male
4821,Bibbye,Shermar,bshermarms@oaic.gov.au,29,Female
4822,Nigel,Porrett,nporrettmt@uol.com.br,54,Male
4823,Norah,Janauschek,njanauschekmu@twitter.com,48,Female
4824,Leyla,Siman,lsimanmv@wp.com,43,F
4825,Hammad,Hazeley,hhazeleymw@desdev.cn,18,Male
4826,Katerine,Lovejoy,klovejoymx@netvibes.com,23 years,Female
4827,Brodie,Claypoole,bclaypoolemy@over-blog.com,42 years,Male
4828,Shay,Campling,scamplingmz@ebay.com,34,Female
4829,Osbourne,Skerritt,oskerrittn0@themeforest.net,61,Male
4830,Alanah,Scriver,ascrivern1@ibm.com,52,F
4831,Susana,Astley,sastleyn2@w3.org, years,
4832,Morey,Willingam,mwillingamn3@techcrunch.com,31,Male
4833,Christan,Brabbs,cbrabbsn4@clickbank.net,61,Female
4834,Giordano,Whales,gwhalesn5@state.gov,60,
4835,Isidro,Canon,icanonn6@vk.com,25,
4836,Melicent,Goulborn,mgoulbornn7@phoca.cz,47,Female
4837,Archibaldo,Thumann,athumannn8@geocities.com,59,Male
4838,Nicolina,Barajas,nbarajasn9@ucoz.com,0,Female
4839,Rosalind,Worsnup,rworsnupna@vimeo.com,64,Female
4840,Gilemette,Heathcott,gheathcottnb@is.gd,19,
4841,Redd,Slimings,rslimingsnc@hatena.ne.jp,40,Male
4842,Vick,Tipler,vtiplernd@yellowbook.com, years,Male
4843,Zara,Purse,zpursene@mtv.com,24,Female
4844,Mil,Hobson,mhobsonnf@weebly.com,0,Female
4845,Erminie,Leemans,eleemansng@indiegogo.com,18,Female
4846,Marty,Elfes,melfesnh@chronoengine.com,42,
4847,Kiel,Abilowitz,kabilowitzni@latimes.com, years,Male
4848,Gabriel,Lundberg,glundbergnj@whitehouse.gov, years,Male
4849,Herman,Wilcot,hwilcotnk@chron.com,40,M
4850,Brenn,Abelovitz,babelovitznl@mlb.com,23,F
4851,Darline,Ducarne,dducarnenm@mozilla.org,42,Female
4852,Nerti,Scholcroft,nscholcroftnn@booking.com,21,Female
4853,Lenore,McCorrie,lmccorrieno@nba.com,51,
4854,Carlo,McRonald,cmcronaldnp@creativecommons.org,48,Male
4855,Martguerita,Peert,mpeertnq@privacy.gov.au,55,Female
4856,Wilmette,Crockford,wcrockfordnr@paypal.com,20,Female
4857,Leroi,Assad,lassadns@facebook.com,36 years,Male
4858,Sawyer,Alderwick,salderwicknt@cdc.gov,28,Male
4859,Chere,Laverenz,claverenznu@marriott.com,63 years,F
4860,Lilly,McGenis,lmcgenisnv@drupal.org,24 years,Female
4861,Meghann,Walwood,mwalwoodnw@usatoday.com,49,
4862,Sophronia,Hullyer,shullyernx@google.co.uk,34,F
4863,Dag,Rowbury,drowburyny@mysql.com,24,Male
4864,Daphene,MacAless,dmacalessnz@disqus.com,50,F
4865,Phillip,Wofenden,pwofendeno0@reddit.com,0,M
4866,Orson,Knibb,oknibbo1@about.com,23,Male
4867,Kienan,Robertelli,krobertellio2@com.com,53,M
4868,Sayre,Spivey,sspiveyo3@etsy.com,44,M
4869,Linn,Goathrop,lgoathropo4@bandcamp.com,39,Male
4870,Lyda,Bernat,lbernato5@ameblo.jp,48 years,Female
4871,Robinetta,Swannick,rswannicko6@seattletimes.com,47,
4872,Winne,Tredger,wtredgero7@xinhuanet.com,0,Female
4873,Trina,Blandamere,tblandamereo8@noaa.gov,65,F
4874,Gabriel,Reynold,greynoldo9@homestead.com,40,Male
4875,Howey,Weatherup,hweatherupoa@netlog.com,53,Male
4876,Franklin,Britt,fbrittob@csmonitor.com,19 years,
4877,Albie,Vaney,avaneyoc@constantcontact.com,39,M
4878,Randie,Hebbard,rhebbardod@cisco.com,0,Male
4879,Cosme,Rounding,croundingoe@techcrunch.com,61,Male
4880,Catarina,Fairbrace,cfairbraceof@photobucket.com,29,Female
4881,Rickert,Spink,rspinkog@etsy.com,63,Male
4882,Portie,Yakobowitch,pyakobowitchoh@mayoclinic.com,55,Male
4883,Shaughn,Gillaspy,sgillaspyoi@blogs.com,29,Male
4884,Ric,Waudby,rwaudbyoj@yale.edu,25,Male
4885,Tyne,Gibberd,tgibberdok@wufoo.com,43 years,Female
4886,Goldarina,Vigneron,gvigneronol@latimes.com, years,Female
4887,Raff,Drewes,rdrewesom@mlb.com,0,Male
4888,Gerianne,Girardoni,ggirardonion@sbwire.com,31,Female
4889,Jean,Ruddell,jruddelloo@archive.org,32,F
4890,Hunter,Grollmann,hgrollmannop@dailymail.co.uk,48 years,Male
4891,Amii,Bruff,abruffoq@webmd.com,0,Female
4892,Lonna,Elgar,lelgaror@msu.edu,33,Female
4893,Les,Carty,lcartyos@wufoo.com, years,Male
4894,Corena,Dunsire,cdunsireot@360.cn,65,F
4895,Christen,Hamp,champou@wikia.com,40,Female
4896,Valma,O'Concannon,voconcannonov@illinois.edu,27,Female
4897,Denise,Bierling,dbierlingow@moonfruit.com,40 years,Female
4898,Trip,Slyne,tslyneox@indiegogo.com,40,
4899,Clyve,Allcroft,callcroftoy@springer.com,37,
4900,Jock,Tatnell,jtatnelloz@wordpress.com,29,Male
4901,Kipp,Hewertson,khewertsonp0@dion.ne.jp,38,Female
4902,Leroy,Schimon,lschimonp1@shareasale.com,0,Male
4903,Dermot,Adrain,dadrainp2@loc.gov,55,Male
4904,Goddart,Goshawk,ggoshawkp3@dagondesign.com,0,M
4905,Meir,Sayburn,msayburnp4@dropbox.com,49,Male
4906,Thibaut,Capner,tcapnerp5@blogspot.com,39,
4907,Killian,Gumby,kgumbyp6@apache.org,24 years,M
4908,Emelia,Savil,esavilp7@illinois.edu,41,Female
4909,Chrisse,Zavattiero,czavattierop8@pen.io,38,M
4910,Sean,Bedome,sbedomep9@un.org,34,
4911,Phyllida,Wayvill,pwayvillpa@businessinsider.com,28,Female
4912,Carmine,Tregaskis,ctregaskispb@archive.org,42,Male
4913,Daisie,Patkin,dpatkinpc@japanpost.jp, years,Female
4914,Ahmad,Loddon,aloddonpd@whitehouse.gov,48 years,Male
4915,Bella,Mart,bmartpe@cloudflare.com,38,F
4916,Susi,Bretherton,sbrethertonpf@webnode.com,45 years,Female
4917,Hersch,Dormand,hdormandpg@csmonitor.com,58,
4918,Koenraad,Rumbellow,krumbellowph@discuz.net,36,Male
4919,Emma,Scrace,escracepi@google.com.hk,0,
4920,Hanni,Maldin,hmaldinpj@qq.com,0,F
4921,Lynette,Northill,lnorthillpk@godaddy.com,0,Female
4922,Harp,Jenk,hjenkpl@ox.ac.uk,21 years,M
4923,Melisande,Haylor,mhaylorpm@cdc.gov,37 years,Female
4924,Peterus,Schoenrock,pschoenrockpn@blogger.com,54,Male
4925,Gerhardt,Swindlehurst,gswindlehurstpo@discovery.com,54,Male
4926,Stanfield,Sall,ssallpp@apache.org,25,M
4927,Jackqueline,Donner,jdonnerpq@spotify.com,0,Female
4928,Sosanna,Prandi,sprandipr@ucoz.ru,47 years,Female
4929,Dagny,Hethron,dhethronps@virginia.edu,48,Male
4930,Esma,Bergstram,ebergstrampt@ocn.ne.jp,57,F
4931,Daffie,Wain,dwainpu@ask.com,0,F
4932,Kittie,Ayerst,kayerstpv@microsoft.com,0,Female
4933,Annabela,McCosh,amccoshpw@woothemes.com,31,Female
4934,Denna,Perree,dperreepx@taobao.com,42,Female
4935,Aurel,Petren,apetrenpy@reference.com,56,Female
4936,Caresa,Jeannel,cjeannelpz@photobucket.com,49,Female
4937,Riki,Hitzke,rhitzkeq0@myspace.com,22 years,Female
4938,Bevon,Jeggo,bjeggoq1@wordpress.org,52,Male
4939,Heall,Boyles,hboylesq2@cargocollective.com,52,Male
4940,Gamaliel,Solon,gsolonq3@netscape.com,0,M
4941,Randall,Unstead,runsteadq4@utexas.edu,24 years,Male
4942,Kin,Ammer,kammerq5@yellowbook.com,49,M
4943,Harlie,Maffey,hmaffeyq6@ftc.gov,30,Female
4944,Lark,Minney,lminneyq7@walmart.com,43,Female
4945,Aldous,Sheryne,asheryneq8@weebly.com,36,Male
4946,Jo-anne,Stalf,jstalfq9@webnode.com,21,Female
4947,Martha,Sandes,msandesqa@jigsy.com,41 years,
4948,Zachery,Crone,zcroneqb@whitehouse.gov,59,Male
4949,Rab,Francescone,rfrancesconeqc@cnet.com,24 years,Male
4950,Adi,Dumingos,adumingosqd@ucoz.ru,24,Female
4951,Judi,Pennino,jpenninoqe@cnn.com,59,Female
4952,Lizette,Pennigar,lpennigarqf@purevolume.com,46,
4953,Briney,Werner,bwernerqg@usda.gov,41 years,Female
4954,Aindrea,Stapels,astapelsqh@edublogs.org,24,F
4955,Terry,Trathen,ttrathenqi@addtoany.com,62 years,M
4956,Pavel,Sandwich,psandwichqj@deliciousdays.com,50,Male
4957,Levey,Byfford,lbyffordqk@gov.uk,54,M
4958,Dyane,Napper,dnapperql@g.co,0,F
4959,Iormina,Denys,idenysqm@lulu.com,52,Female
4960,Michelina,Surphliss,msurphlissqn@tamu.edu,0,
4961,Bonny,Matys,bmatysqo@etsy.com,45 years,Female
4962,Gaven,Bakesef,gbakesefqp@dropbox.com,50 years,Male
4963,Alastair,Bagster,abagsterqq@shop-pro.jp,61,Male
4964,Quintin,Atthowe,qatthoweqr@bandcamp.com,56,Male
4965,Brion,Featherstonhalgh,bfeatherstonhalghqs@msu.edu,35 years,Male
4966,Garey,Klyner,gklynerqt@domainmarket.com,51,Male
4967,Padget,Louche,plouchequ@moonfruit.com,42 years,Male
4968,Culley,Sket,csketqv@state.tx.us,64 years,Male
4969,Gus,Garthside,ggarthsideqw@foxnews.com,39,Female
4970,Freddi,Splevins,fsplevinsqx@usgs.gov,42,
4971,Tailor,Vosse,tvosseqy@sciencedaily.com,29 years,M
4972,Nannie,Wheeliker,nwheelikerqz@amazon.com,33,
4973,Mikey,Hodgin,mhodginr0@hatena.ne.jp,55,M
4974,Westleigh,Pace,wpacer1@usa.gov,45,
4975,Terrel,Mengue,tmenguer2@rambler.ru,28,
4976,Fara,Lipscombe,flipscomber3@chron.com,38 years,Female
4977,Collie,Sikorski,csikorskir4@illinois.edu,56,F
4978,Cissy,Godlee,cgodleer5@telegraph.co.uk,49,Female
4979,Aurie,Klimushev,aklimushevr6@nps.gov,36 years,F
4980,Cecilio,Cicutto,ccicuttor7@theglobeandmail.com,60 years,Male
4981,Xenia,Arnao,xarnaor8@i2i.jp,45,Female
4982,Bengt,Kauffman,bkauffmanr9@google.pl,49,Male
4983,Mignon,O'Deegan,modeeganra@dion.ne.jp,24,Female
4984,Alfy,Pozer,apozerrb@dyndns.org,0,Female
4985,Yoshiko,Kibbey,ykibbeyrc@dyndns.org,43 years,Female
4986,Melony,Temporal,mtemporalrd@virginia.edu,48,Female
4987,Aggie,Arstall,aarstallre@alibaba.com,64,Female
4988,Farlay,Dalli,fdallirf@meetup.com,31,Male
4989,Baxie,Dine-Hart,bdinehartrg@cdc.gov,33,Male
4990,Mercie,Heinert,mheinertrh@chronoengine.com,28 years,Female
4991,Jonie,Jefferys,jjefferysri@bandcamp.com,50,Female
4992,Karlens,Finci,kfincirj@oaic.gov.au,25,Male
4993,Hermine,Loines,hloinesrk@gov.uk,62,F
4994,Raine,Kencott,rkencottrl@prweb.com,55,Female
4995,Derrik,Thornham,dthornhamrm@netvibes.com,44,Male
4996,Liane,Rymour,lrymourrn@imgur.com,44,F
4997,Mirabella,Shottin,mshottinro@irs.gov,22,F
4998,Anselma,Grayham,agrayhamrp@ted.com,22,Female
4999,Abran,Putnam,aputnamrq@livejournal.com,28,Male
5000,Ella,Pyffe,epyfferr@wufoo.com,61 years,Female
5001,Zarla,Boow,zboow0@canalblog.com,0,
5002,Humberto,Coytes,hcoytes1@furl.net,54,M
5003,Salvatore,Heeney,sheeney2@ihg.com,45 years,M
5004,Hayward,Celes,hceles3@4shared.com,50 years,Male
5005,Ange,Northcliffe,anorthcliffe4@gizmodo.com,25,Female
5006,Morten,Skellorne,mskellorne5@europa.eu,62,
5007,Ediva,Duerdin,eduerdin6@nih.gov,61,
5008,Kendricks,Heindrick,kheindrick7@dailymail.co.uk,41,Male
5009,Clemmy,Cripwell,ccripwell8@indiegogo.com,28,Male
5010,Tobe,Kenward,tkenward9@sogou.com,33 years,F
5011,Neall,Tant,ntanta@meetup.com,33 years,
5012,Shalna,Baylis,sbaylisb@hud.gov,62 years,
5013,Abbye,Worgan,aworganc@boston.com,49 years,Female
5014,Garwood,Waddup,gwaddupd@cargocollective.com,49,Male
5015,Iggy,Marte,imartee@omniture.com,38,Male
5016,Archie,Pavese,apavesef@devhub.com,40,
5017,Paige,Potteridge,ppotteridgeg@1und1.de,48 years,F
5018,Wadsworth,Caseley,wcaseleyh@spotify.com,0,Male
5019,Silvain,Ruckert,sruckerti@netscape.com,23,Male
5020,Shay,Ketton,skettonj@list-manage.com,28 years,M
5021,Waverley,Wethers,wwethersk@soup.io,63,Male
5022,Reese,Abbots,rabbotsl@gravatar.com,35,Male
5023,Maritsa,Christoffels,mchristoffelsm@booking.com,41,Female
5024,Odele,Longthorn,olongthornn@google.co.jp,38,
5025,Darlleen,Cleiment,dcleimento@reddit.com,48,Female
5026,Pierce,Pendlebery,ppendleberyp@cbc.ca,65,M
5027,Enrika,Causbey,ecausbeyq@nps.gov,36,Female
5028,Alberta,Elliott,aelliottr@meetup.com,30 years,Female
5029,Dominic,Rowet,drowets@google.com,27,M
5030,Farrel,Leacy,fleacyt@reference.com,33,Male
5031,Ian,Di Biaggi,idibiaggiu@ow.ly,47,Male
5032,Ruggiero,Pawelczyk,rpawelczykv@ftc.gov,46,
5033,Ives,Renfield,irenfieldw@usgs.gov,64 years,Male
5034,Gusty,Werny,gwernyx@opensource.org,36,F
5035,Karisa,Hargroves,khargrovesy@rakuten.co.jp,34,
5036,Immanuel,Faucherand,ifaucherandz@quantcast.com,32,
5037,Jefferson,Sheryne,jsheryne10@vk.com,54,Male
5038,Micheal,Daverin,mdaverin11@craigslist.org,54,Male
5039,Brina,Blowes,bblowes12@bbb.org,35,F
5040,Muffin,Fisbburne,mfisbburne13@google.nl,33,Male
5041,Cosme,Domelow,cdomelow14@auda.org.au,0,M
5042,Val,Enderlein,venderlein15@yellowpages.com,46,F
5043,Ermin,Hatchard,ehatchard16@linkedin.com,30,Male
5044,Leilah,Messager,lmessager17@businessinsider.com,30,Female
5045,Cheryl,Silman,csilman18@trellian.com, years,Female
5046,Leese,Avrashin,lavrashin19@twitter.com,61 years,F
5047,Bren,Corona,bcorona1a@slate.com,31,Female
5048,Don,Colthard,dcolthard1b@tiny.cc,48 years,Male
5049,Arliene,Twinborough,atwinborough1c@xing.com,61,Female
5050,Doralyn,D'Acth,ddacth1d@vk.com,42,Female
5051,Randall,Joyner,rjoyner1e@amazonaws.com,42,Male
5052,Antony,Ciccottio,aciccottio1f@google.ca,31 years,Male
5053,Wynnie,Luxon,wluxon1g@g.co,54,Female
5054,Bennie,Hanretty,bhanretty1h@huffingtonpost.com,0,M
5055,Melodee,Flitcroft,mflitcroft1i@disqus.com,18,Female
5056,Skippie,Darinton,sdarinton1j@dell.com,52,Male
5057,Giacomo,Greasty,ggreasty1k@instagram.com,0,Male
5058,Artemis,Warrior,awarrior1l@bandcamp.com,57,Male
5059,Eliot,Schneidau,eschneidau1m@sun.com,56,Male
5060,Christin,Tysack,ctysack1n@lycos.com,42 years,F
5061,Klara,Reisin,kreisin1o@networkadvertising.org,50,
5062,Margery,Friel,mfriel1p@microsoft.com,38,F
5063,Arlina,Tanser,atanser1q@java.com,40,Female
5064,Carolyne,Hospital,chospital1r@slideshare.net,20 years,Female
5065,Coralie,McGiffin,cmcgiffin1s@hubpages.com,43,Female
5066,Rahel,Adenot,radenot1t@cmu.edu,35 years,Female
5067,Teddy,Banton,tbanton1u@wikipedia.org,28,Male
5068,Chadd,Feldstern,cfeldstern1v@ihg.com,21,M
5069,Rosabelle,Couldwell,rcouldwell1w@independent.co.uk,52,Female
5070,Terry,Stithe,tstithe1x@nsw.gov.au,33 years,Male
5071,Leo,Palombi,lpalombi1y@seattletimes.com,0,M
5072,Ingaborg,Wall,iwall1z@odnoklassniki.ru,26,Female
5073,Marchall,Odger,modger20@marketwatch.com,21,
5074,Merell,Marval,mmarval21@hubpages.com,49,M
5075,Adria,Wipfler,awipfler22@hostgator.com,46,Female
5076,Roxane,Lessmare,rlessmare23@storify.com,18,Female
5077,Hughie,McCulley,hmcculley24@bloglovin.com,38,
5078,Rubia,Caw,rcaw25@fastcompany.com,31,Female
5079,Iris,Eames,ieames26@spotify.com,33 years,Female
5080,Marlene,Cours,mcours27@pbs.org,57,Female
5081,Murielle,Leatt,mleatt28@mtv.com,0,Female
5082,Kippie,Alldridge,kalldridge29@newyorker.com,53,Female
5083,Seward,Harlow,sharlow2a@163.com,41,
5084,Sophie,Rawlison,srawlison2b@cyberchimps.com,54,
5085,Margarete,Bendin,mbendin2c@springer.com,36,Female
5086,Lorrayne,Eyden,leyden2d@meetup.com,53,F
5087,Amalee,Franken,afranken2e@newsvine.com,21,Female
5088,Maible,Brouard,mbrouard2f@sfgate.com,61,Female
5089,Cherry,Jone,cjone2g@stanford.edu,29,Female
5090,Benji,Tondeur,btondeur2h@columbia.edu,18,Male
5091,Adelaide,Dawson,adawson2i@toplist.cz,32 years,Female
5092,Kay,MacMechan,kmacmechan2j@wp.com,21,F
5093,Marje,Marsden,mmarsden2k@nytimes.com,45,Female
5094,Winny,Lardeur,wlardeur2l@si.edu,24,Male
5095,Byram,Osmant,bosmant2m@biblegateway.com,0,M
5096,Phineas,Gianettini,pgianettini2n@list-manage.com,57 years,Male
5097,Neville,Bertelsen,nbertelsen2o@tiny.cc,60 years,Male
5098,Blakeley,Sleicht,bsleicht2p@flavors.me,57 years,
5099,Edwina,Kemery,ekemery2q@xinhuanet.com,30,Female
5100,Verena,Arbuckel,varbuckel2r@issuu.com,38,Female
5101,Willamina,Wake,wwake2s@dropbox.com,39,
5102,Ruthann,Gregoraci,rgregoraci2t@bravesites.com,0,Female
5103,Aube,Spillman,aspillman2u@un.org,27 years,Male
5104,Lenee,Wootton,lwootton2v@phpbb.com,47 years,F
5105,Annelise,Waghorne,awaghorne2w@seesaa.net,32,
5106,Mirilla,Lant,mlant2x@mlb.com,43,Female
5107,Thaxter,Galvan,tgalvan2y@huffingtonpost.com,49,Male
5108,Alvin,Konke,akonke2z@archive.org,29,M
5109,Melantha,Cooke,mcooke30@imgur.com, years,Female
5110,Hastie,Stollmeier,hstollmeier31@google.pl,28,
5111,Clarence,Kliement,ckliement32@foxnews.com,32,M
5112,Tina,Paolo,tpaolo33@fda.gov,0,Female
5113,Syd,Pickersail,spickersail34@geocities.jp,0,Male
5114,Denice,Stollwerck,dstollwerck35@dell.com,50 years,Female
5115,Maegan,Bleibaum,mbleibaum36@wordpress.com,25,F
5116,Simona,Bowmen,sbowmen37@amazon.com, years,Female
5117,Jaquenetta,Durward,jdurward38@over-blog.com,30,F
5118,Paulo,Spenley,pspenley39@shop-pro.jp,44,Male
5119,Kizzee,Chapling,kchapling3a@shop-pro.jp,0,Female
5120,Alick,Maywood,amaywood3b@live.com,0,M
5121,Colby,Richie,crichie3c@berkeley.edu,40,M
5122,Ephraim,Putley,eputley3d@netscape.com,27,Male
5123,Nowell,Fryman,nfryman3e@wordpress.org,60,Male
5124,Tiebout,Haldenby,thaldenby3f@clickbank.net,48 years,Male
5125,Sayre,Pearcey,spearcey3g@webmd.com,49,Female
5126,Budd,Dodswell,bdodswell3h@mit.edu,0,M
5127,Aile,Lohoar,alohoar3i@alibaba.com,28,Female
5128,Val,Casetta,vcasetta3j@1688.com,39,Male
5129,Cindelyn,Lintin,clintin3k@statcounter.com,49,Female
5130,Chrisy,Pucknell,cpucknell3l@biblegateway.com,0,M
5131,Loralee,Hanretty,lhanretty3m@fda.gov,30,Female
5132,Yolane,Crottagh,ycrottagh3n@plala.or.jp,51,Female
5133,Myrvyn,Corrado,mcorrado3o@so-net.ne.jp,64,Male
5134,Renate,Coonan,rcoonan3p@uiuc.edu,34,Female
5135,Joannes,Atwool,jatwool3q@mashable.com,41,Female
5136,Corby,Champain,cchampain3r@ucsd.edu,51,Male
5137,Kristo,Mathonnet,kmathonnet3s@vinaora.com,33,M
5138,Karylin,Curzey,kcurzey3t@trellian.com,63 years,Female
5139,Rosella,Dermot,rdermot3u@cloudflare.com,24,
5140,Timothee,Giffard,tgiffard3v@4shared.com,0,Male
5141,Shaun,Toppas,stoppas3w@miibeian.gov.cn,63,Male
5142,Morgan,Secombe,msecombe3x@wunderground.com,35 years,Female
5143,Winonah,Mattiazzo,wmattiazzo3y@seesaa.net,27,Female
5144,Hoyt,Wesson,hwesson3z@unesco.org,0,Male
5145,Northrop,Shelmardine,nshelmardine40@goo.ne.jp,26,Male
5146,Mal,Clemenzo,mclemenzo41@blogtalkradio.com,60,Male
5147,Camella,Krug,ckrug42@twitter.com,49,Female
5148,Chere,Duguid,cduguid43@smh.com.au,59,F
5149,Merilee,Standing,mstanding44@oakley.com,62,Female
5150,Diana,Pampling,dpampling45@businessinsider.com,22,Female
5151,Babs,Lauridsen,blauridsen46@census.gov,61,Female
5152,Arleyne,Dreghorn,adreghorn47@xrea.com,48 years,Female
5153,Paige,Boame,pboame48@hhs.gov,33 years,Male
5154,Winifield,Winsom,wwinsom49@surveymonkey.com,0,
5155,Debee,Bilston,dbilston4a@cisco.com,36,
5156,Davine,Gaydon,dgaydon4b@amazon.com,38,F
5157,Giulia,Daskiewicz,gdaskiewicz4c@ehow.com,25,Female
5158,Mirabelle,Belderson,mbelderson4d@wordpress.org,48,Female
5159,Christy,Fannin,cfannin4e@flickr.com,27,
5160,Tandi,Rothermel,trothermel4f@flickr.com,41 years,F
5161,Udall,Lewnden,ulewnden4g@miitbeian.gov.cn,0,Male
5162,Geno,Sheriff,gsheriff4h@list-manage.com,27,M
5163,Leanora,Levi,llevi4i@eventbrite.com,36,F
5164,Darin,Rominov,drominov4j@wiley.com,43,
5165,Farley,Welbeck,fwelbeck4k@skyrock.com,49 years,Male
5166,Virginie,Ginman,vginman4l@quantcast.com, years,Female
5167,Alica,Gabbot,agabbot4m@reverbnation.com,53 years,Female
5168,Danika,Konrad,dkonrad4n@lycos.com,30,F
5169,Trefor,Capron,tcapron4o@umich.edu,53,Male
5170,Crystal,Strippel,cstrippel4p@eepurl.com,19,Female
5171,Ethelin,Griffey,egriffey4q@msu.edu,64,F
5172,Hadleigh,Andreas,handreas4r@nasa.gov,55 years,Male
5173,Janetta,Peploe,jpeploe4s@nytimes.com, years,
5174,Sanderson,Laingmaid,slaingmaid4t@clickbank.net,0,Male
5175,Trula,Kepe,tkepe4u@wsj.com,22,Female
5176,Brittney,Becket,bbecket4v@earthlink.net,35 years,Female
5177,Junia,Kik,jkik4w@intel.com,27 years,Female
5178,Trefor,Mimmack,tmimmack4x@discuz.net,29,
5179,Bartholomew,Hickisson,bhickisson4y@thetimes.co.uk,41,Male
5180,Brade,Aimable,baimable4z@cloudflare.com,38 years,Male
5181,Petr,Dominicacci,pdominicacci50@drupal.org,34,Male
5182,Munmro,Navarre,mnavarre51@lycos.com,22,Male
5183,Larisa,Munkley,lmunkley52@studiopress.com,28 years,Female
5184,Fabiano,Paynton,fpaynton53@statcounter.com,24 years,M
5185,Berk,De Coursey,bdecoursey54@google.co.uk,41 years,Male
5186,Deidre,Carillo,dcarillo55@who.int,19,Female
5187,Friedrich,Muckersie,fmuckersie56@umich.edu,46 years,Male
5188,Christel,Wise,cwise57@wikimedia.org,22,F
5189,Rosella,Matuska,rmatuska58@amazon.com,41,F
5190,Zacherie,Dugall,zdugall59@free.fr,50,Male
5191,Beitris,Treverton,btreverton5a@hhs.gov,65,Female
5192,Jocko,Havile,jhavile5b@netscape.com,61,M
5193,Birch,Cronin,bcronin5c@mashable.com,43,Male
5194,Enriqueta,Harmston,eharmston5d@marketwatch.com,60,F
5195,Siusan,Marjot,smarjot5e@blogtalkradio.com,20,Female
5196,Jabez,Menghi,jmenghi5f@yahoo.com,57,
5197,Gregor,Dury,gdury5g@hubpages.com,50,Male
5198,Cris,Llewellen,cllewellen5h@sun.com,44,Female
5199,Kenna,Todari,ktodari5i@mayoclinic.com,0,Female
5200,Jilly,Iwanowski,jiwanowski5j@epa.gov,31 years,Female
5201,Lacie,Donn,ldonn5k@tripadvisor.com,52,
5202,Josefina,Epdell,jepdell5l@un.org,52,Female
5203,Lauraine,Hegel,lhegel5m@whitehouse.gov,51,Female
5204,Nat,Fallis,nfallis5n@army.mil,23,Male
5205,Marcelline,Gammie,mgammie5o@creativecommons.org,0,
5206,Kevan,Jarvie,kjarvie5p@360.cn,24,
5207,Nertie,Caslin,ncaslin5q@joomla.org,45,F
5208,Salem,Featherston,sfeatherston5r@cbc.ca,21,Male
5209,Jules,Scarrisbrick,jscarrisbrick5s@freewebs.com,22 years,Male
5210,Ronald,Coldham,rcoldham5t@unc.edu,32,Male
5211,Fremont,Jones,fjones5u@exblog.jp,0,Male
5212,Leif,Veracruysse,lveracruysse5v@businesswire.com,51,Male
5213,Stacie,Kubes,skubes5w@reddit.com,41,Female
5214,Cate,Farguhar,cfarguhar5x@prlog.org,63,Female
5215,Ivar,Storms,istorms5y@feedburner.com,30,Male
5216,Gabbie,Dunning,gdunning5z@walmart.com,24,Male
5217,Felecia,Smalridge,fsmalridge60@pcworld.com,29,Female
5218,Herb,Ramelet,hramelet61@cdbaby.com,40,Male
5219,Iggy,Sinnat,isinnat62@soup.io, years,Male
5220,Allis,Charpin,acharpin63@printfriendly.com,63,Female
5221,Lillian,Putnam,lputnam64@bravesites.com,44,
5222,Clarey,Buffin,cbuffin65@columbia.edu,0,Female
5223,Dalenna,Tutsell,dtutsell66@t-online.de,52 years,Female
5224,Rory,Aiskovitch,raiskovitch67@cargocollective.com,57,Male
5225,Joelly,Cahillane,jcahillane68@vkontakte.ru,56,Female
5226,Sibbie,Cannon,scannon69@mtv.com,52,
5227,Peyter,Lackeye,plackeye6a@gizmodo.com,0,Male
5228,Cyndy,Devonald,cdevonald6b@goodreads.com,28 years,Female
5229,Anstice,Hearst,ahearst6c@ow.ly,41,Female
5230,Gretna,Bartley,gbartley6d@psu.edu,39,Female
5231,Batholomew,Molineaux,bmolineaux6e@naver.com,18 years,Male
5232,Enrika,Stanworth,estanworth6f@seattletimes.com,65,Female
5233,Christen,MacHoste,cmachoste6g@loc.gov,0,Female
5234,Chaddie,Herion,cherion6h@oaic.gov.au,50,Male
5235,Rodolphe,Jacobsson,rjacobsson6i@posterous.com,30,Male
5236,Bee,Ascraft,bascraft6j@taobao.com,28,
5237,Junia,Colborn,jcolborn6k@nymag.com,21,
5238,Dennie,Acory,dacory6l@wikispaces.com,0,
5239,Lucy,Knightsbridge,lknightsbridge6m@live.com,52,Female
5240,Leonard,Bauman,lbauman6n@last.fm,19,Male
5241,Raphael,Legendre,rlegendre6o@nba.com,55,Male
5242,Goldarina,Cornels,gcornels6p@ed.gov,0,Female
5243,Tobit,Nottle,tnottle6q@si.edu,56 years,M
5244,Nata,Brereton,nbrereton6r@icio.us,0,Female
5245,Caritta,Alexis,calexis6s@cnet.com,34,F
5246,Rena,Pilsworth,rpilsworth6t@dailymail.co.uk,64 years,Female
5247,Alastair,Fitzsymons,afitzsymons6u@wix.com,0,Male
5248,Marin,Swaden,mswaden6v@craigslist.org,0,F
5249,Taddeo,Dankov,tdankov6w@storify.com,22,Male
5250,Tracy,Hehir,thehir6x@cnn.com,0,Male
5251,Emmalyn,McLuckie,emcluckie6y@qq.com,40,Female
5252,Sandy,Paxforde,spaxforde6z@addtoany.com, years,Male
5253,Yuma,Pack,ypack70@arizona.edu,54 years,Male
5254,Stephi,Marchington,smarchington71@theatlantic.com,32,Female
5255,Ber,De Vere,bdevere72@mapy.cz,30,Male
5256,Duff,Sherwood,dsherwood73@cnet.com,65,Male
5257,Kaja,Hardey,khardey74@nature.com,34,Female
5258,Emmerich,Benettolo,ebenettolo75@cloudflare.com,54,Male
5259,Clerc,Wroe,cwroe76@mapy.cz,56,Male
5260,Nessi,Girardez,ngirardez77@privacy.gov.au,35,F
5261,Irving,Shropshire,ishropshire78@unicef.org,63,Male
5262,Bert,Warwicker,bwarwicker79@acquirethisname.com,27,
5263,Paxton,Fishlock,pfishlock7a@4shared.com,58,M
5264,Howey,Stodit,hstodit7b@craigslist.org,51,M
5265,Silvanus,Pennino,spennino7c@pbs.org,56 years,Male
5266,Monroe,Halloway,mhalloway7d@furl.net,47,Male
5267,Petra,Brashaw,pbrashaw7e@reverbnation.com,23,Female
5268,Bonita,Tyson,btyson7f@yelp.com,50,
5269,Winfred,Boner,wboner7g@cafepress.com,60,M
5270,Rosella,Robilliard,rrobilliard7h@prweb.com,0,Female
5271,Meghan,Widdecombe,mwiddecombe7i@parallels.com,65,Female
5272,Fairfax,Brierly,fbrierly7j@woothemes.com,21,Male
5273,Maynord,Yarn,myarn7k@tumblr.com,31,Male
5274,Giralda,Rahl,grahl7l@hugedomains.com,18,
5275,Rosmunda,Coston,rcoston7m@smh.com.au,65,Female
5276,Seth,Beaze,sbeaze7n@msu.edu,51,Male
5277,Blanche,Broadis,bbroadis7o@tamu.edu,57,Female
5278,Lilas,Cullotey,lcullotey7p@shop-pro.jp,22,Female
5279,Lisa,Scrowby,lscrowby7q@redcross.org,27,Female
5280,Jonah,Hearl,jhearl7r@google.ca,56,Male
5281,Maurise,Westgate,mwestgate7s@nba.com,52,M
5282,Sal,Sanper,ssanper7t@home.pl,0,Male
5283,Terri,Dahler,tdahler7u@networksolutions.com,59,M
5284,Kenton,Filimore,kfilimore7v@rambler.ru,32,M
5285,Natalina,Potkin,npotkin7w@newsvine.com,35,F
5286,Doralin,Meneur,dmeneur7x@ustream.tv,62,Female
5287,Gerri,Libbe,glibbe7y@myspace.com,0,Male
5288,Killie,Vinecombe,kvinecombe7z@dell.com,28,Male
5289,Wilek,Lidster,wlidster80@elpais.com,22,
5290,Barty,Creeghan,bcreeghan81@bravesites.com,33,Male
5291,Hurley,Cosbey,hcosbey82@go.com,0,M
5292,Andra,Yoselevitch,ayoselevitch83@guardian.co.uk,48,Female
5293,Doug,Weadick,dweadick84@theglobeandmail.com,63,Male
5294,Lois,Melmoth,lmelmoth85@cdc.gov,39,
5295,Jermaine,Stonuary,jstonuary86@tmall.com,47 years,Male
5296,Fraser,Hatz,fhatz87@cafepress.com,22,Male
5297,Kinnie,Goodhall,kgoodhall88@oakley.com,47,Male
5298,Seka,Bestwick,sbestwick89@paginegialle.it, years,Female
5299,Armando,Towner,atowner8a@ycombinator.com,50,Male
5300,Sylvan,Thoday,sthoday8b@cargocollective.com,36 years,Male
5301,Blondie,Rusted,brusted8c@nps.gov,52,
5302,Patrice,O'Devey,podevey8d@technorati.com,59,Male
5303,Hilarius,Beseke,hbeseke8e@tinyurl.com,29,Male
5304,Patty,Cadogan,pcadogan8f@timesonline.co.uk,60,Male
5305,Sloane,Chaperlin,schaperlin8g@technorati.com,50,Male
5306,Obadias,Renachowski,orenachowski8h@eepurl.com,28,Male
5307,Shena,Garnham,sgarnham8i@youtu.be,24 years,Female
5308,Aloysius,Edinburgh,aedinburgh8j@4shared.com,59 years,M
5309,Lin,Gowthrop,lgowthrop8k@china.com.cn,18,M
5310,Goldi,Weekes,gweekes8l@fc2.com,62,Female
5311,Evyn,O'Noland,eonoland8m@so-net.ne.jp,49,Male
5312,Caitlin,Balducci,cbalducci8n@spiegel.de,61 years,F
5313,Vasily,Faithorn,vfaithorn8o@ocn.ne.jp,49,Male
5314,Sapphira,Rodriguez,srodriguez8p@ucsd.edu,49,Female
5315,Lilian,Morewood,lmorewood8q@upenn.edu,48 years,Female
5316,Melany,Eyden,meyden8r@economist.com,20,Female
5317,Randee,Hought,rhought8s@wikipedia.org,55,Female
5318,Celestyna,Figgures,cfiggures8t@eventbrite.com,0,
5319,Dewain,McCowan,dmccowan8u@tuttocitta.it, years,Male
5320,Nona,Bunford,nbunford8v@shinystat.com,57,Female
5321,Bourke,Wildey,bwildey8w@bbc.co.uk,65,Male
5322,Cissy,Hallgate,challgate8x@mapquest.com,22,F
5323,Koral,Hallgalley,khallgalley8y@slate.com,48,Female
5324,Waring,Netti,wnetti8z@gravatar.com,31,Male
5325,Ethe,Taye,etaye90@usatoday.com,59 years,Male
5326,Francisco,Blockley,fblockley91@prlog.org,44 years,M
5327,Billi,Ponder,bponder92@ed.gov,0,Female
5328,Virginie,Detheridge,vdetheridge93@oaic.gov.au,20,Female
5329,Erek,Adamowitz,eadamowitz94@utexas.edu,21,
5330,Rebbecca,O' Loughran,roloughran95@businessweek.com,33,Female
5331,Ashien,Hoopper,ahoopper96@1und1.de,0,Female
5332,Hoyt,Caldecutt,hcaldecutt97@symantec.com,19,Male
5333,Katusha,Rigglesford,krigglesford98@desdev.cn,60,Female
5334,Issiah,Conklin,iconklin99@buzzfeed.com,25,Male
5335,Washington,Capaldi,wcapaldi9a@earthlink.net,42,M
5336,Thomas,Lorrain,tlorrain9b@theguardian.com,0,M
5337,Biddie,Poleykett,bpoleykett9c@moonfruit.com,43,Female
5338,Keefer,Kristoffersson,kkristoffersson9d@home.pl,53,Male
5339,Biddie,Feye,bfeye9e@ow.ly,62,Female
5340,Teddi,Kyncl,tkyncl9f@youtu.be,47,Female
5341,Alley,Ondracek,aondracek9g@tinyurl.com,33,Male
5342,Rudolph,Trail,rtrail9h@wisc.edu,27,Male
5343,Ignacio,Schirach,ischirach9i@un.org,59,Male
5344,Merrill,Slyvester,mslyvester9j@cnbc.com,48,Female
5345,Feodor,Dougal,fdougal9k@xinhuanet.com,46,Male
5346,Siward,Halsted,shalsted9l@blogger.com,39,Male
5347,Melloney,Davydenko,mdavydenko9m@infoseek.co.jp,57 years,
5348,Jermaine,Rogez,jrogez9n@studiopress.com, years,Male
5349,Humfrid,Castagneri,hcastagneri9o@photobucket.com,25,
5350,Frederique,Argente,fargente9p@nymag.com,59,Female
5351,Guglielma,Antuk,gantuk9q@loc.gov,47,Female
5352,Dulcea,Grabert,dgrabert9r@pcworld.com,39,Female
5353,Agustin,Menco,amenco9s@seattletimes.com,55 years,M
5354,Freda,Rawlinson,frawlinson9t@google.co.jp,22,Female
5355,Dory,Claussen,dclaussen9u@unc.edu,26,
5356,Vasilis,Haggus,vhaggus9v@etsy.com,38,Male
5357,Eugenia,Maunder,emaunder9w@list-manage.com,37,Female
5358,Stanford,Cobbin,scobbin9x@google.com.br,19 years,Male
5359,Armstrong,Wollacott,awollacott9y@creativecommons.org,50,Male
5360,Mathe,Braxay,mbraxay9z@economist.com,53,Male
5361,Annmarie,Moneypenny,amoneypennya0@over-blog.com,28,Female
5362,Cele,Richten,crichtena1@redcross.org,44,Female
5363,Kane,Stapford,kstapforda2@ihg.com,29,Male
5364,Bette-ann,Drohun,bdrohuna3@ftc.gov,46,Female
5365,Korella,Beartup,kbeartupa4@163.com,64,F
5366,Gerri,Gummary,ggummarya5@cnet.com, years,Male
5367,Shelbi,Maguire,smaguirea6@icq.com,57,Female
5368,Dunn,Errett,derretta7@state.gov,55 years,Male
5369,Kiel,Buddle,kbuddlea8@miibeian.gov.cn,0,M
5370,Annetta,Woolmington,awoolmingtona9@sohu.com,41,Female
5371,Ilene,Blasetti,iblasettiaa@vkontakte.ru,53,Female
5372,Filberte,Bockmaster,fbockmasterab@canalblog.com,39,Male
5373,Moselle,Keningham,mkeninghamac@omniture.com,62 years,Female
5374,Welby,Lisamore,wlisamoread@time.com,41 years,Male
5375,Wittie,Hearst,whearstae@imageshack.us,65 years,M
5376,Lisa,Leddy,lleddyaf@weebly.com,18,Female
5377,Justinian,Dunham,jdunhamag@abc.net.au,53,Male
5378,Randi,Sawforde,rsawfordeah@ox.ac.uk,0,M
5379,Ollie,Sketchley,osketchleyai@mac.com,53 years,M
5380,Sterling,Boake,sboakeaj@answers.com, years,Male
5381,Thedrick,Stivens,tstivensak@ezinearticles.com,44,Male
5382,Garner,Isakov,gisakoval@amazon.co.uk,0,
5383,Nessa,Palmby,npalmbyam@netvibes.com,23,Female
5384,Kayla,Hannigane,khanniganean@diigo.com,54,Female
5385,Asa,Amorine,aamorineao@goo.gl,49,Male
5386,Alexi,Mughal,amughalap@pinterest.com,53 years,Female
5387,Arnold,Elix,aelixaq@reddit.com,58 years,Male
5388,Collin,McCurtin,cmccurtinar@taobao.com,21 years,Male
5389,Trenna,Rupp,truppas@example.com,30,
5390,Alexa,Ochterlony,aochterlonyat@upenn.edu,29,Female
5391,Cedric,Gower,cgowerau@sourceforge.net,46,Male
5392,Tate,Krikorian,tkrikorianav@bizjournals.com,64,Male
5393,Winny,Kelwick,wkelwickaw@slashdot.org,55,Female
5394,Symon,Hullins,shullinsax@barnesandnoble.com,51,Male
5395,Nannie,Lemonnier,nlemonnieray@cdbaby.com,0,Female
5396,Natty,McGarrell,nmcgarrellaz@wordpress.com,26,F
5397,Forbes,Garman,fgarmanb0@google.it,30,Male
5398,Gelya,Shepton,gsheptonb1@cam.ac.uk,64,Female
5399,Conant,Chown,cchownb2@google.de,34,Male
5400,Dacie,Scutching,dscutchingb3@amazon.co.jp,45 years,Female
5401,Roselle,Batchelder,rbatchelderb4@jalbum.net,31,Female
5402,Constance,Bigly,cbiglyb5@comcast.net,18,Female
5403,Heath,Lankester,hlankesterb6@latimes.com,34 years,Female
5404,Tobin,Adamiak,tadamiakb7@nasa.gov,20,Male
5405,Janeva,Stenhouse,jstenhouseb8@mozilla.com,46,Female
5406,Gaston,Leavold,gleavoldb9@flickr.com,57,Male
5407,Carey,Hedman,chedmanba@narod.ru,39,M
5408,Lev,Shorte,lshortebb@netscape.com,34,Male
5409,Normy,Gwyneth,ngwynethbc@fc2.com,47,Male
5410,Adele,Kinnane,akinnanebd@stumbleupon.com,65,Female
5411,Consuelo,Curphey,ccurpheybe@fc2.com,32,
5412,Shirl,Roake,sroakebf@reference.com,42,Female
5413,Tamra,Duffrie,tduffriebg@meetup.com,63,Female
5414,Tadeas,Board,tboardbh@narod.ru,0,Male
5415,Asia,Farriar,afarriarbi@bbc.co.uk,36,
5416,Aleece,Van Eeden,avaneedenbj@github.com,23,Female
5417,Jenica,Wildish,jwildishbk@bloomberg.com,63,Female
5418,Rainer,Antowski,rantowskibl@amazon.co.jp,62,Male
5419,Eustacia,Blaxter,eblaxterbm@sogou.com,30,F
5420,Johnny,Flegg,jfleggbn@adobe.com,0,Male
5421,Dael,Getcliff,dgetcliffbo@dedecms.com,0,Male
5422,Osmund,Whicher,owhicherbp@wp.com,20,Male
5423,Alexio,MacCombe,amaccombebq@princeton.edu,58,Male
5424,Tani,Strahan,tstrahanbr@vinaora.com,59 years,Female
5425,Eleanor,Morecomb,emorecombbs@blogspot.com,55,Female
5426,Sigismundo,Burdge,sburdgebt@joomla.org,0,Male
5427,Arin,Follit,afollitbu@economist.com,54,Male
5428,Forster,Willers,fwillersbv@guardian.co.uk,39 years,Male
5429,Raoul,Northbridge,rnorthbridgebw@google.de,0,M
5430,Simon,Emmet,semmetbx@ebay.com,59 years,Male
5431,Maxwell,Harp,mharpby@sohu.com,0,Male
5432,Culver,Quinton,cquintonbz@disqus.com,46,Male
5433,Gray,Totaro,gtotaroc0@constantcontact.com,0,Female
5434,Matty,Sephton,msephtonc1@phoca.cz,52 years,
5435,Joletta,Gumby,jgumbyc2@cnbc.com,46,
5436,Maure,Trevers,mtreversc3@yandex.ru,21 years,Female
5437,Nadiya,De Filippis,ndefilippisc4@zimbio.com,0,Female
5438,Pauletta,Lambertini,plambertinic5@jigsy.com,60 years,
5439,Estella,Bonaire,ebonairec6@shutterfly.com,56 years,Female
5440,Ruthy,Iacobini,riacobinic7@intel.com,52 years,Female
5441,Rosco,Paulino,rpaulinoc8@examiner.com,43 years,Male
5442,Agnella,Slinger,aslingerc9@dyndns.org,59,Female
5443,Jerald,MacDuff,jmacduffca@netlog.com,33,Male
5444,Rozina,Hardaker,rhardakercb@seesaa.net,63 years,
5445,Hallsy,Faithfull,hfaithfullcc@sohu.com, years,Male
5446,Lucas,Presnell,lpresnellcd@creativecommons.org,23,Male
5447,Frank,Redsall,fredsallce@blog.com,0,M
5448,Kelley,Reide,kreidecf@toplist.cz,36,Male
5449,Sonia,Breedy,sbreedycg@ezinearticles.com,18,Female
5450,Melita,Putland,mputlandch@loc.gov,65,F
5451,Hatti,Kirkpatrick,hkirkpatrickci@hostgator.com,57,Female
5452,Raven,Blampied,rblampiedcj@hc360.com,28,
5453,Noam,Crownshaw,ncrownshawck@t-online.de,53,Male
5454,Linzy,Chattaway,lchattawaycl@e-recht24.de,63 years,Female
5455,Margarethe,Turri,mturricm@unesco.org,31 years,Female
5456,Forest,Isaac,fisaaccn@timesonline.co.uk,38,M
5457,Jdavie,Peckett,jpeckettco@google.pl,0,Male
5458,Karita,Furmonger,kfurmongercp@wikia.com,34,
5459,Malissa,Leacock,mleacockcq@umich.edu,0,F
5460,Crystal,Lukock,clukockcr@usgs.gov,23,F
5461,Urbano,Waumsley,uwaumsleycs@opera.com,25,Male
5462,Drona,Cromett,dcromettct@sourceforge.net,59,Female
5463,Jerrylee,Standbrooke,jstandbrookecu@ning.com,0,Female
5464,Federico,Schwand,fschwandcv@google.cn,21,M
5465,Nikolaus,Loude,nloudecw@wikimedia.org,20,Male
5466,Deni,Wescott,dwescottcx@odnoklassniki.ru,0,Female
5467,Arvy,Davidofski,adavidofskicy@china.com.cn,25,Male
5468,Franni,Beldum,fbeldumcz@princeton.edu,35,Female
5469,Janeta,Enstone,jenstoned0@studiopress.com,56,Female
5470,Fernanda,Mayward,fmaywardd1@samsung.com,21,Female
5471,Immanuel,Yellowley,iyellowleyd2@statcounter.com,65,M
5472,Germain,Matushevitz,gmatushevitzd3@studiopress.com,53,F
5473,Raynard,Hubberstey,rhubbersteyd4@cpanel.net,30,Male
5474,Ingelbert,Brisbane,ibrisbaned5@g.co,61 years,Male
5475,Arlina,Macek,amacekd6@rambler.ru,54,Female
5476,Barnett,Splaven,bsplavend7@networkadvertising.org,51 years,Male
5477,Kirstin,Willingam,kwillingamd8@tuttocitta.it,0,Female
5478,Pascal,Goodridge,pgoodridged9@ucsd.edu,55,Male
5479,Philis,Flaverty,pflavertyda@npr.org,38 years,Female
5480,Emilio,Orteau,eorteaudb@fema.gov,25,Male
5481,Keene,Nottingam,knottingamdc@tuttocitta.it,39,Male
5482,Jacobo,Dingwall,jdingwalldd@cornell.edu,50,Male
5483,Jonell,Chatenet,jchatenetde@feedburner.com,65,Female
5484,Kiel,Dottrell,kdottrelldf@toplist.cz,40 years,Male
5485,Judye,Moxham,jmoxhamdg@sogou.com,56,Female
5486,Elston,Wakelam,ewakelamdh@edublogs.org,32,Male
5487,Efren,Sinkin,esinkindi@cocolog-nifty.com,40,M
5488,Jodee,Brazel,jbrazeldj@adobe.com,32,Female
5489,Noel,Lording,nlordingdk@mediafire.com,28,Male
5490,Mandel,Glynne,mglynnedl@marketwatch.com,19,Male
5491,Durant,Beale,dbealedm@boston.com,0,
5492,Kirby,Vigne,kvignedn@creativecommons.org,57,F
5493,Jordon,Raspin,jraspindo@reddit.com,43,M
5494,Donavon,Maben,dmabendp@earthlink.net,20 years,M
5495,Gardie,Mickleborough,gmickleboroughdq@nasa.gov,51,Male
5496,Gratiana,Banister,gbanisterdr@sun.com,61,Female
5497,Benny,Fennessy,bfennessyds@upenn.edu,31 years,Female
5498,Harbert,Jobern,hjoberndt@state.tx.us, years,M
5499,Philly,Lippini,plippinidu@reference.com,54,F
5500,Cecily,Scotchmur,cscotchmurdv@rambler.ru,26,Female
5501,Vera,Hallbird,vhallbirddw@furl.net,32,Female
5502,Sayer,Boshier,sboshierdx@vimeo.com,57,Male
5503,Akim,Kinton,akintondy@google.ru,49,
5504,Carmelina,Revel,creveldz@drupal.org,0,F
5505,Stafford,Cardoe,scardoee0@hubpages.com,60,Male
5506,Johnathan,Ward,jwarde1@eepurl.com,0,M
5507,Ramona,Hansie,rhansiee2@ca.gov,64,F
5508,Terri,Brickham,tbrickhame3@artisteer.com,52,Female
5509,Odille,Conwell,oconwelle4@cdbaby.com,58 years,Female
5510,Isiahi,Elland,iellande5@narod.ru,20,Male
5511,Edouard,Morcom,emorcome6@naver.com,26 years,Male
5512,Simeon,Balam,sbalame7@state.tx.us,58,Male
5513,Herc,Kells,hkellse8@google.fr,20,Male
5514,Mirabelle,D'Adda,mdaddae9@boston.com,26 years,Female
5515,Claire,Broszkiewicz,cbroszkiewiczea@comcast.net,59 years,Male
5516,Lyndy,Grieg,lgriegeb@deviantart.com,41 years,Female
5517,Darla,Kasher,dkasherec@sphinn.com,38,Female
5518,Codi,Mertel,cmerteled@nyu.edu,26,Female
5519,Elias,Rubinfajn,erubinfajnee@zimbio.com,27,Male
5520,Lilah,Bourke,lbourkeef@usatoday.com, years,Female
5521,Brigid,Eberts,bebertseg@vistaprint.com,61,Female
5522,Daphne,Janovsky,djanovskyeh@timesonline.co.uk,31 years,Female
5523,Lance,Elsby,lelsbyei@cnn.com,61,Male
5524,Kellby,Sinnock,ksinnockej@shinystat.com,0,Male
5525,Ailis,Dimmock,adimmockek@prweb.com,23,Female
5526,Nataline,Ponte,nponteel@marriott.com,31,Female
5527,Lind,Dufaur,ldufaurem@amazon.de,54,Female
5528,Mandel,Thurley,mthurleyen@aboutads.info,45,Male
5529,Bat,Daffern,bdafferneo@nasa.gov, years,M
5530,Amalle,Renyard,arenyardep@bbb.org,29,Female
5531,Fredek,Hanner,fhannereq@storify.com,57 years,Male
5532,Brigida,Luther,blutherer@nba.com,57,Female
5533,David,Versey,dverseyes@devhub.com,65,M
5534,Meredeth,Mawby,mmawbyet@cyberchimps.com,53,
5535,Udale,Midgley,umidgleyeu@stanford.edu,49,Male
5536,Bonnibelle,Acory,bacoryev@wikimedia.org,0,Female
5537,Eliza,Coggins,ecogginsew@samsung.com,0,Female
5538,Heidie,Josephson,hjosephsonex@bloglovin.com,37,Female
5539,Wilhelmina,Cluett,wcluettey@merriam-webster.com,45,Female
5540,Antoine,Halkyard,ahalkyardez@alexa.com,57,Male
5541,Matilde,Mingay,mmingayf0@bravesites.com,35,Female
5542,Lev,Vercruysse,lvercruyssef1@mashable.com,0,Male
5543,Adel,Solomonides,asolomonidesf2@ycombinator.com,23,F
5544,Grazia,Mynett,gmynettf3@delicious.com,0,Female
5545,Wyndham,Mayho,wmayhof4@google.com.au,46,Male
5546,Kassia,Dibling,kdiblingf5@netscape.com,44,Female
5547,Evania,Skates,eskatesf6@census.gov,64,F
5548,Golda,Rosina,grosinaf7@apple.com,59,Female
5549,Nathaniel,Merrington,nmerringtonf8@pcworld.com,26 years,Male
5550,Meara,Richardes,mrichardesf9@fotki.com,19,
5551,Kippy,Kaser,kkaserfa@comsenz.com,35,Male
5552,Derril,Berwick,dberwickfb@ucsd.edu,58,Male
5553,Libby,Westmerland,lwestmerlandfc@taobao.com,49,Female
5554,Leshia,Nitti,lnittifd@reference.com,42,F
5555,Chlo,Pettyfar,cpettyfarfe@ocn.ne.jp,28 years,
5556,Bert,Davidov,bdavidovff@nationalgeographic.com,30,Female
5557,Giffard,Heintz,gheintzfg@nature.com,50,Male
5558,Daphene,Hortop,dhortopfh@exblog.jp,31,Female
5559,Ursala,Eastment,ueastmentfi@microsoft.com,36,Female
5560,Novelia,Fantini,nfantinifj@craigslist.org,62 years,Female
5561,Vivianne,Ivens,vivensfk@vinaora.com,54,Female
5562,Newton,Mutton,nmuttonfl@mapquest.com,20,Male
5563,Shawn,Corten,scortenfm@fda.gov,56,Female
5564,Vaclav,Parmeter,vparmeterfn@cmu.edu,32 years,Male
5565,Korie,Glisane,kglisanefo@yellowbook.com,0,Female
5566,Selia,Hodgets,shodgetsfp@dailymotion.com,60 years,Female
5567,Hill,Stouther,hstoutherfq@whitehouse.gov,33,Male
5568,Vivianna,Beevors,vbeevorsfr@aboutads.info,33,Female
5569,Haven,McAster,hmcasterfs@ifeng.com,23,Male
5570,Lynnelle,Janaszewski,ljanaszewskift@geocities.jp,59 years,Female
5571,Ab,Abramovitch,aabramovitchfu@sourceforge.net,30,Male
5572,Sapphira,Le Hucquet,slehucquetfv@microsoft.com,28,Female
5573,Etta,Kuhn,ekuhnfw@github.io,46,Female
5574,Charity,Conyer,cconyerfx@macromedia.com,64,Female
5575,Gui,Clemitt,gclemittfy@symantec.com,36 years,Female
5576,Elka,Gate,egatefz@hp.com,34,Female
5577,Robby,Stainbridge,rstainbridgeg0@joomla.org,55 years,Female
5578,Bree,Axtens,baxtensg1@spiegel.de,0,Female
5579,Riley,Lamberti,rlambertig2@friendfeed.com,60 years,Male
5580,Michael,Moggach,mmoggachg3@mlb.com,39,M
5581,Shurwood,Leads,sleadsg4@auda.org.au,28,Male
5582,Wiley,Shiel,wshielg5@hud.gov,43,M
5583,Cary,Chesshire,cchesshireg6@constantcontact.com,28,Male
5584,Eden,Gercken,egerckeng7@unicef.org,46,Female
5585,Clareta,Nordass,cnordassg8@unicef.org,58,F
5586,Quentin,Kennermann,qkennermanng9@4shared.com,0,Female
5587,Royce,Rawlins,rrawlinsga@intel.com,53,
5588,Antoine,Jagielski,ajagielskigb@desdev.cn,59,
5589,Jobey,Lorrimer,jlorrimergc@ted.com,44 years,F
5590,Manya,Kilgallon,mkilgallongd@furl.net,22,Female
5591,Jada,Cripps,jcrippsge@skyrock.com,42,Female
5592,Nananne,Steger,nstegergf@issuu.com,56,Female
5593,Sawyer,Daniele,sdanielegg@squarespace.com,64,
5594,Darbee,Haisell,dhaisellgh@archive.org,56,M
5595,Benton,Porker,bporkergi@twitpic.com,49 years,Male
5596,Lucine,Tiery,ltierygj@yahoo.co.jp,44,
5597,Clint,Castiglio,ccastigliogk@a8.net,48,Male
5598,Lillis,Giacomucci,lgiacomuccigl@about.com,0,Female
5599,Ario,Piwell,apiwellgm@nationalgeographic.com,0,Male
5600,Reagan,Dukes,rdukesgn@printfriendly.com,45 years,
5601,Benito,Qualtrough,bqualtroughgo@about.com,61,M
5602,Guthrey,Collcutt,gcollcuttgp@amazon.de,46,Male
5603,Hermy,Gheeorghie,hgheeorghiegq@cdc.gov,62 years,Male
5604,Elene,Copozio,ecopoziogr@economist.com,54,F
5605,Stephi,Bennit,sbennitgs@stanford.edu,18,Female
5606,Paolina,McCleod,pmccleodgt@aol.com,59,Female
5607,Reidar,Blumsom,rblumsomgu@naver.com,39,Male
5608,Fan,Holstein,fholsteingv@reference.com,34,
5609,Keane,Meighan,kmeighangw@ning.com,0,M
5610,Stormi,Chisolm,schisolmgx@trellian.com,19,
5611,Lanni,Woolmer,lwoolmergy@aboutads.info,42,Female
5612,Gothart,Bartolomeoni,gbartolomeonigz@bandcamp.com,33,Male
5613,Kippie,Hodcroft,khodcrofth0@amazonaws.com,59,Female
5614,Jennie,Giottoi,jgiottoih1@1688.com,56 years,Female
5615,Marc,Dunne,mdunneh2@examiner.com,33 years,Male
5616,Ward,Wilbraham,wwilbrahamh3@house.gov,19 years,Male
5617,Romola,Larcombe,rlarcombeh4@a8.net,28,Female
5618,Neddy,Medina,nmedinah5@comsenz.com,24,Male
5619,Madeleine,Bartusek,mbartusekh6@nydailynews.com,41,Female
5620,Alvie,Maghull,amaghullh7@bravesites.com,0,Male
5621,Shelden,Obeney,sobeneyh8@cornell.edu,50,Male
5622,Abdel,Foakes,afoakesh9@furl.net,41,Male
5623,Antony,Bordone,abordoneha@ustream.tv,46,Male
5624,Adams,Reeder,areederhb@amazonaws.com,60,M
5625,Igor,Marsden,imarsdenhc@flavors.me,62,
5626,Lisle,Cargill,lcargillhd@marriott.com,24,Male
5627,Codie,Syrett,csyretthe@mapy.cz,22,M
5628,Germana,Kennifick,gkennifickhf@friendfeed.com,0,Female
5629,Teresita,Trow,ttrowhg@pbs.org,41,Female
5630,Dillon,Govini,dgovinihh@nationalgeographic.com,0,Male
5631,Julian,Beves,jbeveshi@cargocollective.com,40,
5632,Mella,Danbye,mdanbyehj@deliciousdays.com,19 years,Female
5633,Eberhard,Wren,ewrenhk@blogger.com,34,Male
5634,Sigfrid,Oslar,soslarhl@github.io,33,M
5635,Alejandro,Everitt,aeveritthm@unblog.fr,41,Male
5636,Alyosha,Sapena,asapenahn@shareasale.com,20,Male
5637,Russ,Dolligon,rdolligonho@google.cn,38,Male
5638,Wyn,Hugh,whughhp@shinystat.com,56 years,Male
5639,Foss,Pierri,fpierrihq@photobucket.com,54,M
5640,Bryon,Janek,bjanekhr@nydailynews.com,21,
5641,Chastity,Joubert,cjouberths@shutterfly.com,42,
5642,Rodolfo,Lindblom,rlindblomht@amazon.de,45,Male
5643,Alyda,Robrose,arobrosehu@bbb.org,47,Female
5644,Harlen,Scrogges,hscroggeshv@tripod.com,35,Male
5645,Cordelie,Tripony,ctriponyhw@va.gov,46 years,Female
5646,Jannelle,Varndell,jvarndellhx@intel.com,42,
5647,Kurtis,Driver,kdriverhy@chron.com,48,Male
5648,Alexandre,MacCartan,amaccartanhz@foxnews.com,39,Male
5649,Kelli,Zellner,kzellneri0@unesco.org,44,Female
5650,Hermia,Tottle,htottlei1@yandex.ru,32,Female
5651,Aldo,Saltmarshe,asaltmarshei2@bravesites.com,28,Male
5652,Atlante,D'Elias,adeliasi3@cisco.com,20,F
5653,Sonya,Cissen,scisseni4@admin.ch,33,Female
5654,Nerte,Gogan,ngogani5@constantcontact.com,35,Female
5655,Vivianna,Hassell,vhasselli6@odnoklassniki.ru,63,Female
5656,Glynda,Roarty,groartyi7@wired.com,50 years,Female
5657,Shurwood,Gallone,sgallonei8@home.pl,60 years,Male
5658,Barbabas,Cissell,bcisselli9@meetup.com,45,
5659,Kendal,Charpling,kcharplingia@tripadvisor.com,21,M
5660,Ephrem,Conlon,econlonib@fotki.com,45,Male
5661,Marlow,Stummeyer,mstummeyeric@clickbank.net,39,Male
5662,Norry,Rathborne,nrathborneid@cocolog-nifty.com,39,Female
5663,Stanislas,Grob,sgrobie@cam.ac.uk,37,Male
5664,Amata,Jessett,ajessettif@imageshack.us,45,Female
5665,Callean,Charle,ccharleig@un.org,21 years,Male
5666,Fiorenze,Menico,fmenicoih@ucoz.ru,40,
5667,Zach,Daouze,zdaouzeii@umich.edu,23,Male
5668,Gloriana,Francom,gfrancomij@nasa.gov,29,Female
5669,Viki,Berens,vberensik@blogspot.com,56,Female
5670,Mercie,Pavlenko,mpavlenkoil@cafepress.com,63,F
5671,Lorri,Antonioni,lantonioniim@wikispaces.com,51,Female
5672,Angel,Overnell,aovernellin@guardian.co.uk,60,Female
5673,Berty,Hellwich,bhellwichio@wordpress.org,41 years,M
5674,Tommi,Januszkiewicz,tjanuszkiewiczip@mlb.com, years,Female
5675,Jecho,Pepall,jpepalliq@printfriendly.com,42,Male
5676,Isobel,Adrianello,iadrianelloir@sakura.ne.jp,40,Female
5677,Tara,Kezourec,tkezourecis@parallels.com,44,F
5678,Brantley,Braim,bbraimit@go.com,39,Male
5679,Hyman,Blakesley,hblakesleyiu@who.int,42 years,Male
5680,Ashton,Spowart,aspowartiv@friendfeed.com,53,Male
5681,Lucien,Crowcroft,lcrowcroftiw@nature.com,54 years,Male
5682,Curtis,Shillingford,cshillingfordix@oakley.com,40,Male
5683,Pebrook,Novacek,pnovacekiy@umn.edu,21 years,
5684,Stafford,Bowick,sbowickiz@shutterfly.com,65,Male
5685,Hayes,Grevile,hgrevilej0@timesonline.co.uk,20 years,
5686,Rozella,Brislen,rbrislenj1@admin.ch,59,
5687,Darice,Garcia,dgarciaj2@army.mil,46,Female
5688,Carr,Whellams,cwhellamsj3@umich.edu,42,Male
5689,Lacy,Ivashkin,livashkinj4@china.com.cn,54,
5690,Lorine,Vern,lvernj5@dmoz.org,29,Female
5691,Flora,Francke,ffranckej6@freewebs.com,26,Female
5692,Meriel,D'Alwis,mdalwisj7@apple.com,53,Female
5693,Raychel,Sawl,rsawlj8@cafepress.com,0,Female
5694,Konstantine,Calver,kcalverj9@51.la, years,Male
5695,Shayna,Mander,smanderja@japanpost.jp,46,Female
5696,Romona,Obal,robaljb@hibu.com,29,Female
5697,Louella,Lettice,lletticejc@cdc.gov,23 years,Female
5698,Evelyn,Commin,ecomminjd@php.net,50,Female
5699,Roselle,McCahill,rmccahillje@nifty.com,47 years,F
5700,Darlleen,Norquay,dnorquayjf@gov.uk,56 years,Female
5701,Alfi,Cleugher,acleugherjg@about.me,48,F
5702,Emilia,Crowther,ecrowtherjh@biblegateway.com,0,Female
5703,Ludovico,Dedmam,ldedmamji@virginia.edu,57 years,Male
5704,Linell,Olennikov,lolennikovjj@com.com,55,
5705,Der,Broadberry,dbroadberryjk@wired.com,61,Male
5706,Kent,Fairbeard,kfairbeardjl@cnn.com,57,Male
5707,Justus,Versey,jverseyjm@hao123.com,31,Male
5708,Ellswerth,Faraday,efaradayjn@vinaora.com,52,M
5709,Wylie,Brockest,wbrockestjo@artisteer.com,24,Male
5710,Grace,Eyer,geyerjp@weather.com,29 years,Male
5711,Lib,Chesshire,lchesshirejq@google.nl,0,Female
5712,Estrella,Abramamovh,eabramamovhjr@cocolog-nifty.com,35,F
5713,Isabeau,Yegorov,iyegorovjs@blog.com,51 years,F
5714,Kristin,Hazeman,khazemanjt@elpais.com,39 years,
5715,Rafael,Kiley,rkileyju@paginegialle.it,56,Male
5716,Guillaume,Axcell,gaxcelljv@salon.com,31,M
5717,Micky,Batchelder,mbatchelderjw@addthis.com,32 years,Male
5718,Lennard,Taft,ltaftjx@irs.gov,54,Male
5719,Zacherie,McAuley,zmcauleyjy@networksolutions.com,29 years,Male
5720,Gussie,Bredbury,gbredburyjz@cornell.edu,23,F
5721,Ilse,Redpath,iredpathk0@usnews.com,39,Female
5722,Kerrin,Galer,kgalerk1@macromedia.com,30 years,
5723,Grete,Megroff,gmegroffk2@tuttocitta.it,54,F
5724,Aigneis,Grisenthwaite,agrisenthwaitek3@digg.com,0,Female
5725,Ted,Shelmerdine,tshelmerdinek4@hud.gov,60,
5726,Amalie,Sobtka,asobtkak5@wsj.com,61 years,Female
5727,Euell,Rockey,erockeyk6@sogou.com,46,Male
5728,Nikolos,Braisher,nbraisherk7@google.co.uk,35,M
5729,Ragnar,Delgua,rdelguak8@samsung.com,63,Male
5730,Lou,Wingate,lwingatek9@odnoklassniki.ru,35,
5731,Adam,Shwalbe,ashwalbeka@devhub.com,51,Male
5732,Bibby,Gilmour,bgilmourkb@theglobeandmail.com,27,Female
5733,Delano,Creenan,dcreenankc@uiuc.edu,38,Male
5734,Marji,Zelley,mzelleykd@whitehouse.gov,44,Female
5735,Maddy,MacClure,mmacclureke@google.co.jp,63,Male
5736,Sanders,Spincks,sspinckskf@ovh.net,39 years,Male
5737,Danny,Lanon,dlanonkg@studiopress.com,30,F
5738,Augustine,Glandon,aglandonkh@hibu.com,33 years,Female
5739,Upton,Matyja,umatyjaki@europa.eu,60,Male
5740,Morten,Farnsworth,mfarnsworthkj@51.la,62,Male
5741,Upton,Doding,udodingkk@netscape.com,0,Male
5742,Inglebert,Passie,ipassiekl@behance.net,24,
5743,Roldan,Masters,rmasterskm@nba.com,56,Male
5744,Roselia,Bastard,rbastardkn@archive.org,18 years,Female
5745,Merrick,Weyland,mweylandko@icq.com,26,Male
5746,Lurlene,Bentje,lbentjekp@prnewswire.com, years,Female
5747,Morena,Duferie,mduferiekq@over-blog.com,59,F
5748,Rosalinde,Dahlbom,rdahlbomkr@skyrock.com,54,F
5749,Dew,Dewhirst,ddewhirstks@ycombinator.com,0,Male
5750,Maude,Browncey,mbrownceykt@purevolume.com,53,Female
5751,Tracie,Rampton,tramptonku@kickstarter.com,21,Male
5752,Gui,Lappine,glappinekv@seattletimes.com,49,Female
5753,Leon,Compston,lcompstonkw@meetup.com,58 years,Male
5754,Sawyer,Ronayne,sronaynekx@timesonline.co.uk,33,
5755,Benson,Bonas,bbonasky@washington.edu,0,Male
5756,Esra,Phillp,ephillpkz@hp.com,48,Male
5757,Silvano,Bresner,sbresnerl0@wp.com,36 years,M
5758,Corinne,Side,csidel1@biblegateway.com,36,Female
5759,Alejoa,Boyton,aboytonl2@businessweek.com,24,Male
5760,Carmine,Zywicki,czywickil3@cocolog-nifty.com,63,Male
5761,Lyndy,McWhin,lmcwhinl4@ftc.gov,0,Female
5762,Jamaal,Piff,jpiffl5@liveinternet.ru,30,Male
5763,Beitris,Bernet,bbernetl6@vk.com,25,Female
5764,Westley,Bare,wbarel7@cnn.com,27 years,Male
5765,Fanchon,Neeves,fneevesl8@360.cn,42,
5766,Dory,Daal,ddaall9@vimeo.com,18,Male
5767,Paulie,Cregin,pcreginla@yellowbook.com,33,Male
5768,Theodosia,Schwandner,tschwandnerlb@fc2.com,58,Female
5769,Baron,Tight,btightlc@odnoklassniki.ru,55 years,Male
5770,Winslow,Soall,wsoallld@washingtonpost.com,26,Male
5771,Rancell,Asken,raskenle@washington.edu,62,Male
5772,Lem,Pendall,lpendalllf@kickstarter.com,19 years,M
5773,Harwell,Lande,hlandelg@wp.com,65 years,Male
5774,Kean,Harsent,kharsentlh@house.gov,36,Male
5775,Kamilah,Yearby,kyearbyli@loc.gov,40 years,F
5776,Ariana,Morey,amoreylj@com.com,32,Female
5777,Jaclyn,St Leger,jstlegerlk@about.me,31,Female
5778,Dorotea,Netherclift,dnethercliftll@unesco.org,0,Female
5779,Tarah,Dudman,tdudmanlm@noaa.gov,21,
5780,Jodi,Cozby,jcozbyln@hubpages.com,58,Male
5781,Fanya,Allbut,fallbutlo@ow.ly,43,Female
5782,Katalin,Vasilyonok,kvasilyonoklp@mlb.com,40,F
5783,Cornie,Sexon,csexonlq@symantec.com,55 years,Female
5784,Della,Albiston,dalbistonlr@geocities.jp,35,Female
5785,Keeley,Guerrier,kguerrierls@example.com,25,Female
5786,Sylas,Trowl,strowllt@privacy.gov.au,18,Male
5787,Jermayne,Morsom,jmorsomlu@paginegialle.it,38,Male
5788,Abagael,Reason,areasonlv@soundcloud.com,40,Female
5789,Mathe,Lavis,mlavislw@aboutads.info,47,Male
5790,Janith,Venneur,jvenneurlx@time.com,58,
5791,Chrissie,Nelsen,cnelsenly@ycombinator.com,0,Female
5792,Fitz,Mander,fmanderlz@cmu.edu,34 years,Male
5793,Jordain,Gerson,jgersonm0@fema.gov,24,F
5794,Kennan,Farrow,kfarrowm1@stumbleupon.com,26,
5795,Christoffer,Jepensen,cjepensenm2@github.com,64,
5796,Germain,Pinhorn,gpinhornm3@wp.com, years,
5797,Vinny,Ballintime,vballintimem4@mit.edu,49,
5798,Dex,Rylands,drylandsm5@bbc.co.uk,35,M
5799,Foss,Labern,flabernm6@sakura.ne.jp,54 years,M
5800,Olenolin,Clarson,oclarsonm7@devhub.com,26,Male
5801,Maegan,Climance,mclimancem8@gmpg.org,54,F
5802,Othilie,Ballefant,oballefantm9@buzzfeed.com,56 years,Female
5803,Melisent,Sambles,msamblesma@msu.edu,20,Female
5804,Inez,Hubbocks,ihubbocksmb@ameblo.jp,20 years,F
5805,Elane,Creswell,ecreswellmc@usa.gov,63,Female
5806,Sianna,Grayshan,sgrayshanmd@howstuffworks.com,47,
5807,Rhett,Klimschak,rklimschakme@1und1.de,47,Male
5808,Ralph,Stoeckle,rstoecklemf@google.fr,60 years,Male
5809,Lissie,Tyers,ltyersmg@linkedin.com,20 years,F
5810,Braden,Beckley,bbeckleymh@upenn.edu,55,Male
5811,Juan,Checci,jcheccimi@photobucket.com,42,Male
5812,Kessiah,Brickell,kbrickellmj@admin.ch,58,Female
5813,Ethelyn,Neljes,eneljesmk@goodreads.com,63 years,F
5814,Mikel,Birds,mbirdsml@miibeian.gov.cn,60,Male
5815,Ebony,Spellard,espellardmm@google.com.br,57,Female
5816,Bradley,Lavrinov,blavrinovmn@state.gov,46,Male
5817,Veronike,Love,vlovemo@squarespace.com,49,Female
5818,Tallulah,Alberti,talbertimp@google.com.au,44,Female
5819,Zebulen,Brum,zbrummq@arizona.edu,37,M
5820,Marcelia,Abrahamovitz,mabrahamovitzmr@ucla.edu,54,
5821,Rori,Canner,rcannerms@who.int,38,Female
5822,Germaine,Bodman,gbodmanmt@ycombinator.com,20 years,Male
5823,Judith,Baldoni,jbaldonimu@sfgate.com,26,Female
5824,Horatius,Penrose,hpenrosemv@home.pl,28,M
5825,Red,Letterick,rletterickmw@reverbnation.com,60,Male
5826,Tammara,Wadsworth,twadsworthmx@theatlantic.com,19,Female
5827,Sabine,Coulter,scoultermy@wikimedia.org,25,Female
5828,Jared,Di Maria,jdimariamz@wikispaces.com,24,M
5829,Christi,Hellmer,chellmern0@zdnet.com,21,Female
5830,Mae,Whittet,mwhittetn1@google.com.hk,64,F
5831,Rebeca,Alpes,ralpesn2@photobucket.com,18,Female
5832,Rani,Sey,rseyn3@ustream.tv,37,Female
5833,Iorgos,Lippitt,ilippittn4@mashable.com,30,Male
5834,Ebba,Robbins,erobbinsn5@wired.com,32,
5835,Gaylor,Goodbairn,ggoodbairnn6@desdev.cn,45,Male
5836,Pincas,Wreath,pwreathn7@geocities.com,52,M
5837,My,Wyard,mwyardn8@google.com.hk,32,
5838,Lemuel,Merrilees,lmerrileesn9@mapquest.com, years,M
5839,Starlin,Vahl,svahlna@businessinsider.com,38,Female
5840,Mollie,Pourveer,mpourveernb@symantec.com, years,Female
5841,Shanta,Viger,svigernc@boston.com,54,
5842,Bambi,Hearmon,bhearmonnd@quantcast.com,29,F
5843,Nathalie,Mufford,nmuffordne@networksolutions.com,21,
5844,Cleveland,Tuer,ctuernf@ycombinator.com,0,Male
5845,Rafe,Creeber,rcreeberng@twitter.com,30,Male
5846,Leonard,Bindon,lbindonnh@dyndns.org,57 years,Male
5847,Hobard,Auchinleck,hauchinleckni@privacy.gov.au,65,
5848,Louis,Cherry Holme,lcherryholmenj@economist.com,0,Male
5849,Shelly,MacGorrie,smacgorrienk@webs.com,54 years,Female
5850,Terrell,Bezley,tbezleynl@nyu.edu,60,Male
5851,Shelden,McLinden,smclindennm@123-reg.co.uk,20,Male
5852,Beaufort,Parlott,bparlottnn@istockphoto.com,56,Male
5853,Terence,Ivanonko,tivanonkono@opera.com,62,Male
5854,Ardisj,Andreev,aandreevnp@netscape.com,56 years,Female
5855,Merill,McEntagart,mmcentagartnq@4shared.com,58,Male
5856,Bayard,Giacopetti,bgiacopettinr@xinhuanet.com,28,Male
5857,Boycey,MacParland,bmacparlandns@smh.com.au,54 years,Male
5858,Halsey,Seagrove,hseagrovent@spotify.com,47,Male
5859,Lindsy,Cahalan,lcahalannu@freewebs.com,24,
5860,Leoline,Hay,lhaynv@privacy.gov.au,47,
5861,Latashia,Gainsborough,lgainsboroughnw@cyberchimps.com,63,
5862,Gillie,Dwyer,gdwyernx@amazon.de, years,F
5863,Harald,Culy,hculyny@europa.eu,26,
5864,Lem,Newitt,lnewittnz@jiathis.com,19,M
5865,Sena,Tumulty,stumultyo0@sbwire.com,41,Female
5866,Yorgos,Alonso,yalonsoo1@mayoclinic.com,40,Male
5867,Corby,Laslett,clasletto2@ftc.gov,38,M
5868,Phoebe,Gjerde,pgjerdeo3@narod.ru,35,Female
5869,Appolonia,Breslin,abreslino4@wikipedia.org, years,Female
5870,Doy,Musicka,dmusickao5@woothemes.com,21,M
5871,Cathlene,Ohms,cohmso6@gmpg.org,45,F
5872,Asher,Duran,adurano7@pbs.org,62,Male
5873,Edsel,Dawdary,edawdaryo8@scientificamerican.com,35,Male
5874,Cassy,McKennan,cmckennano9@icio.us,46 years,Female
5875,Payton,Ealam,pealamoa@pbs.org,56,Male
5876,Fowler,Fitter,ffitterob@nhs.uk,23,Male
5877,Lorena,Groocock,lgroocockoc@state.gov,0,Female
5878,Annmaria,Asprey,aaspreyod@theatlantic.com,23,Female
5879,Kayne,Martyntsev,kmartyntsevoe@live.com, years,
5880,Levin,Elce,lelceof@ask.com,59 years,Male
5881,Arv,Cosely,acoselyog@1und1.de,25,Male
5882,Kristo,Dunnion,kdunnionoh@360.cn,18,Male
5883,Gloriane,Pavie,gpavieoi@altervista.org,22 years,F
5884,Laurice,Marcu,lmarcuoj@mac.com,27,Female
5885,Baryram,Gallop,bgallopok@amazon.co.uk,53,Male
5886,Bat,Divisek,bdivisekol@sitemeter.com,38,Male
5887,Neila,Helian,nhelianom@weebly.com,22 years,Female
5888,Aurel,Parrett,aparretton@wikia.com,19,F
5889,Annadiane,Langelay,alangelayoo@vkontakte.ru,65,Female
5890,Freda,Duff,fduffop@reverbnation.com,51,Female
5891,Miller,Basford,mbasfordoq@com.com,23,M
5892,Sollie,Hasty,shastyor@illinois.edu,40 years,Male
5893,Sal,Golding,sgoldingos@bloglines.com,38,Male
5894,Lisle,Marley,lmarleyot@alexa.com,42 years,Male
5895,Durant,Ewell,dewellou@youku.com,50,Male
5896,Grenville,Trorey,gtroreyov@simplemachines.org,22,Male
5897,Kaye,Hartus,khartusow@globo.com,56 years,Female
5898,Tami,Lardner,tlardnerox@google.com.au,19,
5899,Chester,Bertome,cbertomeoy@patch.com,27,Male
5900,Web,Renzullo,wrenzullooz@reddit.com,41,
5901,Dillie,Breese,dbreesep0@photobucket.com,63,M
5902,Marybelle,Chazelle,mchazellep1@dyndns.org,31,F
5903,Myrtle,Bottrell,mbottrellp2@apache.org,37,Female
5904,Silvana,Bowkley,sbowkleyp3@feedburner.com,32 years,Female
5905,Vere,Slessor,vslessorp4@about.com,32,Female
5906,Pattie,MacLese,pmaclesep5@independent.co.uk,0,M
5907,Rooney,Branche,rbranchep6@mashable.com,48,Male
5908,Tailor,Penhaleurack,tpenhaleurackp7@linkedin.com,50,Male
5909,Leopold,Leys,lleysp8@a8.net,35,M
5910,Hedwiga,Western,hwesternp9@google.co.uk,46 years,
5911,Clementina,Creed,ccreedpa@thetimes.co.uk,58,Female
5912,Ignacius,Karpets,ikarpetspb@delicious.com,0,M
5913,Leon,Lathwood,llathwoodpc@about.com,32 years,Male
5914,Orren,Duesberry,oduesberrypd@blogspot.com,55,Male
5915,Jean,Kermott,jkermottpe@t-online.de,34,M
5916,Diena,Stiegar,dstiegarpf@parallels.com,0,Female
5917,Emile,Blakeman,eblakemanpg@youtu.be,22 years,M
5918,Kimberlee,Sprigg,kspriggph@t.co,22,Female
5919,Tyler,Houlston,thoulstonpi@ft.com,49,M
5920,Brenn,Gentreau,bgentreaupj@samsung.com,49,F
5921,Holly,Stolz,hstolzpk@usda.gov,51,
5922,Nev,Eam,neampl@vk.com,65,Male
5923,Tybie,MacLure,tmaclurepm@dell.com,33 years,Female
5924,Mallory,Nelius,mneliuspn@wufoo.com,34,Male
5925,Gonzales,Ogilvy,gogilvypo@cornell.edu,0,Male
5926,Jamill,Popping,jpoppingpp@mapy.cz,28,Male
5927,Alexine,Cordery,acorderypq@blog.com,61 years,
5928,Erhart,Abbitt,eabbittpr@csmonitor.com,37,Male
5929,Paton,Radborn,pradbornps@nifty.com,34 years,Male
5930,Sig,Philcox,sphilcoxpt@illinois.edu,31 years,Male
5931,Justino,Backler,jbacklerpu@stumbleupon.com,24 years,Male
5932,Bride,McGill,bmcgillpv@kickstarter.com,0,Female
5933,Ondrea,Cade,ocadepw@skype.com,38,Female
5934,Alonzo,Hamil,ahamilpx@networksolutions.com,58,Male
5935,Caddric,Easterbrook,ceasterbrookpy@jugem.jp,35 years,Male
5936,Joyous,Rizzardini,jrizzardinipz@myspace.com,0,F
5937,Jeannine,Kettoe,jkettoeq0@pbs.org,49,
5938,Cahra,Shrimpling,cshrimplingq1@acquirethisname.com,58,Female
5939,Marmaduke,O'Lennachain,molennachainq2@independent.co.uk,50,Male
5940,Levy,Provost,lprovostq3@unc.edu,53,Male
5941,Hastings,Clerke,hclerkeq4@wufoo.com,31 years,Male
5942,Constancia,Lownie,clownieq5@discuz.net,33,Female
5943,Hilario,Getcliffe,hgetcliffeq6@toplist.cz,36,Male
5944,Jonie,Brogan,jbroganq7@bandcamp.com,25,Female
5945,Aloysia,Orr,aorrq8@de.vu,18,Female
5946,Jane,Raynard,jraynardq9@vk.com,22,
5947,Lamond,Cuolahan,lcuolahanqa@twitpic.com,24,M
5948,Desdemona,Slobom,dslobomqb@shutterfly.com,52,F
5949,Flem,Napoleon,fnapoleonqc@msn.com,32,M
5950,Sayre,Gilstoun,sgilstounqd@nymag.com,0,Male
5951,Pearle,Samms,psammsqe@bing.com,42,F
5952,Petronille,Duny,pdunyqf@edublogs.org,38 years,Female
5953,Meryl,Brunker,mbrunkerqg@house.gov,60 years,M
5954,Field,McCreadie,fmccreadieqh@cisco.com,29,M
5955,Powell,Grunder,pgrunderqi@scientificamerican.com,0,
5956,Kirsteni,Barday,kbardayqj@jugem.jp,43 years,Female
5957,Mitch,Yockney,myockneyqk@e-recht24.de,18,M
5958,Mohammed,Kearle,mkearleql@icio.us,42,M
5959,Juan,Spriggs,jspriggsqm@discovery.com,0,Male
5960,Barbabra,Sineath,bsineathqn@t.co,29,F
5961,Deloris,Mulvaney,dmulvaneyqo@pagesperso-orange.fr,48,Female
5962,Mirabella,McKenna,mmckennaqp@comsenz.com,31,Female
5963,Suzann,Baynes,sbaynesqq@amazon.co.jp,0,Female
5964,Sergei,Durman,sdurmanqr@sohu.com,27,M
5965,Belle,Prin,bprinqs@msn.com,34,Female
5966,Clarke,Dibnah,cdibnahqt@cmu.edu,51,Male
5967,Alex,Karpenko,akarpenkoqu@stanford.edu,31,Male
5968,Benni,Buzin,bbuzinqv@who.int,59,Female
5969,Barbey,Pleasance,bpleasanceqw@ft.com,53 years,F
5970,Evangelin,Bogies,ebogiesqx@wix.com,45,Female
5971,Melva,Taig,mtaigqy@infoseek.co.jp,27,Female
5972,Mac,Hartmann,mhartmannqz@facebook.com,25,
5973,Kathy,McGahern,kmcgahernr0@army.mil,48,Female
5974,Cyrill,McInteer,cmcinteerr1@hostgator.com,47,Male
5975,Traver,Kingswoode,tkingswooder2@phoca.cz,29,Male
5976,Isador,Roose,irooser3@npr.org,42,
5977,Brita,Ilyenko,bilyenkor4@wp.com,34,Female
5978,Lauretta,Ales0,lalesr5@java.com,22,F
5979,Kaine,Closs,kclossr6@constantcontact.com,0,Male
5980,Salomone,Seagrave,sseagraver7@wordpress.org,64 years,Male
5981,Gerti,Fawcus,gfawcusr8@smugmug.com,23,Female
5982,Silvie,Batch,sbatchr9@flickr.com,49,
5983,Brigham,Michal,bmichalra@mozilla.org,49,M
5984,Wilden,Pele,wpelerb@about.me,32,Male
5985,Patsy,Lough,ploughrc@dagondesign.com,26 years,Female
5986,Cris,Mapholm,cmapholmrd@cnn.com,23,Female
5987,Moreen,Siley,msileyre@merriam-webster.com,0,Female
5988,Ruprecht,Graveston,rgravestonrf@sciencedirect.com,44,Male
5989,Alessandra,Paish,apaishrg@cnet.com, years,Female
5990,Gertruda,Gland,gglandrh@51.la,48,Female
5991,Yovonnda,Flatte,yflatteri@blogs.com,22,
5992,Rita,Snaddon,rsnaddonrj@samsung.com,19,
5993,Johna,Sharpous,jsharpousrk@nature.com,27,Female
5994,Malachi,Schroeder,mschroederrl@flavors.me,27 years,Male
5995,Phip,Fosserd,pfosserdrm@smh.com.au,34,Male
5996,Reade,Pavis,rpavisrn@buzzfeed.com,50,Male
5997,Matty,Yoseloff,myoseloffro@wordpress.org,40,F
5998,Hailee,Froggatt,hfroggattrp@reference.com,0,Female
5999,Errol,Menear,emenearrq@sphinn.com,40,M
6000,Krystalle,Humbert,khumbertrr@livejournal.com,58,Female
6001,Addie,Darragh,adarragh0@bbc.co.uk,56 years,Female
6002,Sammie,Shepley,sshepley1@accuweather.com,32,Male
6003,Rivalee,Blamphin,rblamphin2@typepad.com,58,Female
6004,Neddy,Helliwell,nhelliwell3@newyorker.com,21,Male
6005,Randal,Addison,raddison4@jimdo.com,30,Male
6006,Sharona,Mynett,smynett5@google.com.br,29,F
6007,Ruthe,Straun,rstraun6@netlog.com,46 years,Female
6008,Brigida,Wiffill,bwiffill7@scribd.com,64 years,Female
6009,Sherri,Brewse,sbrewse8@vistaprint.com,55,Female
6010,Homere,Dunniom,hdunniom9@harvard.edu,51,Male
6011,Merill,Petersen,mpetersena@meetup.com,0,Male
6012,Dixie,Norrington,dnorringtonb@mysql.com,26,F
6013,Boone,McNickle,bmcnicklec@php.net,30,Male
6014,Barron,Frostick,bfrostickd@nba.com,64,Male
6015,Ilyssa,Towll,itowlle@howstuffworks.com,34,Female
6016,Hugh,Northwood,hnorthwoodf@tripadvisor.com,45,Male
6017,Hamlin,Sallan,hsallang@google.es,31,Male
6018,Jock,Shackleford,jshacklefordh@marketwatch.com,18,M
6019,Sandie,Barns,sbarnsi@businessweek.com,34,Female
6020,Sherman,Clubb,sclubbj@google.es,20,Male
6021,Ruthie,Hawthorn,rhawthornk@geocities.jp,46,Female
6022,Jacqueline,Polon,jpolonl@ibm.com,57,Female
6023,Gillie,Binden,gbindenm@seesaa.net,39,Female
6024,Donetta,Bazek,dbazekn@mediafire.com,34,F
6025,Barde,Cornbill,bcornbillo@e-recht24.de,47 years,Male
6026,Brook,Dowry,bdowryp@macromedia.com,65,Female
6027,Royall,Venes,rvenesq@infoseek.co.jp,32 years,Male
6028,Rockwell,Lynde,rlynder@spotify.com,42,Male
6029,Catlin,Vanin,cvanins@addthis.com,63,F
6030,Lenee,Felkin,lfelkint@paypal.com,0,Female
6031,Merralee,Joseff,mjoseffu@loc.gov,36,F
6032,Rutherford,Bentham3,rbenthamv@army.mil,23,Male
6033,Christoph,Frude,cfrudew@fema.gov,63,
6034,Violette,Barlie,vbarliex@icio.us,62,F
6035,Rad,Busek,rbuseky@dedecms.com,30,Male
6036,Bent,Doyley,bdoyleyz@disqus.com,0,Male
6037,Hamel,Billham,hbillham10@addtoany.com,0,M
6038,Pace,Carnegie,pcarnegie11@ovh.net,20,Male
6039,Rubetta,Chalfain,rchalfain12@china.com.cn,58,Female
6040,Kerry,Dinning,kdinning13@xing.com,59 years,Male
6041,Ardis,Maskill,amaskill14@alibaba.com,55,Female
6042,Web,Duchesne,wduchesne15@miibeian.gov.cn, years,Male
6043,Anatola,Smale,asmale16@facebook.com,54 years,F
6044,Mordecai,Mathys,mmathys17@tripadvisor.com,39,M
6045,Kirby,Glencross,kglencross18@latimes.com,0,Male
6046,Esmeralda,Goodayle,egoodayle19@sun.com,59,Female
6047,Nikki,Sackes,nsackes1a@youtube.com, years,
6048,Marijo,O'Nowlan,monowlan1b@bloglines.com,46,Female
6049,Jacques,Casiero,jcasiero1c@amazonaws.com,0,Male
6050,Larry,Fruen,lfruen1d@nationalgeographic.com,52,M
6051,Riccardo,Baine,rbaine1e@uol.com.br,46,M
6052,Halley,Scotland,hscotland1f@over-blog.com,21,Female
6053,Tobe,Volleth,tvolleth1g@ftc.gov, years,Male
6054,Hayley,Skylett,hskylett1h@google.it,60,Female
6055,Piotr,Wylam,pwylam1i@163.com,56,Male
6056,Crista,Rozycki,crozycki1j@msn.com,52,Female
6057,Petronia,Pally,ppally1k@fema.gov,43,F
6058,Menard,Magovern,mmagovern1l@google.com.au,59,Male
6059,Joannes,Mellhuish,jmellhuish1m@php.net,33 years,Female
6060,Clio,Dibbin,cdibbin1n@jimdo.com,63,Female
6061,Sherwin,Sleaford,ssleaford1o@vinaora.com,0,M
6062,Wanids,Yockley,wyockley1p@shop-pro.jp,23,F
6063,Humberto,McIlraith,hmcilraith1q@themeforest.net,0,Male
6064,Gordie,Stellman,gstellman1r@canalblog.com,36,Male
6065,Bert,Fearey,bfearey1s@themeforest.net,18,F
6066,Royall,Jacombs,rjacombs1t@ucsd.edu,65,Male
6067,Barrie,Bluschke,bbluschke1u@miibeian.gov.cn,57 years,Male
6068,Brod,Coutthart,bcoutthart1v@hp.com,28 years,Male
6069,Marguerite,Krammer,mkrammer1w@shutterfly.com,53,Female
6070,Cy,Howe,chowe1x@lulu.com,63,M
6071,Sib,Panks,spanks1y@blinklist.com,31,Female
6072,Dorree,Bandy,dbandy1z@godaddy.com,38 years,F
6073,Hy,Rosenberg,hrosenberg20@netlog.com,0,Male
6074,Phillipe,Wolters,pwolters21@blogspot.com,34,Male
6075,Darby,Drynan,ddrynan22@examiner.com,0,Female
6076,Gris,Allott,gallott23@acquirethisname.com,23 years,M
6077,Ignaz,Manders,imanders24@1688.com,25,Male
6078,Adolpho,Cherrison,acherrison25@toplist.cz,59,Male
6079,Darcey,Snugg,dsnugg26@amazon.de,0,Female
6080,Quincy,Elphey,qelphey27@apache.org,21 years,Male
6081,Malanie,Smalman,msmalman28@studiopress.com,20,Female
6082,Dahlia,Dunster,ddunster29@spiegel.de,0,Female
6083,Iseabal,McMurdo,imcmurdo2a@xrea.com,25,Female
6084,Rahel,Cyphus,rcyphus2b@cnbc.com,35,Female
6085,Konrad,Knibb,kknibb2c@mapquest.com,56,Male
6086,Beilul,Feaveryear,bfeaveryear2d@cornell.edu,21,Female
6087,Nollie,Gretham,ngretham2e@mashable.com,65,Female
6088,Theo,Radish,tradish2f@columbia.edu,53,Male
6089,Sigismundo,Forker,sforker2g@over-blog.com,30,Male
6090,Adoree,Newgrosh,anewgrosh2h@skyrock.com,61,Female
6091,Susy,Crust,scrust2i@un.org,54,Female
6092,Anestassia,Bamborough,abamborough2j@phoca.cz,51,F
6093,Dorey,Boffey,dboffey2k@tmall.com,0,Male
6094,Geri,Stoyell,gstoyell2l@amazon.co.uk,55,Female
6095,Hana,Galsworthy,hgalsworthy2m@spotify.com,38,F
6096,Delphine,Cornick,dcornick2n@ihg.com,25 years,Female
6097,Jana,Farry,jfarry2o@instagram.com,39 years,F
6098,Dunn,Daybell,ddaybell2p@issuu.com,50,Male
6099,Lamar,Ghidini,lghidini2q@vk.com,65,Male
6100,Piotr,Tandey,ptandey2r@newsvine.com,40,Male
6101,Karyn,Lively,klively2s@seesaa.net,56,Female
6102,Wrennie,Lowbridge,wlowbridge2t@furl.net,32,Female
6103,Janek,Mulleary,jmulleary2u@imdb.com,40,Male
6104,Danyette,Trittam,dtrittam2v@sun.com,32,Female
6105,Bartel,Angood,bangood2w@g.co,28,M
6106,Nesta,Ravenshaw,nravenshaw2x@mediafire.com,19,Female
6107,Kariotta,Dilliway,kdilliway2y@goo.gl, years,Female
6108,Tybie,Brunsden,tbrunsden2z@wisc.edu,57 years,
6109,Othilie,Spensley,ospensley30@salon.com,43,F
6110,Ruthanne,Brimilcombe,rbrimilcombe31@usatoday.com,20,F
6111,Peter,Scoffins,pscoffins32@oaic.gov.au,51 years,Male
6112,Lorita,Nabarro,lnabarro33@fc2.com,61,F
6113,Tish,Druitt,tdruitt34@jigsy.com,31,
6114,Elena,Moorman,emoorman35@pbs.org,0,
6115,Levon,Dunstall,ldunstall36@fema.gov,54,Male
6116,Aleda,Harsant,aharsant37@vk.com,26 years,Female
6117,Dotti,Brecon,dbrecon38@w3.org,32,Female
6118,Hebert,Dudden,hdudden39@lycos.com,57,Male
6119,Gerard,Jakubovsky,gjakubovsky3a@infoseek.co.jp,49,M
6120,Chev,Buie,cbuie3b@joomla.org,0,
6121,Candi,Harms,charms3c@apache.org,60,Female
6122,Tabatha,Kiddell,tkiddell3d@cornell.edu,0,Female
6123,Stefa,De Michele,sdemichele3e@tamu.edu,64,Female
6124,Jefferson,Mingame,jmingame3f@altervista.org,52,M
6125,Lucina,Durek,ldurek3g@ca.gov,58,
6126,Felipe,McPartling,fmcpartling3h@cbc.ca,20,Male
6127,Albert,Clawley,aclawley3i@wired.com,26,Male
6128,Hastings,Colbridge,hcolbridge3j@disqus.com,58,
6129,Kacey,Wainer,kwainer3k@umich.edu,20,Female
6130,Natasha,Piers,npiers3l@smh.com.au,26,Female
6131,Maribeth,Lowings,mlowings3m@yale.edu,59,F
6132,Leslie,Hurnell,lhurnell3n@ucoz.ru,41,Male
6133,Roderigo,Trower,rtrower3o@posterous.com,38,M
6134,Kalila,Borg-Bartolo,kborgbartolo3p@indiegogo.com,26,Female
6135,Angel,Semper,asemper3q@shareasale.com,27,Male
6136,Celka,Quincey,cquincey3r@earthlink.net, years,F
6137,Gamaliel,Mc Mechan,gmcmechan3s@bloomberg.com,61 years,Male
6138,Latisha,Hucker,lhucker3t@naver.com,31,Female
6139,Calida,Follacaro,cfollacaro3u@wikimedia.org,61 years,F
6140,Wallas,Broughton,wbroughton3v@google.com,0,M
6141,Maegan,Lennie,mlennie3w@blogger.com,23,Female
6142,Dylan,Brampton,dbrampton3x@oakley.com,31,Male
6143,Yul,Rickman,yrickman3y@phpbb.com,54,M
6144,Rosalinde,Beneyto,rbeneyto3z@indiegogo.com,45,F
6145,Franky,Muddiman,fmuddiman40@4shared.com,0,
6146,Darb,Letixier,dletixier41@flavors.me,29,Male
6147,Torin,Tsar,ttsar42@google.co.uk,57,M
6148,Rusty,Gartshore,rgartshore43@jigsy.com,57,Male
6149,Merry,Nicklin,mnicklin44@sina.com.cn,65,M
6150,Rene,Goldes,rgoldes45@vkontakte.ru,53,Male
6151,Janessa,Grishelyov,jgrishelyov46@paypal.com,49,Female
6152,Benny,Akess,bakess47@tuttocitta.it,0,Female
6153,Amalle,Gilardone,agilardone48@wsj.com,0,
6154,Meredith,Fuentez,mfuentez49@epa.gov,37,Male
6155,Quintin,Burston,qburston4a@shutterfly.com,45 years,
6156,Gavra,Kidney,gkidney4b@abc.net.au,57,F
6157,James,Sanger,jsanger4c@wikimedia.org,35,Male
6158,Ranique,Vankov,rvankov4d@tripod.com,0,Female
6159,Kessia,Slyne,kslyne4e@japanpost.jp,23,Female
6160,Doralin,Levensky,dlevensky4f@yelp.com, years,Female
6161,Merilyn,Brunner,mbrunner4g@webnode.com,46,Female
6162,Florinda,Inder,finder4h@yale.edu,44 years,Female
6163,Olivie,Bellwood,obellwood4i@nhs.uk,64 years,F
6164,Mead,Sandland,msandland4j@histats.com,59,Male
6165,Luce,Wedon,lwedon4k@google.com,26,Male
6166,Mabel,Allflatt,mallflatt4l@icio.us,19 years,Female
6167,Damiano,Martusov,dmartusov4m@biglobe.ne.jp,35,Male
6168,Bail,Sprasen,bsprasen4n@github.com,58,
6169,Hunfredo,Shera,hshera4o@addtoany.com,49,Male
6170,Crystal,Moakes,cmoakes4p@imdb.com,42,Female
6171,Rodolphe,Mumberson,rmumberson4q@yelp.com,28,Male
6172,Reese,Stables,rstables4r@ask.com,30,Male
6173,Viki,Holwell,vholwell4s@trellian.com,50,Female
6174,Carol,Domegan,cdomegan4t@answers.com,31,Female
6175,Dena,Hullin,dhullin4u@seesaa.net,36,Female
6176,Neille,Dearle,ndearle4v@chronoengine.com,62,Female
6177,Tessa,Vasilevich,tvasilevich4w@webs.com,54,F
6178,Bo,Verring,bverring4x@smugmug.com,20 years,Male
6179,Windham,Dyter,wdyter4y@histats.com,56,Male
6180,Rania,Pestell,rpestell4z@typepad.com,32,Female
6181,Derek,O' Donohoe,dodonohoe50@amazonaws.com,0,Male
6182,Cathi,Nabbs,cnabbs51@columbia.edu,60 years,
6183,Walther,Hacquoil,whacquoil52@baidu.com,33,Male
6184,Rock,Allanson,rallanson53@ucoz.com,33,Male
6185,Sandie,Brian,sbrian54@usda.gov,23 years,Female
6186,Sonnnie,Gobel,sgobel55@symantec.com,59,Female
6187,Johnathan,Seger,jseger56@mediafire.com,30,Male
6188,Vilma,Hamblyn,vhamblyn57@oakley.com,28,Female
6189,Meyer,Funcheon,mfuncheon58@nifty.com,46,Male
6190,Vinny,Baty,vbaty59@meetup.com,64 years,Male
6191,Clemmie,Ashbrook,cashbrook5a@ezinearticles.com,36 years,M
6192,Ramsey,Dinsell,rdinsell5b@parallels.com,34,Male
6193,Winonah,Castelletto,wcastelletto5c@php.net,55 years,Female
6194,Shoshanna,Corten,scorten5d@comsenz.com,0,Female
6195,Andee,Grinnikov,agrinnikov5e@google.ca,60,Female
6196,Caria,Forrington,cforrington5f@xing.com,39 years,Female
6197,Yardley,Klemensiewicz,yklemensiewicz5g@arizona.edu,28,Male
6198,Delly,Whittall,dwhittall5h@eventbrite.com,43 years,
6199,Vanya,Bradburn,vbradburn5i@addthis.com,28,M
6200,Moina,Bediss,mbediss5j@opensource.org,46,Female
6201,Grantley,Anfrey,ganfrey5k@independent.co.uk,58,Male
6202,Nicoline,Baptiste,nbaptiste5l@ezinearticles.com, years,Female
6203,Davis,Mattiazzo,dmattiazzo5m@yellowpages.com,53,
6204,Barty,Caltera,bcaltera5n@smugmug.com,59,Male
6205,Elmira,Bloxam,ebloxam5o@opera.com,44,F
6206,Aline,Quarton,aquarton5p@prlog.org,22,Female
6207,Regina,Jickles,rjickles5q@accuweather.com,42,F
6208,Ruthann,Curwen,rcurwen5r@foxnews.com,56,Female
6209,Yul,Gayton,ygayton5s@home.pl,64,Male
6210,Tomasina,Jeste,tjeste5t@buzzfeed.com,56,Female
6211,Dud,Krabbe,dkrabbe5u@merriam-webster.com,49,Male
6212,Tarrah,Adderley,tadderley5v@twitpic.com,44,F
6213,Cicily,Gearing,cgearing5w@engadget.com,48 years,Female
6214,Berny,Wiggall,bwiggall5x@delicious.com,0,Female
6215,Ivonne,Mecchi,imecchi5y@hexun.com,0,Female
6216,Polly,Craigie,pcraigie5z@craigslist.org,45 years,Female
6217,Clyve,Snowding,csnowding60@gnu.org,61 years,M
6218,Lawry,Reuss,lreuss61@51.la,46 years,M
6219,Shay,Drable,sdrable62@latimes.com,62 years,M
6220,Cristobal,Byrom,cbyrom63@dedecms.com,54,M
6221,Urbain,Franchioni,ufranchioni64@drupal.org,18 years,M
6222,Brooke,Kasperski,bkasperski65@ucoz.com,59 years,M
6223,Peg,Chalker,pchalker66@t.co,39,F
6224,Giulio,Peverell,gpeverell67@nbcnews.com,34,Male
6225,Lucian,Lummus,llummus68@github.com,0,Male
6226,Dietrich,Dunne,ddunne69@free.fr,19,Male
6227,Betteanne,Cromwell,bcromwell6a@edublogs.org,42,Female
6228,Marlon,Klosges,mklosges6b@ocn.ne.jp,33 years,Male
6229,James,Lezemore,jlezemore6c@1und1.de,59,Male
6230,Greg,Vidineev,gvidineev6d@ucla.edu,56,Male
6231,Abbe,Ossenna,aossenna6e@indiegogo.com,33,F
6232,Winfield,Pucknell,wpucknell6f@epa.gov,19,Male
6233,Harry,Brooking,hbrooking6g@hatena.ne.jp,28,Male
6234,Darcie,Bison,dbison6h@clickbank.net,24 years,F
6235,Cosmo,Rocco,crocco6i@soundcloud.com,41 years,Male
6236,Boyd,Cliff,bcliff6j@discovery.com,0,M
6237,Thomasa,Yakunin,tyakunin6k@webeden.co.uk,50,F
6238,Omar,Yglesia,oyglesia6l@kickstarter.com,41,M
6239,Clarissa,Saw,csaw6m@paginegialle.it,46,Female
6240,Priscilla,Horlock,phorlock6n@livejournal.com,60,Female
6241,Derry,McCarle,dmccarle6o@ameblo.jp,62 years,M
6242,Charla,Kilday,ckilday6p@cisco.com,24,Female
6243,Arabella,Himpson,ahimpson6q@posterous.com,22,Female
6244,Eba,Mahood,emahood6r@walmart.com,0,
6245,Catriona,Scudamore,cscudamore6s@slideshare.net,41,F
6246,Mattie,Briant,mbriant6t@elegantthemes.com,0,Female
6247,Stacy,Snoddy,ssnoddy6u@example.com,40,Female
6248,Leda,Petrolli,lpetrolli6v@dyndns.org,19,Female
6249,Petunia,Corking,pcorking6w@fda.gov,34,Female
6250,Elie,Pollington,epollington6x@wordpress.org,33,
6251,Hertha,Caistor,hcaistor6y@jimdo.com,41,
6252,Myca,Gumn,mgumn6z@flickr.com,20,Male
6253,Natalee,Hanlin,nhanlin70@facebook.com,38,Female
6254,Philly,Riseley,priseley71@noaa.gov,56 years,Female
6255,Lucie,Varns,lvarns72@census.gov,54,Female
6256,Johann,Andreu,jandreu73@sun.com,21,M
6257,Lisette,Calbert,lcalbert74@time.com,42,Female
6258,Mycah,Fraanchyonok,mfraanchyonok75@ocn.ne.jp,45,Male
6259,Wilhelmine,Chappel,wchappel76@webs.com,47,Female
6260,Tressa,Leeson,tleeson77@wsj.com,35,F
6261,Petronia,Weld,pweld78@discuz.net,46,F
6262,Klaus,Armfirld,karmfirld79@jalbum.net,42,M
6263,Gunter,Peeke-Vout,gpeekevout7a@exblog.jp,48 years,Male
6264,Lotta,Gateley,lgateley7b@nytimes.com,39,Female
6265,Karil,Keely,kkeely7c@ihg.com,44,F
6266,Hammad,Inchbald,hinchbald7d@washington.edu,32,
6267,Lonny,Benedick,lbenedick7e@youtube.com,28,Male
6268,Tresa,Yurevich,tyurevich7f@psu.edu,20,Female
6269,Gnni,English,genglish7g@163.com,33,Female
6270,Tedie,Bennit,tbennit7h@com.com,35,Male
6271,Smith,Minger,sminger7i@mayoclinic.com,63,Male
6272,Euell,Giacoppoli,egiacoppoli7j@imdb.com,50,Male
6273,Augie,Duckfield,aduckfield7k@nyu.edu,60 years,Male
6274,Tonia,Leteurtre,tleteurtre7l@gravatar.com,45 years,Female
6275,Elena,Carruthers,ecarruthers7m@cmu.edu,21,Female
6276,Anet,Uren,auren7n@ebay.com,45,F
6277,Norris,McSwan,nmcswan7o@cafepress.com,39,Male
6278,Valentia,Padberry,vpadberry7p@goo.ne.jp,39,Female
6279,Lammond,Gillan,lgillan7q@abc.net.au,37,Male
6280,Shelia,Bovingdon,sbovingdon7r@state.gov,45,F
6281,Brent,Cubbinelli,bcubbinelli7s@go.com,21 years,M
6282,Vick,Halward,vhalward7t@springer.com,40,Male
6283,Kaycee,Cadwallader,kcadwallader7u@webs.com,23,Female
6284,Thalia,Klimontovich,tklimontovich7v@tinypic.com,29,Female
6285,Ermina,Betteney,ebetteney7w@wsj.com,56,Female
6286,Vinnie,Harvison,vharvison7x@1und1.de,63,Female
6287,Gayler,Wheildon,gwheildon7y@slate.com,51,Male
6288,Tony,Kield,tkield7z@ft.com,60,Female
6289,Bob,Ewbanks,bewbanks80@epa.gov,41,Male
6290,Queenie,Massingberd,qmassingberd81@youku.com,0,F
6291,Gennifer,Gimbart,ggimbart82@geocities.jp,42,
6292,Irma,Landman,ilandman83@about.me,40,
6293,Andrew,Penas,apenas84@shop-pro.jp,44 years,Male
6294,May,Ilyinykh,milyinykh85@4shared.com,39 years,Female
6295,Inger,Van den Oord,ivandenoord86@woothemes.com,42 years,M
6296,Krystalle,Eccersley,keccersley87@prweb.com,53 years,Female
6297,Rosa,Franceschelli,rfranceschelli88@ca.gov,54,Female
6298,Zachariah,Petrolli,zpetrolli89@quantcast.com,40,
6299,Kerwin,Stebbins,kstebbins8a@list-manage.com,21,Male
6300,Francis,Tollett,ftollett8b@51.la,65,Male
6301,Ariadne,Vanes,avanes8c@usa.gov,20 years,Female
6302,Bob,Grimolbie,bgrimolbie8d@simplemachines.org,59,Male
6303,Jemie,Westrip,jwestrip8e@themeforest.net,46,
6304,Terra,Jecks,tjecks8f@unc.edu,42,Female
6305,Ardine,Aubrun,aaubrun8g@scribd.com,54,Female
6306,Clay,Upcott,cupcott8h@so-net.ne.jp,29 years,Male
6307,Rasia,Vlasyev,rvlasyev8i@instagram.com,26,
6308,Donalt,Pinkard,dpinkard8j@dailymail.co.uk,53,
6309,Adriane,Sarah,asarah8k@paypal.com,0,F
6310,Twila,Moverley,tmoverley8l@toplist.cz, years,Female
6311,Helaine,Fillan,hfillan8m@google.fr,46,Female
6312,Liuka,Boosey,lboosey8n@marriott.com,29,Female
6313,Gonzales,Brugmann,gbrugmann8o@google.it,23,Male
6314,Gannon,Pender,gpender8p@army.mil,50,Male
6315,Emanuele,Postle,epostle8q@naver.com,47 years,Male
6316,Pauly,Veltmann,pveltmann8r@comcast.net,56,F
6317,Aeriel,Hinder,ahinder8s@google.pl,48 years,F
6318,Jessalyn,Rands,jrands8t@godaddy.com,0,Female
6319,Onida,Dommersen,odommersen8u@bigcartel.com,57,Female
6320,Corbet,Lodovichi,clodovichi8v@naver.com,55,M
6321,Rosemaria,Maclaine,rmaclaine8w@newyorker.com,61,F
6322,Britney,Woolens,bwoolens8x@mtv.com,57,Female
6323,Corrie,Iskow,ciskow8y@bing.com,31 years,Male
6324,Major,Greatham,mgreatham8z@goo.gl,52,Male
6325,Dody,Caveill,dcaveill90@about.com,24,F
6326,Kass,Ciobotaru,kciobotaru91@theguardian.com,29 years,Female
6327,Angeline,Fisby,afisby92@i2i.jp,0,Female
6328,Ynes,Attersoll,yattersoll93@ed.gov,35,Female
6329,Rodrique,Priest,rpriest94@telegraph.co.uk,51 years,Male
6330,Kara-lynn,Balsellie,kbalsellie95@php.net,39,Female
6331,Kaitlynn,Lawlance,klawlance96@harvard.edu,56,Female
6332,Ross,O'Dogherty,rodogherty97@apple.com,31,Male
6333,Keelby,Grane,kgrane98@51.la,32,Male
6334,Maribelle,Widdocks,mwiddocks99@narod.ru,54,Female
6335,Fawne,Brearton,fbrearton9a@mozilla.org,29,F
6336,Gustavus,Rimell,grimell9b@comcast.net,23 years,Male
6337,Bunny,Brack,bbrack9c@irs.gov,39,Female
6338,Feodora,Hulland,fhulland9d@1und1.de,30,F
6339,Merna,Bonnavant,mbonnavant9e@nationalgeographic.com,54,Female
6340,Jamaal,Goreway,jgoreway9f@qq.com,0,Male
6341,Moise,Uttermare,muttermare9g@tripadvisor.com,60,Male
6342,Allister,Shirtcliffe,ashirtcliffe9h@sakura.ne.jp,61,M
6343,Carlin,Maudlin,cmaudlin9i@wp.com,46,
6344,Arley,Pauley,apauley9j@adobe.com,35,Male
6345,Evelyn,Chrystie,echrystie9k@upenn.edu,63,Male
6346,Mitchell,Flynn,mflynn9l@seesaa.net,35,
6347,Donetta,Alvarado,dalvarado9m@cnet.com,51 years,Female
6348,Marys,Lattos,mlattos9n@dropbox.com,27,Female
6349,Ingaberg,Bluschke,ibluschke9o@last.fm,38,Female
6350,Jojo,Insall,jinsall9p@businessinsider.com,44,Female
6351,Meggie,Kenrack,mkenrack9q@hc360.com,63 years,
6352,Sashenka,Wethers,swethers9r@oakley.com,39 years,Female
6353,Miguel,Whittingham,mwhittingham9s@photobucket.com,30,M
6354,Siffre,Devonside,sdevonside9t@unicef.org,33,Male
6355,Blaine,Winslow,bwinslow9u@uol.com.br,60,
6356,Huberto,Baton,hbaton9v@domainmarket.com,62,Male
6357,Kelcey,Wesker,kwesker9w@ftc.gov,0,F
6358,Dolf,Kier,dkier9x@sphinn.com,24,M
6359,Merrel,Le Fevre,mlefevre9y@indiegogo.com,56 years,Male
6360,Marcellus,Andreuzzi,mandreuzzi9z@home.pl,18 years,Male
6361,Leonhard,Franseco,lfransecoa0@homestead.com,26,
6362,Vivian,Woollam,vwoollama1@woothemes.com,0,
6363,Jerome,Plester,jplestera2@psu.edu,59 years,Male
6364,Paxton,Borrow,pborrowa3@omniture.com,54,Male
6365,Bengt,Caustic,bcaustica4@auda.org.au,0,Male
6366,Carin,Dalgardno,cdalgardnoa5@g.co,53,Female
6367,Emery,Heineking,eheinekinga6@newyorker.com,21,Male
6368,Wayland,Wilman,wwilmana7@privacy.gov.au,49,Male
6369,Archie,Vigar,avigara8@sogou.com,58,Male
6370,Lenee,Laffranconi,llaffranconia9@scientificamerican.com,33,
6371,Brendon,Grimsdike,bgrimsdikeaa@wikimedia.org,0,
6372,Emery,Johnigan,ejohniganab@tinypic.com,48 years,Male
6373,Ced,Maddern,cmaddernac@loc.gov,36,Male
6374,Gwenni,Nisuis,gnisuisad@howstuffworks.com,36,F
6375,Raymond,Kobelt,rkobeltae@deviantart.com,24,Male
6376,Erminia,Bullingham,ebullinghamaf@plala.or.jp,63,Female
6377,Alexandr,Grigoroni,agrigoroniag@nba.com,0,
6378,Maire,Igounet,migounetah@ucla.edu,30,Female
6379,Haywood,Trowill,htrowillai@ihg.com,25,Male
6380,Gallard,Hurring,ghurringaj@tripod.com,27,
6381,Hewie,Bleakman,hbleakmanak@dion.ne.jp,42,Male
6382,Chrissie,Sivyer,csivyeral@paypal.com,18,
6383,Pia,Whebell,pwhebellam@angelfire.com,33,F
6384,Karen,Markson,kmarksonan@addtoany.com,58,Female
6385,Lorne,Schirach,lschirachao@bing.com,55 years,Female
6386,Jaimie,Cisar,jcisarap@unc.edu,26,Female
6387,Kerk,McCosh,kmccoshaq@t.co,62 years,Male
6388,Jamal,Duiguid,jduiguidar@yelp.com,19,Male
6389,Grove,Duchasteau,gduchasteauas@geocities.jp,65,M
6390,Madelaine,Reightley,mreightleyat@vinaora.com,36,Female
6391,Marcellina,Rimes,mrimesau@yandex.ru,40,Female
6392,Nissy,Cornils,ncornilsav@hc360.com,32,F
6393,Arnaldo,Gutans,agutansaw@live.com,31 years,Male
6394,Austin,Kasparski,akasparskiax@nyu.edu, years,Male
6395,Maxie,Stelle,mstelleay@miibeian.gov.cn,21 years,Male
6396,Zach,Nightingale,znightingaleaz@oakley.com,58,Male
6397,Abby,Jesper,ajesperb0@thetimes.co.uk,43,Male
6398,Timmi,Rutland,trutlandb1@usnews.com,40,Female
6399,Natty,Dubbin,ndubbinb2@hubpages.com,55 years,Male
6400,Carey,Greystoke,cgreystokeb3@nsw.gov.au,35,Female
6401,Ephraim,Brunger,ebrungerb4@comcast.net,25,
6402,Cornall,Lepoidevin,clepoidevinb5@ow.ly,18,Male
6403,Catrina,Kleszinski,ckleszinskib6@nhs.uk,38,F
6404,Hewitt,Kirwood,hkirwoodb7@newyorker.com,40 years,M
6405,Maurizio,Felce,mfelceb8@yellowbook.com,47,M
6406,Irvin,Preedy,ipreedyb9@simplemachines.org,58,M
6407,Pearce,Willoughway,pwilloughwayba@amazon.co.uk,0,M
6408,Husein,Myhan,hmyhanbb@narod.ru,34,Male
6409,Rudolph,Kettlestring,rkettlestringbc@mozilla.com,24,Male
6410,Saul,Magson,smagsonbd@earthlink.net,26,Male
6411,Joachim,Olver,jolverbe@spiegel.de,64,Male
6412,Addy,Izkoveski,aizkoveskibf@multiply.com,0,Male
6413,Haskell,Sanbrook,hsanbrookbg@fastcompany.com,49,Male
6414,Rem,Saylor,rsaylorbh@yale.edu,35,Male
6415,Cherrita,Emanson,cemansonbi@cisco.com,54 years,Female
6416,Cleo,Doniso,cdonisobj@lycos.com,26,
6417,Jonathan,Wilmore,jwilmorebk@eepurl.com,54,M
6418,Cherri,Sange,csangebl@europa.eu,56,F
6419,Nickolas,Inkles,ninklesbm@list-manage.com,20,Male
6420,Dinny,Tregunna,dtregunnabn@ucsd.edu,20,Female
6421,Jdavie,Audiss,jaudissbo@ycombinator.com,63,
6422,Ashbey,Leveritt,aleverittbp@intel.com,47 years,Male
6423,Conn,Elcock,celcockbq@alexa.com,47,Male
6424,Gwenette,Chansonnau,gchansonnaubr@yellowpages.com,60,Female
6425,Ferdinande,Lindley,flindleybs@elpais.com,20,Female
6426,Laurene,Jonathon,ljonathonbt@vkontakte.ru,55 years,F
6427,Linell,Hanscombe,lhanscombebu@bing.com,42,Female
6428,Tris,Greated,tgreatedbv@xing.com,58,Male
6429,Zorah,Skyme,zskymebw@plala.or.jp,63,F
6430,Jaymie,Gilberthorpe,jgilberthorpebx@elegantthemes.com,60,Male
6431,Marcille,Slowgrave,mslowgraveby@1und1.de,57,F
6432,Lissy,Scarse,lscarsebz@4shared.com,46,Female
6433,Mikol,Plumstead,mplumsteadc0@tmall.com,49,Male
6434,Denver,Snowball,dsnowballc1@oracle.com,44,Male
6435,Renaldo,Semmence,rsemmencec2@cocolog-nifty.com,37,Male
6436,Thorpe,Tiesman,ttiesmanc3@dailymotion.com,54,Male
6437,Eolande,Baggalley,ebaggalleyc4@smh.com.au,38,
6438,Hewett,Dickins,hdickinsc5@cpanel.net,20 years,M
6439,Archer,Musprat,amuspratc6@delicious.com,26,Male
6440,Yoshi,Cristobal,ycristobalc7@gov.uk,28,Female
6441,Phelia,Futty,pfuttyc8@histats.com,60,Female
6442,Fair,Gery,fgeryc9@technorati.com,19,Male
6443,Steffen,Varga,svargaca@stanford.edu,25,Male
6444,Dorri,Wherry,dwherrycb@qq.com,24,
6445,Sammie,Grigolli,sgrigollicc@yolasite.com,21,Male
6446,Debra,Fidgin,dfidgincd@shareasale.com,64,Female
6447,Elwood,Popworth,epopworthce@utexas.edu,18,Male
6448,Cyndia,Lattimer,clattimercf@aboutads.info,37,Female
6449,Ladonna,Alp,lalpcg@netlog.com,30,Female
6450,Douglas,Sleath,dsleathch@samsung.com,32,Male
6451,Josey,Pardi,jpardici@marriott.com,45,Female
6452,Yulma,Hunnable,yhunnablecj@cbslocal.com,52,M
6453,Kaitlin,Marden,kmardenck@washington.edu,32 years,Female
6454,Chantalle,Spuffard,cspuffardcl@dyndns.org,0,Female
6455,Deva,O'Fallon,dofalloncm@technorati.com,38,Female
6456,Lucian,Thorouggood,lthorouggoodcn@biblegateway.com,0,Male
6457,Ives,Vinau,ivinauco@cloudflare.com,54,M
6458,Vivien,Langmaid,vlangmaidcp@w3.org,29,Female
6459,Monroe,Alderton,maldertoncq@yahoo.com,21,Male
6460,Amandi,Eastway,aeastwaycr@arizona.edu,0,F
6461,Gisela,Rummer,grummercs@github.io,30,
6462,Melicent,Blake,mblakect@mozilla.com,57,Female
6463,Yoko,Filpi,yfilpicu@dyndns.org,65 years,Female
6464,Virgie,Guterson,vgutersoncv@globo.com,0,F
6465,Merissa,Shewsmith,mshewsmithcw@slideshare.net,54 years,F
6466,Wendye,Whyard,wwhyardcx@sitemeter.com,60,
6467,Sully,Tocqueville,stocquevillecy@fc2.com,20,Male
6468,Billy,Joplin,bjoplincz@pcworld.com,56,Female
6469,Agnes,Brundill,abrundilld0@mashable.com,62,Female
6470,Joy,Mackrill,jmackrilld1@storify.com,56,Female
6471,Fawnia,Crosoer,fcrosoerd2@businesswire.com,58,
6472,Dwayne,Parradine,dparradined3@ustream.tv,28,Male
6473,Lillian,Janca,ljancad4@over-blog.com,54,Female
6474,Misty,Toop,mtoopd5@yellowbook.com,47,Female
6475,Mamie,Dallin,mdallind6@meetup.com,24,Female
6476,Virgilio,Crothers,vcrothersd7@vinaora.com,47,Male
6477,Flora,Alldread,falldreadd8@1und1.de,63 years,Female
6478,Haywood,Naile,hnailed9@com.com, years,Male
6479,Wandis,Sidaway,wsidawayda@umich.edu,26,Female
6480,Mariejeanne,Sommersett,msommersettdb@deviantart.com,19,F
6481,Baily,Baradel,bbaradeldc@discuz.net,41,
6482,Kliment,McGuigan,kmcguigandd@i2i.jp,40 years,
6483,Humfrid,Crolla,hcrollade@jimdo.com,38,Male
6484,Dalila,Verey,dvereydf@typepad.com,35 years,Female
6485,Domingo,Shore,dshoredg@about.me,0,Male
6486,Caspar,Phillpotts,cphillpottsdh@ow.ly,21,Male
6487,Harlen,Crabbe,hcrabbedi@is.gd,45,Male
6488,Indira,Guwer,iguwerdj@google.fr,62,Female
6489,Anna-maria,Smale,asmaledk@rambler.ru,35,F
6490,Graeme,Casterou,gcasteroudl@state.tx.us,46,Male
6491,Ivor,Keelinge,ikeelingedm@pbs.org,56,Male
6492,Whitney,Ornils,wornilsdn@si.edu,23,Male
6493,Delmer,Hawkin,dhawkindo@wisc.edu,0,Male
6494,Lesli,Breukelman,lbreukelmandp@nationalgeographic.com,23,Female
6495,Franny,Buney,fbuneydq@tamu.edu,0,Female
6496,Errick,Gwioneth,egwionethdr@bloglines.com,59,Male
6497,Lissie,Rebichon,lrebichonds@webs.com,25,Female
6498,Kinsley,Bewshea,kbewsheadt@addtoany.com,18 years,Male
6499,Giffy,Nolan,gnolandu@tamu.edu,22,Male
6500,Sherry,Klemz,sklemzdv@aol.com,27,Female
6501,Robbie,Camilleri,rcamilleridw@oakley.com,53,
6502,Crystie,Hayton,chaytondx@sakura.ne.jp,38,F
6503,Beauregard,Marikhin,bmarikhindy@springer.com,22 years,M
6504,Dulcinea,Deveril,ddeverildz@weebly.com,19,Female
6505,Rad,Lowndsborough,rlowndsboroughe0@wordpress.com,65,Male
6506,Shaylyn,Breffit,sbreffite1@dell.com,51,Female
6507,Winni,Grunson,wgrunsone2@usgs.gov,23,F
6508,Cate,Cavalier,ccavaliere3@webnode.com,40,Female
6509,Adrienne,Nials,anialse4@free.fr,38 years,Female
6510,Zack,Hessing,zhessinge5@yellowpages.com,42,M
6511,Reginald,Chirm,rchirme6@opensource.org,50,Male
6512,Damara,Rampling,dramplinge7@yale.edu,22,F
6513,Dorita,Headingham,dheadinghame8@angelfire.com,56,Female
6514,Catlaina,Cornthwaite,ccornthwaitee9@free.fr,19 years,Female
6515,Susann,Tocque,stocqueea@hhs.gov,27,Female
6516,Vinnie,Barham,vbarhameb@google.co.uk,41,Male
6517,Ethe,Jelkes,ejelkesec@godaddy.com,63,Male
6518,Grayce,Fliege,gfliegeed@paginegialle.it,31,Female
6519,Ludwig,Burton,lburtonee@example.com,37,
6520,Jane,Chislett,jchislettef@addthis.com,32,Female
6521,Anet,Steely,asteelyeg@ucoz.com,32,Female
6522,Dewain,Drivers,ddriverseh@usatoday.com, years,M
6523,Armstrong,Leicester,aleicesterei@independent.co.uk,48,Male
6524,Adriane,Edie,aedieej@rakuten.co.jp,50,Female
6525,Torrin,Ghiron,tghironek@domainmarket.com,35,Male
6526,Chrysler,Titchmarsh,ctitchmarshel@list-manage.com,46,Female
6527,Patricio,Le Grice,plegriceem@icio.us,58 years,
6528,Winnifred,Kohnen,wkohnenen@clickbank.net,0,Female
6529,Audie,Ganniclifft,agannicliffteo@bbc.co.uk,32,Female
6530,Duke,Sparkwill,dsparkwillep@wisc.edu,55,Male
6531,Donall,Clawley,dclawleyeq@ftc.gov,34 years,Male
6532,Leeann,Bosse,lbosseer@vimeo.com,0,Female
6533,Read,Colley,rcolleyes@loc.gov,22,Male
6534,Filide,MacGray,fmacgrayet@twitpic.com,22,F
6535,Shalna,O'Dulchonta,sodulchontaeu@zimbio.com,49,
6536,Udall,Samet,usametev@trellian.com,49,Male
6537,Frannie,Beharrell,fbeharrellew@hostgator.com,51,F
6538,Shelagh,Newing,snewingex@networksolutions.com,65,Female
6539,Cleo,Slides,cslidesey@slideshare.net,33,Female
6540,Eb,Torrecilla,etorrecillaez@gnu.org,34,Male
6541,Pansie,Eteen,peteenf0@networkadvertising.org,0,Female
6542,Gui,Daltrey,gdaltreyf1@netvibes.com,28,F
6543,Emile,McKaile,emckailef2@ebay.co.uk,61 years,Male
6544,Amalee,Peaple,apeaplef3@shutterfly.com,37,Female
6545,Gris,Gilstin,ggilstinf4@merriam-webster.com,34,Male
6546,Shay,Allcroft,sallcroftf5@bloglovin.com,31,Female
6547,Garrick,Goldup,ggoldupf6@macromedia.com,24,Male
6548,Rafaelita,Gerger,rgergerf7@marketwatch.com,0,
6549,Sidnee,Le land,slelandf8@paginegialle.it,38 years,Male
6550,Erhart,Bolley,ebolleyf9@tiny.cc,58,Male
6551,Fonz,Doumerc,fdoumercfa@fc2.com,35,
6552,Chet,Routley,croutleyfb@google.pl,0,Male
6553,Alexio,Dumper,adumperfc@reddit.com,49,Male
6554,Packston,Klamman,pklammanfd@globo.com,58,Male
6555,Wood,Edland,wedlandfe@japanpost.jp,50,
6556,Esteban,De Blasi,edeblasiff@telegraph.co.uk,53 years,
6557,Giorgia,Biskupski,gbiskupskifg@umich.edu,31 years,F
6558,Pancho,Di Giacomettino,pdigiacomettinofh@va.gov,33,M
6559,Kennan,Jakab,kjakabfi@eventbrite.com,36,Male
6560,Lynnelle,Ellershaw,lellershawfj@auda.org.au,25,F
6561,Car,Shottin,cshottinfk@google.co.jp,18,Male
6562,Roddy,Clutterbuck,rclutterbuckfl@wix.com,22 years,Male
6563,Doe,Jagoe,djagoefm@cnet.com,24,Female
6564,Kimberlyn,Featherstonhalgh,kfeatherstonhalghfn@reference.com,52,Female
6565,Silvia,Smallpeace,ssmallpeacefo@wired.com,32,Female
6566,Dick,Rutherford,drutherfordfp@shutterfly.com,0,Male
6567,Berty,Sebborn,bsebbornfq@stumbleupon.com,42,Male
6568,Brandy,Artist,bartistfr@stanford.edu,38 years,Male
6569,Dari,De Domenici,ddedomenicifs@admin.ch,60,Female
6570,Thatch,Tomanek,ttomanekft@ameblo.jp,29 years,Male
6571,Vanya,Vigietti,vvigiettifu@nytimes.com, years,Male
6572,Mellisent,Heikkinen,mheikkinenfv@wikia.com,43 years,
6573,Gayle,Bontine,gbontinefw@skyrock.com,18,M
6574,Remington,Pedel,rpedelfx@twitter.com,42,Male
6575,Ailsun,Chidgey,achidgeyfy@sourceforge.net,0,Female
6576,Harman,Palatino,hpalatinofz@ameblo.jp,29 years,Male
6577,Lanette,Farnworth,lfarnworthg0@cmu.edu,48,Female
6578,Ferris,Pane,fpaneg1@home.pl,31,M
6579,Conny,Blakeway,cblakewayg2@shareasale.com, years,Male
6580,Ashton,Whitmore,awhitmoreg3@fotki.com,27,Male
6581,Filip,Craigie,fcraigieg4@arizona.edu,34,Male
6582,Mickie,Vaun,mvaung5@jugem.jp,51 years,Female
6583,Devland,Brodest,dbrodestg6@gizmodo.com,31,
6584,Saidee,Dunklee,sdunkleeg7@dot.gov,59,Female
6585,Francklyn,Fenimore,ffenimoreg8@bravesites.com,53 years,Male
6586,Marja,Zambon,mzambong9@netscape.com,45,Female
6587,Audi,Bredgeland,abredgelandga@opera.com,27 years,Female
6588,Elsie,Cornick,ecornickgb@nih.gov,25,Female
6589,Jany,Couvet,jcouvetgc@de.vu,48 years,
6590,Tobi,Frosch,tfroschgd@apache.org,47,Female
6591,Salvidor,Loynes,sloynesge@edublogs.org,29,M
6592,Mateo,Juris,mjurisgf@vinaora.com,42,
6593,Laurie,Berthelet,lbertheletgg@ft.com,34,M
6594,Dante,Klimentyonok,dklimentyonokgh@statcounter.com,22 years,Male
6595,Kilian,Egerton,kegertongi@merriam-webster.com,0,Male
6596,Dud,Hainey,dhaineygj@cisco.com,64,Male
6597,Alice,Decort,adecortgk@buzzfeed.com,23,F
6598,Ignaz,Keay,ikeaygl@chronoengine.com,49,Male
6599,Meggie,Vise,mvisegm@ebay.co.uk,49,Female
6600,Bili,Kain,bkaingn@twitter.com,32,Female
6601,Gizela,Quittonden,gquittondengo@amazon.co.uk,26 years,Female
6602,Celestyn,Kopisch,ckopischgp@ucoz.ru,23,Female
6603,Bill,Newnham,bnewnhamgq@comcast.net, years,F
6604,Abra,Jose,ajosegr@weebly.com,44,F
6605,Alexei,Blooman,abloomangs@scientificamerican.com, years,Male
6606,Reba,Rofe,rrofegt@soundcloud.com,48,Female
6607,Wolfy,Kilbee,wkilbeegu@scribd.com,22,M
6608,Pauletta,Gilpillan,pgilpillangv@bandcamp.com,19,Female
6609,Gard,Winslet,gwinsletgw@feedburner.com,27,Male
6610,Sandy,Davidovich,sdavidovichgx@ning.com,27,Female
6611,Kala,Follitt,kfollittgy@cdbaby.com,34,Female
6612,Liuka,Tzar,ltzargz@symantec.com,50,F
6613,Donica,Sails,dsailsh0@google.com.br,40,
6614,Trevar,Stanlack,tstanlackh1@1688.com,0,Male
6615,Jorgan,Frederick,jfrederickh2@plala.or.jp,40,Male
6616,Barbie,Sewall,bsewallh3@ovh.net,58 years,
6617,Celisse,Annes,cannesh4@cnet.com,56,Female
6618,Amby,Mayworth,amayworthh5@qq.com,32 years,Male
6619,Terese,Goulborn,tgoulbornh6@china.com.cn,35,Female
6620,Bernarr,Stubley,bstubleyh7@upenn.edu,39,Male
6621,Jerrilyn,Witheford,jwithefordh8@huffingtonpost.com,50,Female
6622,Bink,Balderson,bbaldersonh9@fastcompany.com,27,M
6623,Darwin,Fuggles,dfugglesha@histats.com,29,Male
6624,Christian,Blakelock,cblakelockhb@microsoft.com,41,Female
6625,Celesta,Kilbourn,ckilbournhc@slideshare.net,47,F
6626,Dreddy,Riediger,driedigerhd@behance.net,53,Female
6627,Milli,Reece,mreecehe@naver.com,37 years,Female
6628,Standford,Da Costa,sdacostahf@istockphoto.com,38,M
6629,Dredi,Blatcher,dblatcherhg@amazon.de,31,Female
6630,Rey,Shorte,rshortehh@omniture.com,23,Male
6631,Doloritas,Scalia,dscaliahi@newsvine.com,22 years,Female
6632,Chantalle,Incogna,cincognahj@nih.gov,61 years,Female
6633,Lorinda,Snarie,lsnariehk@lycos.com,0,F
6634,Dion,Bunton,dbuntonhl@tinypic.com,35,
6635,Fabiano,Groome,fgroomehm@state.gov,24 years,Male
6636,Lorette,Matijasevic,lmatijasevichn@prnewswire.com,37,Female
6637,Benny,Rudledge,brudledgeho@japanpost.jp,0,Male
6638,Magnum,Sleith,msleithhp@craigslist.org,23,Male
6639,Janis,Scholefield,jscholefieldhq@livejournal.com,24,
6640,Billy,Paragreen,bparagreenhr@studiopress.com,50,F
6641,Leodora,Imison,limisonhs@free.fr,65,Female
6642,Janos,Heddan,jheddanht@hatena.ne.jp,60,Male
6643,Abe,Allardyce,aallardycehu@cocolog-nifty.com,19,Male
6644,Jaime,Brimfield,jbrimfieldhv@dmoz.org,53,Male
6645,Lancelot,Demschke,ldemschkehw@quantcast.com,31,Male
6646,Florence,Kopmann,fkopmannhx@dedecms.com,54,F
6647,Case,Loude,cloudehy@sitemeter.com,38,M
6648,Nathalia,Kill,nkillhz@example.com,61,
6649,Purcell,Kennerknecht,pkennerknechti0@cnet.com,64,
6650,Loella,Gookes,lgookesi1@arizona.edu,59,Female
6651,Sharia,Thaxter,sthaxteri2@time.com,58,Female
6652,Rodge,Begbie,rbegbiei3@example.com,41,Male
6653,Coleen,Audritt,caudritti4@toplist.cz,31,Female
6654,Amalee,Jendrich,ajendrichi5@biblegateway.com, years,Female
6655,Keary,Licciardi,klicciardii6@kickstarter.com,55,M
6656,Lula,Benwell,lbenwelli7@youku.com,58,F
6657,Carline,Fegan,cfegani8@ocn.ne.jp,19,Female
6658,Hardy,Brandel,hbrandeli9@ning.com,28 years,Male
6659,Keefe,Pottle,kpottleia@istockphoto.com,49 years,Male
6660,Kania,Fripp,kfrippib@devhub.com,61,
6661,Caitrin,Roach,croachic@topsy.com,56 years,Female
6662,Dev,Kobel,dkobelid@163.com,35 years,Male
6663,Giles,Markovich,gmarkovichie@tamu.edu,57,M
6664,Kelly,Keynd,kkeyndif@paginegialle.it,37,Male
6665,Imogen,Chadwin,ichadwinig@usa.gov,40,Female
6666,Onfre,Postlethwaite,opostlethwaiteih@spotify.com,61,Male
6667,Natalie,Holson,nholsonii@cargocollective.com,18,Female
6668,Dyana,Guilaem,dguilaemij@bandcamp.com,36,Female
6669,Ofilia,Staff,ostaffik@webnode.com,0,Female
6670,Abra,Ratter,aratteril@privacy.gov.au,43,Female
6671,Maryrose,Kissock,mkissockim@dmoz.org,51 years,Female
6672,Tedd,Spurriar,tspurriarin@etsy.com,23,Male
6673,Cate,McCarney,cmccarneyio@smugmug.com,34,Female
6674,Bernelle,Yablsley,byablsleyip@army.mil,0,
6675,Normand,Holdall,nholdalliq@creativecommons.org,28,Male
6676,Winslow,Folbige,wfolbigeir@themeforest.net,48 years,Male
6677,Maris,Simeoni,msimeoniis@comsenz.com,53,Female
6678,Jilleen,Skipsea,jskipseait@sfgate.com,33,F
6679,Winfred,Rawsthorne,wrawsthorneiu@google.fr,63,M
6680,Myrwyn,Cuttelar,mcuttelariv@reference.com,26,Male
6681,Raimondo,Clace,rclaceiw@wsj.com,53 years,Male
6682,Cornie,Saterweyte,csaterweyteix@geocities.com,55,M
6683,Chanda,Neill,cneilliy@hao123.com,56,F
6684,Brennen,Revan,brevaniz@technorati.com,37,M
6685,Eveline,Bubbins,ebubbinsj0@wordpress.org,29 years,Female
6686,Celie,Marcam,cmarcamj1@shop-pro.jp,54,Female
6687,Ashley,Muskett,amuskettj2@cnbc.com,26,Male
6688,Malia,Jollye,mjollyej3@bizjournals.com,36,Female
6689,Siobhan,Richemont,srichemontj4@msn.com,29 years,Female
6690,Dex,Leet,dleetj5@indiatimes.com,0,Male
6691,Calley,Ledamun,cledamunj6@marriott.com,37 years,Female
6692,Kellby,Mochan,kmochanj7@upenn.edu,45 years,Male
6693,Sella,Loads,sloadsj8@qq.com,52,Female
6694,Arley,Binns,abinnsj9@dyndns.org,42 years,Male
6695,Roxanna,Nance,rnanceja@zimbio.com,59,Female
6696,Carole,Scalia,cscaliajb@1688.com,42,F
6697,Carlin,Kitcher,ckitcherjc@netlog.com,28,Female
6698,Arel,Breazeall,abreazealljd@bloomberg.com,54,Male
6699,Jacintha,Skilbeck,jskilbeckje@sun.com,29,Female
6700,Dolph,Woodley,dwoodleyjf@google.ru,62,
6701,Jeromy,Stayte,jstaytejg@aboutads.info,28 years,Male
6702,Carie,Cleaveland,ccleavelandjh@gravatar.com,52 years,
6703,Yolanda,Frostdick,yfrostdickji@microsoft.com,55,Female
6704,Shalne,Golden,sgoldenjj@vistaprint.com,55,Female
6705,Peta,Pendleberry,ppendleberryjk@nymag.com,48 years,F
6706,Idette,Blewmen,iblewmenjl@plala.or.jp,42 years,Female
6707,Dyana,Abercromby,dabercrombyjm@hugedomains.com,47 years,Female
6708,Benetta,Brandsma,bbrandsmajn@ft.com,0,F
6709,Gilli,Thelwll,gthelwlljo@surveymonkey.com, years,Female
6710,Pammi,Fairbard,pfairbardjp@plala.or.jp,32,Female
6711,Shea,Klimkov,sklimkovjq@army.mil,0,Male
6712,Kimberli,Rosenshine,krosenshinejr@bravesites.com,32,Female
6713,Cahra,Heakins,cheakinsjs@state.gov,50 years,Female
6714,Caldwell,Wickwarth,cwickwarthjt@mac.com,62 years,M
6715,Annmaria,Wedgbrow,awedgbrowju@shop-pro.jp,65,Female
6716,Urbano,Jindrak,ujindrakjv@columbia.edu,65,
6717,Emilie,Dutnall,edutnalljw@google.ru,37,Female
6718,Vonnie,Draco,vdracojx@sun.com, years,Female
6719,Lila,Druhan,ldruhanjy@rediff.com,44 years,F
6720,Corie,Wise,cwisejz@utexas.edu,18,
6721,Blaine,Alven,balvenk0@gravatar.com,54 years,Male
6722,Hestia,Schulze,hschulzek1@wikispaces.com,0,Female
6723,Salaidh,McTavish,smctavishk2@slideshare.net,59,F
6724,Carlie,Wakelam,cwakelamk3@nih.gov,56,M
6725,Arline,Jon,ajonk4@wiley.com,54,F
6726,Clare,Duffree,cduffreek5@bloomberg.com,39,
6727,Marris,Kerkham,mkerkhamk6@stumbleupon.com,21,Female
6728,Brennan,Deveral,bdeveralk7@oaic.gov.au,50 years,M
6729,Reinhold,Lawlance,rlawlancek8@newsvine.com,23,Male
6730,Alfredo,Bridden,abriddenk9@360.cn,22,
6731,Neale,Zeplin,nzeplinka@flickr.com,18 years,Male
6732,Dotty,Hise,dhisekb@theguardian.com,0,Female
6733,Ray,Mugridge,rmugridgekc@uiuc.edu,29,Female
6734,Park,Marchi,pmarchikd@ning.com,44,M
6735,Trueman,Shattock,tshattockke@shop-pro.jp,55 years,Male
6736,Wenda,Siemandl,wsiemandlkf@posterous.com,62,
6737,Jamison,Baitey,jbaiteykg@nydailynews.com,52 years,
6738,Alanson,Wellbelove,awellbelovekh@histats.com,22,Male
6739,Hakim,Gabb,hgabbki@blinklist.com,52,Male
6740,Garey,Berecloth,gbereclothkj@mlb.com,31,M
6741,Lou,Hanhart,lhanhartkk@ibm.com,63,Male
6742,Cymbre,Zanelli,czanellikl@storify.com,39,F
6743,Perri,Bankhurst,pbankhurstkm@jugem.jp,0,
6744,Davie,Schettini,dschettinikn@hatena.ne.jp,40,Male
6745,Dotty,Ricciardo,dricciardoko@booking.com,50,F
6746,Eleanora,Pendlington,ependlingtonkp@feedburner.com,46 years,Female
6747,Rhodia,Bladge,rbladgekq@diigo.com,38,
6748,Katy,Ringham,kringhamkr@wordpress.org,32 years,Female
6749,Bryant,Heinschke,bheinschkeks@usa.gov,0,Male
6750,Adams,Peirce,apeircekt@bbc.co.uk,33 years,Male
6751,Pate,Fipp,pfippku@amazon.de,36,Male
6752,Ab,Pietroni,apietronikv@patch.com,22,Male
6753,Markos,O'Cullinane,mocullinanekw@mit.edu,56,Male
6754,Andrei,Bromilow,abromilowkx@arizona.edu,28,Female
6755,Jenn,Janauschek,jjanauschekky@wisc.edu,28,Female
6756,Manuel,Chalcot,mchalcotkz@1688.com,18,
6757,Cris,Beardsell,cbeardselll0@sogou.com,59,Female
6758,Halie,Ison,hisonl1@fema.gov,29,
6759,Mendy,Burnett,mburnettl2@istockphoto.com,23 years,Male
6760,Sansone,Symondson,ssymondsonl3@europa.eu,52,Male
6761,Ernestine,Ormistone,eormistonel4@goo.ne.jp,62,Female
6762,Kalil,Adess,kadessl5@xrea.com,64,Male
6763,Blinni,Panner,bpannerl6@indiatimes.com,39,Female
6764,Raimund,Baccup,rbaccupl7@live.com,39,Male
6765,Conrad,Bubbins,cbubbinsl8@bravesites.com,43,Male
6766,Rawley,Mounsey,rmounseyl9@gmpg.org,43,Male
6767,Tish,Bianco,tbiancola@shinystat.com,27,Female
6768,Willard,Whitta,wwhittalb@baidu.com,38,Male
6769,Flem,Cogle,fcoglelc@e-recht24.de,20,Male
6770,Waylon,Prestage,wprestageld@privacy.gov.au,20,Male
6771,Kori,Flemming,kflemmingle@soundcloud.com,47,Female
6772,Jillana,Eriksson,jerikssonlf@phoca.cz,0,
6773,Corbett,Brundrett,cbrundrettlg@webmd.com,0,Male
6774,Tamarah,Allbones,tallboneslh@weather.com,48 years,Female
6775,Clarette,Colquite,ccolquiteli@gravatar.com,48 years,F
6776,Ceciley,Peschet,cpeschetlj@seattletimes.com,23,
6777,Boy,Sibbs,bsibbslk@google.nl,54 years,Male
6778,Conni,McBryde,cmcbrydell@spiegel.de,58,F
6779,Stephana,Jiras,sjiraslm@ycombinator.com,25 years,F
6780,Harlie,Klimczak,hklimczakln@liveinternet.ru,0,Female
6781,Isidor,Penzer,ipenzerlo@simplemachines.org,38,Male
6782,Cassy,Angood,cangoodlp@businesswire.com,0,Female
6783,Saunder,Collaton,scollatonlq@elegantthemes.com,0,M
6784,Laureen,Bellini,lbellinilr@cnet.com, years,F
6785,Glad,Dedden,gdeddenls@japanpost.jp,23,Female
6786,Clare,Sclater,csclaterlt@columbia.edu,54,Male
6787,Kermit,Barneville,kbarnevillelu@issuu.com,48,
6788,Meredith,Lind,mlindlv@cam.ac.uk,51,F
6789,Dodi,Rate,dratelw@tripod.com,26,Female
6790,Beryle,Lovie,blovielx@phoca.cz,32,F
6791,Farlay,Beazley,fbeazleyly@is.gd,33 years,Male
6792,Mersey,Dunsmuir,mdunsmuirlz@dropbox.com,43,Female
6793,Keefer,Detheridge,kdetheridgem0@dot.gov,33 years,Male
6794,Rolando,Scorrer,rscorrerm1@clickbank.net,34,Male
6795,Guss,Burder,gburderm2@wikia.com,28,Male
6796,Chadd,Happel,chappelm3@auda.org.au,23,
6797,Poul,Puig,ppuigm4@seattletimes.com,35 years,Male
6798,Osgood,Wankling,owanklingm5@nsw.gov.au,36,Male
6799,Hi,Woodruffe,hwoodruffem6@dedecms.com,39,M
6800,Britni,Moretto,bmorettom7@dagondesign.com,0,Female
6801,Zebedee,Crockett,zcrockettm8@wikimedia.org,48,Male
6802,Stanfield,Saunier,ssaunierm9@cdbaby.com,18,Male
6803,Modestia,Formby,mformbyma@soup.io,29,Female
6804,Niel,Gilfether,ngilfethermb@ed.gov,54,Male
6805,Brod,Costar,bcostarmc@dedecms.com,48,M
6806,Tallie,Ruffle,trufflemd@ustream.tv,54,Male
6807,Oliviero,Gingel,ogingelme@comsenz.com,21 years,Male
6808,Maurise,Zuanazzi,mzuanazzimf@deliciousdays.com,49,Female
6809,Robbyn,Marriner,rmarrinermg@epa.gov,54 years,Female
6810,Aline,Riddlesden,ariddlesdenmh@bloglovin.com,43 years,Female
6811,Anett,Adlem,aadlemmi@mysql.com,18,F
6812,Koral,Semark,ksemarkmj@biglobe.ne.jp,22,Female
6813,Ilyssa,Barter,ibartermk@oracle.com,0,Female
6814,Lorrin,Proudley,lproudleyml@go.com,47 years,
6815,Quinlan,Retallick,qretallickmm@e-recht24.de,37,Male
6816,Valina,Sabattier,vsabattiermn@nhs.uk,57,F
6817,Letty,Rowlson,lrowlsonmo@buzzfeed.com,34 years,
6818,Laurent,De Mars,ldemarsmp@hao123.com,50,M
6819,Jennine,Logesdale,jlogesdalemq@berkeley.edu,19,Female
6820,Kayle,Dyzart,kdyzartmr@moonfruit.com, years,
6821,Giacopo,Heeron,gheeronms@google.de,34,
6822,Kenton,Bartles,kbartlesmt@miibeian.gov.cn,54,Male
6823,Wilhelmine,Pallaske,wpallaskemu@techcrunch.com,0,F
6824,Con,Thams,cthamsmv@bizjournals.com,60,
6825,Ely,Kinnier,ekinniermw@parallels.com,34,Male
6826,Cary,Crush,ccrushmx@blog.com,42,Male
6827,Shara,Colliss,scollissmy@blogspot.com,26 years,Female
6828,Ezra,Atcherley,eatcherleymz@hibu.com,45 years,M
6829,Averill,Cathcart,acathcartn0@mapy.cz,0,
6830,Eldon,Gummer,egummern1@so-net.ne.jp,49,Male
6831,Dennie,Nussen,dnussenn2@freewebs.com,45,Female
6832,Rena,Skiggs,rskiggsn3@wordpress.com,42 years,Female
6833,Gilbertina,Driussi,gdriussin4@skyrock.com,65,Female
6834,Christi,Paul,cpauln5@goo.gl,42,Female
6835,Hurley,Dyball,hdyballn6@deliciousdays.com,0,Male
6836,Inglis,Tweedie,itweedien7@behance.net,35,Male
6837,Ana,Wayon,awayonn8@comcast.net,60,
6838,Alleyn,Barnewelle,abarnewellen9@webmd.com,59 years,Male
6839,Addison,Storton,astortonna@angelfire.com,65,M
6840,Barb,Gorling,bgorlingnb@xrea.com,49,Female
6841,Verne,Bulmer,vbulmernc@pinterest.com,18,Male
6842,Robby,Hembry,rhembrynd@mit.edu,61,Male
6843,Frasquito,Sammars,fsammarsne@naver.com,58,M
6844,Lily,Edmeades,ledmeadesnf@smugmug.com,22,Female
6845,Pebrook,Brunsdon,pbrunsdonng@slate.com,41,Male
6846,Tanitansy,Filyakov,tfilyakovnh@studiopress.com,21,Female
6847,Blondy,Farraway,bfarrawayni@house.gov,42,Female
6848,Casper,Wiggins,cwigginsnj@blinklist.com,30 years,Male
6849,Maddie,De Moreno,mdemorenonk@barnesandnoble.com,52,
6850,Ritchie,Divers,rdiversnl@hostgator.com,48 years,Male
6851,Dallas,Redsall,dredsallnm@alibaba.com,57,Male
6852,Kit,Heninghem,kheninghemnn@comsenz.com,36,Female
6853,Bert,Stairs,bstairsno@odnoklassniki.ru,64,Female
6854,Brady,Narducci,bnarduccinp@nbcnews.com,0,
6855,Clemmie,Scandwright,cscandwrightnq@cornell.edu,64 years,F
6856,Gerrard,Surpliss,gsurplissnr@wp.com,59 years,M
6857,Johnny,Dumberell,jdumberellns@huffingtonpost.com,51,Male
6858,Jyoti,Raffon,jraffonnt@geocities.jp,56,Female
6859,Jordan,Vanetti,jvanettinu@geocities.jp,18 years,Male
6860,Erroll,Crimpe,ecrimpenv@nature.com,64,
6861,Elvis,Jess,ejessnw@addtoany.com,19,Male
6862,Tadd,Dodimead,tdodimeadnx@drupal.org,23,Male
6863,Vivyan,Lee,vleeny@uiuc.edu,0,Female
6864,Mayne,Ponceford,mponcefordnz@wikipedia.org,59,Male
6865,Renelle,Breadmore,rbreadmoreo0@bloglines.com,29,Female
6866,Art,Verrick,averricko1@zimbio.com,36,Male
6867,Elwyn,Dartnell,edartnello2@meetup.com,0,Male
6868,Rudolfo,Crowhurst,rcrowhursto3@hubpages.com,48,Male
6869,Teressa,Kershow,tkershowo4@samsung.com,26,Female
6870,Lyn,Risborough,lrisborougho5@abc.net.au,41,Female
6871,Aura,Gasperi,agasperio6@flickr.com,0,Female
6872,Ashlen,Mougenel,amougenelo7@yelp.com,18 years,Female
6873,Sarge,MacKee,smackeeo8@free.fr,50,Male
6874,Julianna,Unstead,junsteado9@yahoo.com,58,Female
6875,Witty,Lightollers,wlightollersoa@nasa.gov,34 years,Male
6876,Rosamond,Jencken,rjenckenob@vimeo.com,36,Female
6877,Cammi,Franseco,cfransecooc@surveymonkey.com,64,Female
6878,Yorker,Snelle,ysnelleod@nih.gov, years,Male
6879,Othella,Plumer,oplumeroe@mozilla.com,0,Female
6880,Fin,Aust,faustof@google.com.br, years,Male
6881,Piper,Halden,phaldenog@gmpg.org,30,F
6882,Margaux,Risbrough,mrisbroughoh@wufoo.com,45 years,Female
6883,Cherie,Colville,ccolvilleoi@guardian.co.uk,31,F
6884,Valerie,Bradburne,vbradburneoj@blog.com,58,
6885,Odette,Patnelli,opatnelliok@cbc.ca, years,Female
6886,Guss,Skerme,gskermeol@hc360.com,45,Male
6887,Rice,Verden,rverdenom@myspace.com,57,Male
6888,Elmira,Forlong,eforlongon@woothemes.com,21,Female
6889,Gratiana,Swetman,gswetmanoo@berkeley.edu,46,Female
6890,Giuseppe,Winnard,gwinnardop@livejournal.com,0,Male
6891,Jaquelyn,Strettle,jstrettleoq@tmall.com,60 years,F
6892,Ricard,Hesey,rheseyor@slashdot.org,51,M
6893,Hillyer,Cornelius,hcorneliusos@wired.com,21 years,Male
6894,Saunderson,Lassell,slassellot@mapy.cz,59 years,
6895,Freddy,LLelweln,fllelwelnou@live.com,25,Female
6896,Bren,Lonsdale,blonsdaleov@google.com.br,18,Male
6897,Delmor,Bentall,dbentallow@ycombinator.com,41,Male
6898,Amory,MacLennan,amaclennanox@example.com, years,Male
6899,Carrie,Faunt,cfauntoy@engadget.com,39 years,Female
6900,Dode,Connar,dconnaroz@businessweek.com,31,
6901,Janeta,Fair,jfairp0@dmoz.org,54,Female
6902,Nessi,Hayden,nhaydenp1@123-reg.co.uk,0,Female
6903,Moses,Lelliott,mlelliottp2@wiley.com,25,Male
6904,Marco,Burch,mburchp3@devhub.com,25,Male
6905,Lorain,Volette,lvolettep4@photobucket.com,29,Female
6906,Gavan,Haselwood,ghaselwoodp5@businesswire.com,24,M
6907,Kirsti,Fortnon,kfortnonp6@sciencedaily.com,44,F
6908,Grazia,Minchinden,gminchindenp7@mozilla.com,50,Female
6909,Tiebold,Salzburg,tsalzburgp8@friendfeed.com,64,M
6910,Elset,Huffadine,ehuffadinep9@wufoo.com,64,Female
6911,Adriaens,Beecham,abeechampa@jimdo.com,0,Female
6912,Felicio,Rojahn,frojahnpb@auda.org.au,29,M
6913,Edwina,Leney,eleneypc@google.cn,56,Female
6914,Nola,Stannas,nstannaspd@discuz.net,44,Female
6915,Drugi,Jeannard,djeannardpe@seattletimes.com,49,Male
6916,Michelle,Tindall,mtindallpf@tripadvisor.com,0,Female
6917,Adora,Vauls,avaulspg@purevolume.com,0,F
6918,Alaine,Smallacombe,asmallacombeph@quantcast.com,43 years,Female
6919,Adelind,Sparham,asparhampi@cargocollective.com,48 years,
6920,Gwen,Antusch,gantuschpj@opera.com,42,F
6921,Karen,Gasken,kgaskenpk@smh.com.au,0,Female
6922,Innis,Mapp,imapppl@liveinternet.ru,44,Male
6923,Ingmar,Clear,iclearpm@sun.com,0,M
6924,Krissie,Kinforth,kkinforthpn@reverbnation.com,26,Female
6925,Sonny,Freschini,sfreschinipo@com.com,56,
6926,Odille,Rainton,oraintonpp@privacy.gov.au, years,Female
6927,Henryetta,Kindall,hkindallpq@clickbank.net,0,F
6928,Loralee,Boynton,lboyntonpr@wufoo.com,0,Female
6929,Brennen,Brinklow,bbrinklowps@e-recht24.de, years,
6930,Theodor,Reddell,treddellpt@g.co,61,Male
6931,Dru,Drewes,ddrewespu@pagesperso-orange.fr,30,Female
6932,Yorke,Demageard,ydemageardpv@ucsd.edu,51,Male
6933,Bail,Ellacombe,bellacombepw@myspace.com,0,M
6934,Lynea,Hackney,lhackneypx@bizjournals.com,0,Female
6935,Tiebout,Benardette,tbenardettepy@seattletimes.com,55,M
6936,Maximilian,Berridge,mberridgepz@columbia.edu,0,M
6937,Warren,Findlay,wfindlayq0@sina.com.cn,31 years,Male
6938,Cosetta,Reynalds,creynaldsq1@house.gov,39,
6939,Griffie,Shenley,gshenleyq2@bluehost.com,42,Male
6940,Rustin,Covill,rcovillq3@gnu.org,63 years,Male
6941,Idell,Paxforde,ipaxfordeq4@privacy.gov.au,42,Female
6942,Tadeas,Rounsivall,trounsivallq5@cyberchimps.com,56,Male
6943,Patric,Smedmoor,psmedmoorq6@hubpages.com,0,
6944,Jeannette,Dent,jdentq7@chronoengine.com,0,Female
6945,Mace,De Maine,mdemaineq8@earthlink.net,23 years,M
6946,Cynthia,Fann,cfannq9@google.ca,44,Female
6947,Aleksandr,Prendergast,aprendergastqa@smh.com.au,52,Male
6948,Mead,Smellie,msmellieqb@phpbb.com,30,Male
6949,Sherry,Linguard,slinguardqc@google.co.uk,48 years,Female
6950,Dane,Murcott,dmurcottqd@sourceforge.net,20,Male
6951,Inga,Bausor,ibausorqe@php.net,27,Female
6952,Alaric,Dannell,adannellqf@list-manage.com,21,Male
6953,Neall,Dunton,nduntonqg@gov.uk,53 years,Male
6954,Gayelord,Trevethan,gtrevethanqh@mediafire.com,47 years,M
6955,Tim,Finlan,tfinlanqi@hubpages.com,26,Male
6956,Austin,Lemary,alemaryqj@arizona.edu,18,Female
6957,Duffy,Beau,dbeauqk@histats.com,28,M
6958,Marianne,Rosenfeld,mrosenfeldql@hugedomains.com,26 years,Female
6959,Theodor,Bradbury,tbradburyqm@imdb.com,53 years,
6960,Hew,Semple,hsempleqn@pcworld.com,40,Male
6961,Emmaline,Bydaway,ebydawayqo@yellowpages.com,43,F
6962,Claire,Stedmond,cstedmondqp@hexun.com,52,Male
6963,Dedie,Jirus,djirusqq@japanpost.jp,27,Female
6964,Rog,Cabrales,rcabralesqr@wikipedia.org,33,Male
6965,Jodi,Aleksankov,jaleksankovqs@acquirethisname.com,19,
6966,Leon,Laughnan,llaughnanqt@dailymotion.com,0,
6967,Bord,Bootton,bboottonqu@webnode.com,49,M
6968,Mara,Linggood,mlinggoodqv@skyrock.com,20,Female
6969,Coleman,Bullerwell,cbullerwellqw@unesco.org,19,Male
6970,Cordell,Alleyne,calleyneqx@columbia.edu,0,Male
6971,Jerry,De Carlo,jdecarloqy@youtu.be,48,Female
6972,Jeanie,Glusby,jglusbyqz@xrea.com,43 years,Female
6973,Cosimo,Stanworth,cstanworthr0@oracle.com,20,M
6974,Locke,Blazek,lblazekr1@soundcloud.com,22,Male
6975,Gaylor,Matfield,gmatfieldr2@phpbb.com,62,Male
6976,Olwen,McElane,omcelaner3@patch.com,61,Female
6977,Caren,Greenmon,cgreenmonr4@auda.org.au,40,Female
6978,Noe,Kastel,nkastelr5@buzzfeed.com,46,Male
6979,Nonah,Giblin,ngiblinr6@independent.co.uk,34 years,F
6980,Kamilah,Alster,kalsterr7@blinklist.com,53 years,Female
6981,Amalita,Gyorgy,agyorgyr8@clickbank.net,41,Female
6982,Morley,Fernier,mfernierr9@dion.ne.jp,33,Male
6983,Karlie,Davydenko,kdavydenkora@behance.net,34,Female
6984,Bev,Chaff,bchaffrb@npr.org,63 years,Female
6985,Lorrie,Bartalucci,lbartaluccirc@fda.gov,58,Female
6986,Ardelle,Ghiotto,aghiottord@cloudflare.com,52,Female
6987,Torry,Mulqueeny,tmulqueenyre@wp.com,0,Male
6988,Alisun,Bowller,abowllerrf@mail.ru,26 years,Female
6989,Jolie,Pountney,jpountneyrg@twitpic.com,31,Female
6990,Berny,Kleinstub,bkleinstubrh@addthis.com,46,F
6991,Urbano,Ranahan,uranahanri@icio.us,24,
6992,Joleen,Goulstone,jgoulstonerj@livejournal.com,57,Female
6993,Barbaraanne,Petken,bpetkenrk@cloudflare.com,34,Female
6994,Ernaline,Frankiss,efrankissrl@nyu.edu,47,Female
6995,Flory,Janko,fjankorm@addthis.com,29,M
6996,Artemis,Curnokk,acurnokkrn@gnu.org,52,Male
6997,Almeda,Gateman,agatemanro@webeden.co.uk,25,Female
6998,Kev,Hostan,khostanrp@hp.com,46 years,Male
6999,Rod,Lace,rlacerq@slashdot.org,18,Male
7000,Penni,De Blasio,pdeblasiorr@pen.io,28,Female
7001,Jada,Henryson,jhenryson0@cisco.com,54,
7002,Clarke,Spiers,cspiers1@netlog.com,50,Male
7003,Shaw,Liversidge,sliversidge2@biblegateway.com,53,Male
7004,Rachelle,Hele,rhele3@meetup.com,36,Female
7005,Julius,Curuclis,jcuruclis4@vinaora.com,54 years,Male
7006,Gwen,Wynne,gwynne5@biglobe.ne.jp,61,Female
7007,Kip,Guiet,kguiet6@addthis.com,49,Female
7008,Garik,Cattini,gcattini7@sfgate.com, years,M
7009,Lesley,Dansie,ldansie8@cdc.gov,34 years,Female
7010,Madge,Derisly,mderisly9@techcrunch.com,18,Female
7011,Davis,Obert,doberta@aboutads.info,31,Male
7012,Izak,Reade,ireadeb@stanford.edu,55 years,Male
7013,Thomasin,Adel,tadelc@auda.org.au,48,Female
7014,Gillie,Brydson,gbrydsond@symantec.com,61,Female
7015,Elene,Bordman,ebordmane@bluehost.com,62,F
7016,Nicola,Barkaway,nbarkawayf@surveymonkey.com,39,
7017,Arnold,Dreye,adreyeg@twitter.com,43,Male
7018,Burch,Lapre,blapreh@csmonitor.com,57,Male
7019,Kaylyn,McKinnon,kmckinnoni@prnewswire.com,27,F
7020,Imogen,De Cleen,idecleenj@engadget.com,45 years,Female
7021,Jerrome,Fishbourn,jfishbournk@vkontakte.ru,35,M
7022,Liana,Clifft,lclifftl@wordpress.com,38 years,Female
7023,Esteban,Wallace,ewallacem@theatlantic.com,56,M
7024,Virgil,Ruoff,vruoffn@parallels.com,45,M
7025,Alfred,Dixson,adixsono@ftc.gov,60,
7026,Ollie,Chettoe,ochettoep@mozilla.org,25,Male
7027,Maurita,McClurg,mmcclurgq@miitbeian.gov.cn,62,Female
7028,Merline,Rilston,mrilstonr@un.org,0,Female
7029,Tracy,Blacker,tblackers@reuters.com,39,Male
7030,Ondrea,Seth,osetht@unc.edu,61,
7031,Blondie,Baldazzi,bbaldazziu@latimes.com,56,Female
7032,Tove,Shelf,tshelfv@deliciousdays.com,35,
7033,Meggy,Tours,mtoursw@techcrunch.com, years,F
7034,Russ,Flavelle,rflavellex@ifeng.com,0,Male
7035,Essie,Storry,estorryy@mozilla.com,56,Female
7036,Wittie,Worsham,wworshamz@paypal.com,48,Male
7037,Cyril,Checcucci,ccheccucci10@fc2.com,40,
7038,Eugenio,Hummerston,ehummerston11@jigsy.com,39,
7039,Layney,Hyland,lhyland12@altervista.org,64,Female
7040,Florian,Aldcorne,faldcorne13@businesswire.com,41,
7041,Russell,Sharrem,rsharrem14@guardian.co.uk,24,
7042,Teodorico,Pennells,tpennells15@paypal.com,41,Male
7043,Fernandina,McAughtrie,fmcaughtrie16@1688.com,36,Female
7044,Eldredge,Dunge,edunge17@icq.com,19,Male
7045,Delmore,Jeens,djeens18@amazon.co.jp,62,Male
7046,Ash,Whittall,awhittall19@eepurl.com,22 years,Male
7047,Ula,Lamy,ulamy1a@mozilla.com,0,
7048,Queenie,Ashelford,qashelford1b@theatlantic.com,55,Female
7049,Shirley,Basek,sbasek1c@rediff.com,0,Female
7050,Winne,Hrinchenko,whrinchenko1d@nature.com,53,Female
7051,Maximilianus,Benoey,mbenoey1e@barnesandnoble.com,56 years,Male
7052,Gabriel,Sewell,gsewell1f@zdnet.com,37,Male
7053,Ferdy,Durrad,fdurrad1g@redcross.org,47,M
7054,Web,Keohane,wkeohane1h@drupal.org,39,Male
7055,Lemuel,Gallafant,lgallafant1i@yellowpages.com,19,M
7056,Charis,Mordaunt,cmordaunt1j@rambler.ru,34,F
7057,Agneta,Brimfield,abrimfield1k@canalblog.com,59,F
7058,Pegeen,Kopfen,pkopfen1l@hugedomains.com,64,F
7059,Jerrome,Millhouse,jmillhouse1m@chronoengine.com,47,Male
7060,Finley,Doul,fdoul1n@redcross.org,57,M
7061,Daisi,Baraclough,dbaraclough1o@phpbb.com,34,Female
7062,Carin,Americi,camerici1p@wikipedia.org,50,Female
7063,Mariquilla,Huntly,mhuntly1q@unicef.org,51,Female
7064,Ezequiel,Muzzi,emuzzi1r@wikia.com,50,Male
7065,Archy,Boykett,aboykett1s@unesco.org,31,Male
7066,Janaya,McCloid,jmccloid1t@virginia.edu,62,Female
7067,Bobbye,Staddom,bstaddom1u@ft.com,46 years,F
7068,Darby,Davidsen,ddavidsen1v@nbcnews.com,31,Female
7069,Christy,Garford,cgarford1w@typepad.com,55 years,Female
7070,Arlene,McGowing,amcgowing1x@baidu.com,51,Female
7071,Fairlie,Rimer,frimer1y@nasa.gov,38 years,
7072,Artus,McQuade,amcquade1z@apache.org,48,Male
7073,Salvidor,Colliber,scolliber20@accuweather.com,39 years,Male
7074,Kristoforo,Collelton,kcollelton21@reference.com,27,M
7075,Tuckie,Trenbey,ttrenbey22@meetup.com,24,Male
7076,Magdalen,Giacoboni,mgiacoboni23@guardian.co.uk,24,F
7077,Barrie,Kerswill,bkerswill24@tumblr.com,50,Female
7078,Allys,Peniman,apeniman25@walmart.com,33,F
7079,Tobe,Kreber,tkreber26@php.net,63,Male
7080,Marshall,Gobell,mgobell27@pagesperso-orange.fr,30,Male
7081,Mikel,Finlason,mfinlason28@disqus.com,44,Male
7082,Mendy,Cutten,mcutten29@berkeley.edu,33,Male
7083,Carlo,Serjeantson,cserjeantson2a@cnn.com,57,Male
7084,Harmony,Keitch,hkeitch2b@ovh.net,45,Female
7085,Huey,Hindge,hhindge2c@joomla.org,22,Male
7086,Rosabelle,Inmett,rinmett2d@wikipedia.org,65 years,Female
7087,Ina,Danit,idanit2e@acquirethisname.com,55,Female
7088,Putnem,Afonso,pafonso2f@spiegel.de,55,Male
7089,Ardys,Waggett,awaggett2g@sun.com, years,Female
7090,Doreen,MacIver,dmaciver2h@squarespace.com,27,Female
7091,Mercedes,Pol,mpol2i@shutterfly.com, years,Female
7092,Gussy,Clee,gclee2j@latimes.com,51,Female
7093,Virge,Tuckey,vtuckey2k@parallels.com,48 years,
7094,Kylila,Guilleton,kguilleton2l@wiley.com,30 years,Female
7095,Rouvin,Shall,rshall2m@163.com,59,M
7096,Bell,Vasilyonok,bvasilyonok2n@harvard.edu,27,
7097,Ignacius,Conway,iconway2o@zimbio.com,55,Male
7098,Carol-jean,Soane,csoane2p@paypal.com,28,Female
7099,Marvin,Oxenham,moxenham2q@paginegialle.it,43,Male
7100,Tracey,Fist,tfist2r@google.ru,32,Male
7101,Denney,Mapplethorpe,dmapplethorpe2s@youtube.com,20,Male
7102,Berni,Willes,bwilles2t@fc2.com,56 years,Female
7103,Karine,Moss,kmoss2u@facebook.com,34,Female
7104,Clarita,Beagrie,cbeagrie2v@de.vu,50 years,
7105,Esdras,Mantha,emantha2w@opera.com,40,Male
7106,Betsy,Emig,bemig2x@ifeng.com,43,Female
7107,Gwendolyn,Abramov,gabramov2y@blogs.com,28,F
7108,Sigismundo,Dummigan,sdummigan2z@naver.com,26,Male
7109,Joel,Caser,jcaser30@washington.edu,30 years,
7110,Allister,Elnaugh,aelnaugh31@comcast.net,58,Male
7111,Valentine,Cordelet,vcordelet32@goo.ne.jp,19,M
7112,Abbott,Pendrich,apendrich33@blogs.com,60,M
7113,Kean,Eberst,keberst34@ifeng.com,29,Male
7114,Claudio,Tommeo,ctommeo35@umn.edu,20,Male
7115,Alison,Yter,ayter36@yale.edu,38,Female
7116,Linzy,Sivier,lsivier37@dagondesign.com,28,Female
7117,Benton,Skynner,bskynner38@oakley.com,40,Male
7118,Galvin,Hitcham,ghitcham39@google.com.br,46,Male
7119,Viola,Baylis,vbaylis3a@rakuten.co.jp,59,Female
7120,Merci,De Freitas,mdefreitas3b@dion.ne.jp, years,Female
7121,Kimbra,Deport,kdeport3c@nps.gov,54,Female
7122,Nedda,Sinott,nsinott3d@hostgator.com,32,F
7123,Mattheus,Barstow,mbarstow3e@acquirethisname.com,48 years,Male
7124,Persis,Jakobssen,pjakobssen3f@cdc.gov,41 years,Female
7125,Lena,Durek,ldurek3g@cbc.ca,65,Female
7126,Jerad,Storek,jstorek3h@xing.com,18,Male
7127,Camella,Aseef,caseef3i@apple.com,56,Female
7128,Alister,Allbrook,aallbrook3j@adobe.com,33 years,Male
7129,Gale,Gergler,ggergler3k@sogou.com,25,Female
7130,Raviv,Weine,rweine3l@gizmodo.com,21,Male
7131,Wait,Naish,wnaish3m@cornell.edu,39,Male
7132,Mariele,Petroselli,mpetroselli3n@theatlantic.com,0,
7133,Siusan,Gunny,sgunny3o@istockphoto.com,60,Female
7134,Sib,Buxsy,sbuxsy3p@imgur.com,37 years,Female
7135,Robinet,Attenbrough,rattenbrough3q@is.gd,43 years,Female
7136,Deanne,Moncreiff,dmoncreiff3r@mapquest.com,0,Female
7137,Temp,Nelligan,tnelligan3s@joomla.org,51 years,
7138,Galven,Domengue,gdomengue3t@usda.gov,54,Male
7139,Ingaborg,Frusher,ifrusher3u@rambler.ru,55,Female
7140,Kennith,MattiCCI,kmatticci3v@hibu.com,51,M
7141,Vally,Georgelin,vgeorgelin3w@wikispaces.com,21,F
7142,Ladonna,Unworth,lunworth3x@dion.ne.jp,18,Female
7143,Steffen,Fihelly,sfihelly3y@github.com,58,Male
7144,Linnie,McPake,lmcpake3z@xinhuanet.com,35,
7145,Gustavo,Andreacci,gandreacci40@dmoz.org,24,M
7146,Emmet,Monger,emonger41@google.ca,44,
7147,Arnie,Brunet,abrunet42@aol.com,24,
7148,Esteban,Isherwood,eisherwood43@admin.ch,27,Male
7149,Edith,Merredy,emerredy44@symantec.com,0,Female
7150,Esmaria,St. Aubyn,estaubyn45@soundcloud.com,48,Female
7151,Iago,Karolewski,ikarolewski46@pbs.org,30,Male
7152,Christoforo,Adnett,cadnett47@huffingtonpost.com,34,Male
7153,Lilyan,Bradford,lbradford48@liveinternet.ru,0,Female
7154,Davie,Killelea,dkillelea49@homestead.com,0,Male
7155,Elna,Gillooly,egillooly4a@jugem.jp,43,Female
7156,Lay,Januszkiewicz,ljanuszkiewicz4b@hao123.com,37,Male
7157,Elden,Upstell,eupstell4c@ezinearticles.com,22,Male
7158,Taber,Every,tevery4d@lycos.com,46,M
7159,Hannah,Maith,hmaith4e@sohu.com,52,Female
7160,Olva,Scawen,oscawen4f@nymag.com, years,Female
7161,Hammad,Elcott,helcott4g@unesco.org,24,Male
7162,Elia,Meikle,emeikle4h@ovh.net,55,Male
7163,Freddie,Belz,fbelz4i@so-net.ne.jp,59 years,Male
7164,Trey,Macey,tmacey4j@army.mil,54,Male
7165,Damiano,Veivers,dveivers4k@washingtonpost.com,32,Male
7166,Filmore,Vallender,fvallender4l@com.com,42,Male
7167,Jennine,Kearton,jkearton4m@discovery.com,40 years,
7168,Gregoire,Titchard,gtitchard4n@adobe.com,59 years,Male
7169,Lew,Dochon,ldochon4o@cpanel.net,37 years,Male
7170,Jo,Dilnot,jdilnot4p@goodreads.com,65,Male
7171,Joycelin,Lambot,jlambot4q@so-net.ne.jp,29,F
7172,Wally,Batrop,wbatrop4r@intel.com,19,Male
7173,Emmett,Alessandone,ealessandone4s@issuu.com,36 years,Male
7174,Giuditta,Schult,gschult4t@prnewswire.com,0,Female
7175,Rachael,Gregor,rgregor4u@soundcloud.com,35 years,
7176,Jsandye,Coulthard,jcoulthard4v@sbwire.com,19,Female
7177,Sherie,Vassie,svassie4w@scientificamerican.com,64,Female
7178,Myrta,Vakhonin,mvakhonin4x@blog.com,40,Female
7179,Deane,Clackers,dclackers4y@networksolutions.com,60,Male
7180,Alethea,Osbaldeston,aosbaldeston4z@ezinearticles.com,42,Female
7181,Nikolos,Bassett,nbassett50@biglobe.ne.jp,20,Male
7182,Lissa,Ranscombe,lranscombe51@umich.edu,0,Female
7183,Rasia,Hissett,rhissett52@acquirethisname.com, years,
7184,Andonis,Sommerfeld,asommerfeld53@php.net,48,Male
7185,Lishe,Gladdor,lgladdor54@mashable.com,61,
7186,Cristy,Parks,cparks55@indiatimes.com,61,
7187,Dorree,Axston,daxston56@livejournal.com,0,F
7188,Tonye,Cansdell,tcansdell57@instagram.com,37,Female
7189,Joachim,Gile,jgile58@ovh.net,23,Male
7190,Hughie,Larby,hlarby59@howstuffworks.com,22,Male
7191,Jeni,Harris,jharris5a@angelfire.com,49 years,
7192,Hadrian,Fallawe,hfallawe5b@pbs.org,31,M
7193,Steffie,Friedman,sfriedman5c@google.co.jp,24,F
7194,Marney,Neward,mneward5d@wp.com,44,Female
7195,Alexa,Eayres,aeayres5e@hexun.com,36,Female
7196,Ennis,Manus,emanus5f@google.ru,47,Male
7197,Gradey,Kleinstein,gkleinstein5g@thetimes.co.uk,0,
7198,Hewie,Goody,hgoody5h@virginia.edu,33,Male
7199,Ilene,Zukerman,izukerman5i@typepad.com,51,Female
7200,Robert,Brownlea,rbrownlea5j@slashdot.org,44,Male
7201,Etheline,Gunby,egunby5k@disqus.com,29 years,F
7202,Rafaello,Borrow,rborrow5l@skype.com,57,Male
7203,Candi,Ruslinge,cruslinge5m@drupal.org,21,Female
7204,Roma,Fouracre,rfouracre5n@technorati.com,53,Male
7205,Serene,Tewelson,stewelson5o@java.com,36,Female
7206,Farlay,Zavittieri,fzavittieri5p@samsung.com,44,M
7207,Jamie,Wigan,jwigan5q@over-blog.com,24,F
7208,Natalee,Lief,nlief5r@mozilla.org,18 years,Female
7209,Marco,Boyford,mboyford5s@nydailynews.com,64 years,
7210,Laura,Thirtle,lthirtle5t@shareasale.com,59,Female
7211,Geno,Currell,gcurrell5u@smh.com.au,24 years,Male
7212,Donna,Halbard,dhalbard5v@surveymonkey.com,54,Female
7213,Hart,Kubecka,hkubecka5w@ask.com,44 years,Male
7214,Malissa,Mendus,mmendus5x@princeton.edu,52,Female
7215,Meriel,Wilne,mwilne5y@symantec.com,29 years,Female
7216,Brett,Smalecombe,bsmalecombe5z@rambler.ru,27,Female
7217,Reuben,Saller,rsaller60@upenn.edu,31,
7218,Johannah,Ayllett,jayllett61@deviantart.com,0,Female
7219,Jemmie,Loving,jloving62@youtu.be,63,Female
7220,Anderson,Roome,aroome63@go.com,49,M
7221,Lianne,Howling,lhowling64@sfgate.com,25,F
7222,Wilhelm,Boldison,wboldison65@ebay.co.uk,43,Male
7223,Carlyn,Shakespear,cshakespear66@mediafire.com,51,Female
7224,Bard,Poile,bpoile67@mit.edu,40,Male
7225,Vassili,Barras,vbarras68@umn.edu,28 years,M
7226,Linus,Trowsdale,ltrowsdale69@jimdo.com,26,
7227,Kiele,Melling,kmelling6a@blogs.com,45 years,
7228,Payton,Bitten,pbitten6b@newyorker.com,48,Male
7229,Diarmid,Parlatt,dparlatt6c@google.it,38,Male
7230,Sybilla,Podmore,spodmore6d@a8.net,0,
7231,Bess,Render,brender6e@kickstarter.com,46,Female
7232,Tobias,Collinette,tcollinette6f@newyorker.com,63,Male
7233,Micheline,Greenleaf,mgreenleaf6g@amazonaws.com,41 years,Female
7234,Robbie,Swaine,rswaine6h@usda.gov,0,Male
7235,Hugibert,Finlow,hfinlow6i@jiathis.com,34,Male
7236,Jamaal,Whylie,jwhylie6j@51.la,55,Male
7237,Lib,Aspin,laspin6k@wufoo.com,61,Female
7238,Issi,Carlos,icarlos6l@nifty.com,31,Female
7239,Barbette,Martindale,bmartindale6m@npr.org,50,Female
7240,Leo,Twigge,ltwigge6n@cisco.com,0,M
7241,Judie,Rennick,jrennick6o@liveinternet.ru,53,F
7242,Harp,Pervoe,hpervoe6p@google.co.uk,46,Male
7243,Mada,Winnett,mwinnett6q@exblog.jp,35 years,Female
7244,Hubie,Woodyer,hwoodyer6r@wikimedia.org,32,Male
7245,Dare,Waltering,dwaltering6s@discuz.net,50,Male
7246,Clovis,Burmaster,cburmaster6t@ocn.ne.jp,36,Female
7247,Georgie,Hum,ghum6u@ameblo.jp,19,Male
7248,Ronna,Van de Castele,rvandecastele6v@baidu.com,25,F
7249,Dreddy,Heak,dheak6w@phoca.cz,42,
7250,Devland,Izaks,dizaks6x@rediff.com,39,Male
7251,Donall,Gounod,dgounod6y@loc.gov,58 years,Male
7252,Gherardo,Tayspell,gtayspell6z@europa.eu,46,Male
7253,Philly,Moger,pmoger70@netlog.com,0,F
7254,Cecilius,Hobbema,chobbema71@reddit.com,19,Male
7255,Rianon,Runnett,rrunnett72@nymag.com,51 years,Female
7256,Harley,Troillet,htroillet73@house.gov,34,Male
7257,Doria,Littefair,dlittefair74@army.mil,30,F
7258,Pavla,Cliff,pcliff75@foxnews.com,53,Female
7259,Jeremy,Urian,jurian76@mac.com,28,Male
7260,Miran,Crossgrove,mcrossgrove77@nih.gov,19,Female
7261,Bill,Seater,bseater78@hostgator.com, years,Female
7262,Shandeigh,Aisbett,saisbett79@surveymonkey.com,48,Female
7263,Claudell,Du Plantier,cduplantier7a@histats.com,51,Male
7264,Barbara-anne,Canning,bcanning7b@scientificamerican.com,0,Female
7265,Bordie,Craxford,bcraxford7c@blog.com,24,Male
7266,Melany,Kubas,mkubas7d@sfgate.com,51 years,
7267,Prentice,Grafton-Herbert,pgraftonherbert7e@ehow.com,0,Male
7268,Nanete,Cool,ncool7f@sohu.com,29,Female
7269,Christi,Grouen,cgrouen7g@bing.com,59,Female
7270,Noemi,Wragge,nwragge7h@seesaa.net,52 years,Female
7271,Belle,Gentle,bgentle7i@seesaa.net,26,Female
7272,Mitchael,Georgelin,mgeorgelin7j@wikipedia.org,33,Male
7273,Terry,Herreran,therreran7k@walmart.com,54,Male
7274,Nanete,Espinho,nespinho7l@ucoz.com,24,F
7275,Gabriellia,Menhenitt,gmenhenitt7m@mozilla.com,30,Female
7276,Marylinda,Lucy,mlucy7n@usda.gov,19,Female
7277,Agnella,Clawe,aclawe7o@google.ru,55 years,Female
7278,Yoko,Matskiv,ymatskiv7p@creativecommons.org,36 years,Female
7279,Morley,Spinas,mspinas7q@irs.gov,24,Male
7280,Griff,Lammers,glammers7r@diigo.com,34,M
7281,Edythe,Boydell,eboydell7s@weather.com,19,Female
7282,Margalit,Drysdall,mdrysdall7t@nydailynews.com,24,Female
7283,Yorke,Thurley,ythurley7u@exblog.jp,59,Male
7284,Elsa,Etchell,eetchell7v@rediff.com,44,F
7285,Alard,Diss,adiss7w@friendfeed.com,21 years,Male
7286,Bernardina,Streatley,bstreatley7x@soundcloud.com,52,F
7287,Virgie,Pavie,vpavie7y@squidoo.com,48,M
7288,Corenda,Dael,cdael7z@omniture.com,38,Female
7289,Kayle,Kerswell,kkerswell80@vk.com,65,Female
7290,Sheppard,Mc Menamin,smcmenamin81@sakura.ne.jp, years,Male
7291,Smitty,Braznell,sbraznell82@desdev.cn,58,Male
7292,Matilde,Perryman,mperryman83@cdbaby.com,64,Female
7293,Gillie,Kaes,gkaes84@sohu.com,58,Female
7294,Colby,Hewins,chewins85@webnode.com,57,M
7295,Emerson,Pulfer,epulfer86@lycos.com,42 years,Male
7296,Humfried,Karolowski,hkarolowski87@rambler.ru,45,M
7297,Toinette,Fintoph,tfintoph88@woothemes.com,20 years,Female
7298,Madalyn,MacAiline,mmacailine89@salon.com,56,Female
7299,Fenelia,Irwin,firwin8a@nationalgeographic.com,23,Female
7300,Leonie,Gruszczak,lgruszczak8b@latimes.com,60 years,Female
7301,Nike,Harder,nharder8c@histats.com,45,F
7302,Samaria,O'Nowlan,sonowlan8d@state.gov,42,F
7303,Del,Whitmore,dwhitmore8e@delicious.com,27,Male
7304,Dominic,Alderwick,dalderwick8f@bing.com,29,
7305,Filberto,MacDavitt,fmacdavitt8g@cam.ac.uk,40,Male
7306,Gearard,Chave,gchave8h@ehow.com,50 years,Male
7307,Maisie,Pigot,mpigot8i@go.com,50,F
7308,Britt,Rubke,brubke8j@technorati.com,57,M
7309,Willy,Robb,wrobb8k@mapy.cz,65,
7310,Darnall,Nuccii,dnuccii8l@yolasite.com,39,Male
7311,Alec,Rydings,arydings8m@biglobe.ne.jp,29,Male
7312,Artair,Crasford,acrasford8n@tiny.cc,53,Male
7313,Neda,Gummer,ngummer8o@github.com,58,F
7314,Nollie,Keir,nkeir8p@sun.com,53,Female
7315,Olimpia,Lodder,olodder8q@de.vu,46 years,Female
7316,Malory,Roches,mroches8r@cdc.gov,47,Female
7317,Electra,Bristow,ebristow8s@yellowpages.com,28,Female
7318,Leigh,Rheaume,lrheaume8t@opera.com,34,Male
7319,Ingaberg,Dellenbach,idellenbach8u@businessinsider.com,64,
7320,Hiram,Goldby,hgoldby8v@cafepress.com,30,
7321,Doralyn,McLeoid,dmcleoid8w@marketwatch.com,23,Female
7322,Cookie,Armstrong,carmstrong8x@spiegel.de,51,Female
7323,Trudy,Vaillant,tvaillant8y@fc2.com,21,Female
7324,Sarah,Codling,scodling8z@amazonaws.com,49,Female
7325,Yehudit,Adams,yadams90@pen.io, years,M
7326,Reinald,Albasini,ralbasini91@techcrunch.com,40,M
7327,Garv,Blackborow,gblackborow92@google.de,42,Male
7328,Loni,Jablonski,ljablonski93@archive.org,65,Female
7329,Christen,Bassil,cbassil94@yahoo.co.jp,25 years,Female
7330,Madelina,Cutajar,mcutajar95@skyrock.com,46,Female
7331,Etta,Ferreli,eferreli96@lulu.com,39,Female
7332,Pammy,Harewood,pharewood97@hao123.com,54,Female
7333,Wright,Pickett,wpickett98@fc2.com,35,M
7334,Anna-diane,Volkers,avolkers99@cafepress.com,41,Female
7335,Bronnie,Johnigan,bjohnigan9a@blogspot.com,58,M
7336,Florry,Bullon,fbullon9b@google.co.jp,21,Female
7337,Denys,de Merida,ddemerida9c@lycos.com,37,Female
7338,Marinna,Moorton,mmoorton9d@jimdo.com,36,Female
7339,Ahmad,Hefferon,ahefferon9e@shop-pro.jp,55 years,Male
7340,Korie,Grgic,kgrgic9f@printfriendly.com,31,Female
7341,Ricardo,Zavattero,rzavattero9g@mozilla.com,45,Male
7342,Bamby,Rosgen,brosgen9h@pinterest.com,0,Female
7343,Miles,Gerant,mgerant9i@posterous.com,0,M
7344,Moira,Petriello,mpetriello9j@aboutads.info,52,Female
7345,Cliff,Blowes,cblowes9k@constantcontact.com,19,M
7346,Donia,Conre,dconre9l@smh.com.au,19,Female
7347,Catriona,Arndell,carndell9m@deviantart.com,34,Female
7348,Julee,De Roos,jderoos9n@discuz.net,27,F
7349,Avigdor,Almeida,aalmeida9o@macromedia.com,27,
7350,Vito,Jasiak,vjasiak9p@dmoz.org,40,Male
7351,Freddy,Garces,fgarces9q@1und1.de,23,M
7352,Llewellyn,Bachmann,lbachmann9r@flickr.com,60,M
7353,Christopher,Tydd,ctydd9s@msu.edu,28,
7354,Meaghan,Serrell,mserrell9t@pinterest.com,60,Female
7355,Sebastien,Safe,ssafe9u@va.gov,39,Male
7356,Myrvyn,Staten,mstaten9v@cmu.edu,20 years,Male
7357,Eamon,Aggott,eaggott9w@php.net,40,M
7358,Clerkclaude,Norris,cnorris9x@elpais.com,63,Male
7359,Anatol,Wittleton,awittleton9y@spiegel.de,51,
7360,Hadlee,Benzi,hbenzi9z@twitter.com,42,
7361,Lonee,Balogun,lbaloguna0@msn.com,51 years,Female
7362,Sullivan,Crossan,scrossana1@zimbio.com,59,Male
7363,Yasmin,Challener,ychallenera2@unblog.fr,40,Female
7364,Ferdinande,Groll,fgrolla3@cocolog-nifty.com,60,F
7365,Georgena,Cains,gcainsa4@google.com,25 years,Female
7366,Ive,Ritter,irittera5@biglobe.ne.jp, years,Male
7367,Winny,Skarman,wskarmana6@wp.com,29,Female
7368,Thaddus,MacGee,tmacgeea7@gmpg.org,59,
7369,Wendy,Herche,wherchea8@chron.com,42 years,F
7370,Jeanelle,Dallison,jdallisona9@bbc.co.uk,0,Female
7371,Morris,Mockford,mmockfordaa@epa.gov,20,M
7372,Tamarah,Gettens,tgettensab@samsung.com,57,Female
7373,Dianemarie,Giurio,dgiurioac@opera.com,57,Female
7374,Jae,Rablen,jrablenad@java.com,57,Male
7375,Thibaud,Rawles,trawlesae@cnn.com,52,Male
7376,Tucky,Senior,tsenioraf@bravesites.com,37,Male
7377,Zara,Dreng,zdrengag@microsoft.com,46,Female
7378,Elsey,Bladen,ebladenah@a8.net,0,Female
7379,Douglass,Hunnam,dhunnamai@zdnet.com,23 years,Male
7380,Virginie,Freeborn,vfreebornaj@arizona.edu,0,Female
7381,Devora,Alvy,dalvyak@wikia.com,30,F
7382,Nev,Lashford,nlashfordal@infoseek.co.jp,64 years,Male
7383,Annemarie,Kedward,akedwardam@qq.com,64,Female
7384,Lark,Kinman,lkinmanan@apache.org,53,
